// Échantillon de voix Voxtral (µ-law 16 kHz) — DIAG TEMPORAIRE.
// Généré depuis last_tts.wav pour valider la lecture de VOIX sur le HP.
#pragma once
#include <stdint.h>
constexpr size_t VOICE_SAMPLE_LEN = 40000;
const uint8_t VOICE_SAMPLE_ULAW[VOICE_SAMPLE_LEN] = {
    0x7A, 0xF8, 0xF1, 0xF0, 0xF1, 0xF6, 0xF9, 0xFD, 0x7B, 0x7A, 0x7A, 0x7D, 0xFF, 0xFD, 0xFC, 0xFA,
    0xF8, 0xF9, 0xFB, 0xFF, 0x7D, 0x7C, 0x79, 0x79, 0x77, 0x78, 0x79, 0xFE, 0xF8, 0xF1, 0xF1, 0xF5,
    0xF8, 0xFE, 0x7A, 0x7A, 0x77, 0x7A, 0x7D, 0xFC, 0xFA, 0xFD, 0x7D, 0x7D, 0x7D, 0xFE, 0xFA, 0xF6,
    0xF6, 0xF9, 0xFF, 0x7A, 0x75, 0x72, 0x72, 0x74, 0x7B, 0xFE, 0xF9, 0xF9, 0xFB, 0xFE, 0x7A, 0x75,
    0x73, 0x73, 0x75, 0x79, 0x7D, 0xFC, 0xF9, 0xF8, 0xF6, 0xF6, 0xF8, 0x7D, 0x72, 0x6E, 0x6C, 0x6E,
    0x74, 0x7C, 0xF9, 0xF8, 0xF8, 0xFA, 0xFD, 0xFF, 0x7D, 0x7D, 0xFF, 0xFE, 0xFF, 0x7D, 0x79, 0x79,
    0x79, 0x7A, 0x7A, 0x7A, 0x79, 0x77, 0x77, 0x79, 0x7C, 0xFE, 0xFC, 0xF8, 0xF6, 0xF9, 0xFE, 0x7A,
    0x76, 0x74, 0x73, 0x77, 0x7E, 0xF9, 0xF1, 0xEE, 0xED, 0xF0, 0xF6, 0xFB, 0x7D, 0x76, 0x73, 0x73,
    0x75, 0x7A, 0xFF, 0xFC, 0xF9, 0xF6, 0xF5, 0xF3, 0xF4, 0xF5, 0xF9, 0xFE, 0x7C, 0x7A, 0x7A, 0x7C,
    0xFF, 0xFD, 0xF8, 0xF7, 0xF5, 0xF3, 0xF1, 0xF5, 0xF8, 0xFC, 0x7C, 0x79, 0x74, 0x73, 0x74, 0x78,
    0xFF, 0xF8, 0xF5, 0xF5, 0xF6, 0xF8, 0xFC, 0x7E, 0x7D, 0x7C, 0xFE, 0xFB, 0xF6, 0xF6, 0xF8, 0xFA,
    0xFE, 0x7B, 0x7B, 0x7A, 0x7D, 0x7E, 0xFC, 0xFA, 0xFB, 0xFF, 0x7B, 0x78, 0x76, 0x78, 0x7C, 0xFA,
    0xF5, 0xF4, 0xFB, 0xFE, 0x7D, 0x7E, 0xFF, 0xFE, 0xFD, 0xFE, 0xFF, 0x7C, 0x7B, 0x7C, 0xFF, 0xFE,
    0xFF, 0xFF, 0x7B, 0x76, 0x71, 0x6E, 0x6F, 0x73, 0x78, 0xFF, 0xFA, 0xF8, 0xF6, 0xF9, 0xFC, 0xFF,
    0x7C, 0x79, 0x74, 0x73, 0x71, 0x72, 0x74, 0x77, 0x7C, 0xFF, 0xFF, 0x78, 0x6F, 0x6A, 0x67, 0x66,
    0x69, 0x6C, 0x71, 0x7C, 0xFA, 0xF7, 0xFA, 0xFF, 0x7C, 0x79, 0x77, 0x76, 0x71, 0x70, 0x6F, 0x6F,
    0x70, 0x74, 0x78, 0x7D, 0x7C, 0x7B, 0x79, 0x76, 0x74, 0x71, 0x73, 0x75, 0x7A, 0x7D, 0x7E, 0x7D,
    0x7D, 0x7B, 0x7A, 0x77, 0x77, 0x7A, 0x7D, 0x7E, 0x7E, 0x7E, 0xFE, 0x7E, 0x7C, 0x78, 0x75, 0x75,
    0x78, 0x7A, 0x7D, 0x7D, 0xFF, 0x7E, 0x7E, 0xFD, 0xF9, 0xF2, 0xF2, 0xF3, 0xF6, 0xFD, 0x7C, 0x78,
    0x77, 0x79, 0xFF, 0xFB, 0xF9, 0xF6, 0xF5, 0xF5, 0xF3, 0xF4, 0xF9, 0xFB, 0x7D, 0x79, 0x76, 0x79,
    0xFE, 0xF3, 0xEE, 0xEE, 0xEF, 0xF3, 0xF5, 0xF8, 0xFF, 0xFF, 0x7E, 0xFC, 0xFA, 0xF9, 0xF8, 0xF4,
    0xEF, 0xEF, 0xF1, 0xF7, 0xF9, 0xF9, 0xFA, 0xF8, 0xF5, 0xF1, 0xEF, 0xEC, 0xEA, 0xEB, 0xED, 0xF0,
    0xF1, 0xF4, 0xF7, 0xF5, 0xF9, 0xF8, 0xFC, 0xFD, 0xFF, 0x7C, 0x7A, 0x7E, 0xF9, 0xED, 0xE7, 0xE5,
    0xE3, 0xE4, 0xE9, 0xEE, 0xFB, 0x7B, 0x78, 0x7A, 0x7E, 0xFD, 0xF6, 0xEF, 0xEC, 0xEA, 0xE9, 0xE9,
    0xEA, 0xEF, 0xFD, 0x6F, 0x68, 0x67, 0x6B, 0x78, 0xEE, 0xE1, 0xDC, 0xDE, 0xE6, 0xF2, 0x7D, 0xFD,
    0xF8, 0xF4, 0xF0, 0xEF, 0xF0, 0xF8, 0x7A, 0x73, 0x6F, 0x70, 0x73, 0x76, 0x74, 0x6E, 0x69, 0x67,
    0x68, 0x6A, 0x6C, 0x69, 0x68, 0x65, 0x66, 0x6C, 0x76, 0xF9, 0xF3, 0xF6, 0xFB, 0x79, 0x6C, 0x64,
    0x60, 0x5F, 0x61, 0x65, 0x6C, 0x75, 0xFC, 0xF0, 0xEF, 0xF3, 0xFE, 0x72, 0x6A, 0x63, 0x60, 0x5F,
    0x61, 0x67, 0x6F, 0xFF, 0xEF, 0xE9, 0xE7, 0xE8, 0xEC, 0xFD, 0x6C, 0x5F, 0x59, 0x57, 0x5A, 0x61,
    0x74, 0xED, 0xE2, 0xDF, 0xE0, 0xEB, 0xFE, 0x69, 0x60, 0x5D, 0x5D, 0x61, 0x6A, 0x73, 0xF6, 0xEB,
    0xE6, 0xE6, 0xE7, 0xEC, 0xF8, 0x6F, 0x66, 0x5F, 0x5D, 0x5E, 0x60, 0x69, 0x77, 0xF2, 0xE9, 0xE6,
    0xE6, 0xEF, 0x7B, 0x6B, 0x64, 0x62, 0x63, 0x67, 0x6E, 0xFF, 0xF7, 0xEE, 0xED, 0xE7, 0xE3, 0xE3,
    0xE7, 0xEF, 0xFF, 0x6E, 0x67, 0x64, 0x65, 0x6E, 0x7E, 0xEE, 0xE8, 0xE7, 0xE8, 0xEA, 0xEC, 0xF0,
    0xEF, 0xF0, 0xF4, 0xFB, 0x77, 0x74, 0x76, 0xFF, 0xF3, 0xEF, 0xEE, 0xF0, 0xF6, 0x7A, 0x70, 0x6E,
    0x6F, 0x7A, 0xF8, 0xEE, 0xEA, 0xEA, 0xEB, 0xEA, 0xE8, 0xEA, 0xED, 0xEF, 0xF8, 0x74, 0x6D, 0x6D,
    0x70, 0xF8, 0xEA, 0xE1, 0xDF, 0xE0, 0xE6, 0xEE, 0xFF, 0x73, 0x6C, 0x6D, 0x6F, 0x79, 0xFB, 0xEF,
    0xE7, 0xDE, 0xDB, 0xDC, 0xE1, 0xEF, 0x77, 0x67, 0x61, 0x5F, 0x63, 0x6F, 0xEF, 0xDE, 0xDA, 0xD8,
    0xDB, 0xE2, 0xEC, 0xFF, 0x6D, 0x69, 0x67, 0x6C, 0x78, 0xF9, 0xEB, 0xE8, 0xE4, 0xE3, 0xE2, 0xE4,
    0xE9, 0xF0, 0x7A, 0x6B, 0x67, 0x65, 0x65, 0x6C, 0x74, 0xFA, 0xEE, 0xEA, 0xE8, 0xE8, 0xEA, 0xED,
    0xEF, 0xEF, 0xF6, 0xFE, 0x70, 0x6B, 0x65, 0x64, 0x67, 0x6C, 0x78, 0xFE, 0xFB, 0xF6, 0xEF, 0xEA,
    0xEC, 0xEF, 0xF9, 0x76, 0x6E, 0x69, 0x65, 0x63, 0x66, 0x6E, 0x7B, 0xF7, 0xED, 0xE8, 0xE4, 0xE6,
    0xEC, 0xF9, 0x6F, 0x67, 0x5F, 0x5E, 0x60, 0x69, 0x77, 0xF5, 0xE9, 0xE3, 0xE3, 0xE7, 0xF0, 0x79,
    0x6C, 0x65, 0x5B, 0x59, 0x5A, 0x63, 0x7E, 0xE2, 0xDA, 0xD9, 0xDD, 0xEB, 0x6C, 0x5B, 0x53, 0x50,
    0x51, 0x57, 0x5F, 0x70, 0xEE, 0xE1, 0xDC, 0xDA, 0xDB, 0xE6, 0x7A, 0x60, 0x57, 0x51, 0x51, 0x5A,
    0x6B, 0xE8, 0xD6, 0xD0, 0xD1, 0xD9, 0xEC, 0x64, 0x54, 0x4E, 0x4D, 0x4F, 0x56, 0x5F, 0x78, 0xE9,
    0xDE, 0xDC, 0xDD, 0xE1, 0xEC, 0x75, 0x65, 0x5E, 0x5C, 0x5D, 0x62, 0x70, 0xED, 0xDE, 0xD8, 0xD7,
    0xD9, 0xE4, 0x7D, 0x60, 0x5A, 0x56, 0x56, 0x5C, 0x68, 0xF6, 0xE1, 0xDB, 0xD7, 0xD6, 0xD7, 0xDB,
    0xE5, 0xFD, 0x61, 0x58, 0x53, 0x54, 0x5B, 0x68, 0xF1, 0xDE, 0xD7, 0xD7, 0xDC, 0xE8, 0x79, 0x63,
    0x5A, 0x57, 0x58, 0x5E, 0x66, 0x77, 0xF1, 0xE5, 0xDF, 0xDF, 0xE5, 0xF1, 0x75, 0x68, 0x60, 0x5E,
    0x5E, 0x60, 0x67, 0x6E, 0x77, 0xFC, 0xF0, 0xEE, 0xEB, 0xEA, 0xE9, 0xEF, 0xFD, 0x6E, 0x69, 0x64,
    0x63, 0x66, 0x6B, 0x78, 0xF7, 0xEF, 0xEA, 0xE9, 0xEA, 0xEB, 0xEC, 0xEE, 0xF1, 0xFF, 0x71, 0x6A,
    0x68, 0x6A, 0x73, 0xF9, 0xEA, 0xE0, 0xDF, 0xDF, 0xE5, 0xF1, 0xFC, 0x77, 0x6F, 0x78, 0xF8, 0xE9,
    0xE4, 0xE3, 0xE4, 0xE4, 0xE4, 0xE6, 0xEA, 0xF1, 0x7A, 0x6D, 0x69, 0x6C, 0x71, 0xF4, 0xE8, 0xDF,
    0xDB, 0xDB, 0xDE, 0xE7, 0xF5, 0x74, 0x67, 0x66, 0x69, 0x6C, 0x77, 0xF3, 0xE3, 0xDC, 0xD8, 0xDA,
    0xDF, 0xEF, 0x6B, 0x5C, 0x57, 0x58, 0x60, 0x78, 0xE5, 0xD9, 0xD5, 0xD6, 0xDD, 0xEB, 0x77, 0x6A,
    0x64, 0x64, 0x63, 0x67, 0x67, 0x78, 0xF7, 0xE5, 0xDE, 0xDA, 0xD9, 0xDD, 0xEA, 0x6C, 0x5C, 0x52,
    0x51, 0x57, 0x60, 0xF7, 0xDD, 0xD5, 0xD1, 0xD3, 0xD9, 0xE7, 0x6F, 0x5C, 0x55, 0x52, 0x56, 0x5E,
    0x74, 0xE7, 0xD7, 0xD0, 0xCD, 0xCF, 0xD7, 0xEA, 0x6A, 0x59, 0x51, 0x50, 0x54, 0x5B, 0x6D, 0xEA,
    0xDA, 0xD5, 0xD5, 0xD9, 0xDF, 0xF6, 0x66, 0x5A, 0x55, 0x57, 0x5C, 0x6A, 0xF8, 0xE3, 0xDC, 0xDC,
    0xDE, 0xE8, 0xFA, 0x68, 0x5D, 0x5A, 0x59, 0x5D, 0x68, 0x76, 0x7E, 0xFE, 0x7B, 0x78, 0x74, 0x73,
    0x76, 0x77, 0x7B, 0x7D, 0x79, 0x6B, 0x62, 0x5C, 0x59, 0x5C, 0x5E, 0x69, 0x73, 0xF9, 0xEF, 0xEE,
    0xEF, 0xFA, 0x7D, 0x6C, 0x65, 0x61, 0x5F, 0x5F, 0x62, 0x66, 0x70, 0xFF, 0xEF, 0xE8, 0xE5, 0xE7,
    0xEA, 0xF8, 0x71, 0x61, 0x5A, 0x57, 0x54, 0x57, 0x5B, 0x65, 0x7D, 0xE6, 0xDC, 0xDA, 0xDB, 0xE1,
    0xEF, 0x71, 0x64, 0x5D, 0x5B, 0x5D, 0x60, 0x69, 0x74, 0xF7, 0xE9, 0xE1, 0xDD, 0xDE, 0xE8, 0x7D,
    0x66, 0x5C, 0x55, 0x52, 0x53, 0x5B, 0x6E, 0xE4, 0xD9, 0xD5, 0xD5, 0xDB, 0xE7, 0xFF, 0x66, 0x5B,
    0x58, 0x59, 0x5E, 0x6A, 0xFB, 0xE5, 0xDC, 0xD7, 0xD5, 0xD8, 0xDD, 0xEB, 0x72, 0x60, 0x5A, 0x5A,
    0x5C, 0x64, 0x72, 0xEE, 0xE2, 0xDD, 0xDC, 0xDC, 0xDD, 0xDE, 0xE5, 0xF2, 0x6F, 0x69, 0x66, 0x69,
    0x71, 0xF6, 0xE5, 0xDC, 0xD7, 0xD7, 0xD9, 0xDC, 0xE4, 0xEF, 0x7C, 0x72, 0x6E, 0x73, 0x7E, 0xEF,
    0xE5, 0xDE, 0xDC, 0xDC, 0xDE, 0xE4, 0xEC, 0xEF, 0xF0, 0xF1, 0xED, 0xEB, 0xE9, 0xEC, 0xED, 0xF5,
    0xFC, 0x7A, 0x77, 0x73, 0x79, 0xF9, 0xED, 0xE6, 0xE0, 0xDE, 0xDF, 0xE3, 0xEC, 0xFD, 0x6B, 0x63,
    0x60, 0x64, 0x6A, 0x7B, 0xEF, 0xE7, 0xE2, 0xDE, 0xDE, 0xE0, 0xE8, 0xF7, 0x6E, 0x61, 0x5D, 0x5C,
    0x61, 0x6D, 0xF0, 0xDF, 0xD9, 0xD9, 0xDB, 0xE5, 0x7C, 0x67, 0x5B, 0x58, 0x59, 0x5D, 0x66, 0x75,
    0xF6, 0xE8, 0xDF, 0xDF, 0xDF, 0xE5, 0xEE, 0x73, 0x64, 0x5D, 0x5A, 0x5B, 0x60, 0x71, 0xF0, 0xE4,
    0xDE, 0xDF, 0xE5, 0xF5, 0x6E, 0x5F, 0x5A, 0x57, 0x56, 0x59, 0x5E, 0x6D, 0xF5, 0xE7, 0xDD, 0xDD,
    0xDE, 0xE9, 0xFC, 0x6C, 0x64, 0x5F, 0x60, 0x61, 0x68, 0x70, 0xF8, 0xEB, 0xE5, 0xE1, 0xE1, 0xE7,
    0xE9, 0xF5, 0x7B, 0x6C, 0x66, 0x61, 0x62, 0x68, 0x78, 0xEF, 0xE6, 0xDF, 0xDE, 0xE1, 0xE8, 0xFB,
    0x6D, 0x63, 0x5E, 0x5C, 0x5D, 0x62, 0x6A, 0x7D, 0xEF, 0xE8, 0xE4, 0xE6, 0xEA, 0xF1, 0x76, 0x6B,
    0x62, 0x5F, 0x63, 0x64, 0x68, 0x70, 0xFC, 0xEF, 0xEB, 0xEE, 0xF7, 0x74, 0x67, 0x5F, 0x5D, 0x5C,
    0x5F, 0x66, 0x6F, 0x7E, 0xF4, 0xF2, 0xF1, 0xF8, 0xFE, 0x7A, 0x6F, 0x6B, 0x68, 0x66, 0x68, 0x69,
    0x6B, 0x6E, 0x78, 0xFC, 0xF3, 0xEF, 0xF0, 0xF7, 0x7E, 0x77, 0x71, 0x71, 0x75, 0x77, 0x7D, 0x7C,
    0xFF, 0x7C, 0x7B, 0x7A, 0xFE, 0xFB, 0xF3, 0xF5, 0xF3, 0xF2, 0xF7, 0xFE, 0x75, 0x6E, 0x6D, 0x6D,
    0x6F, 0x6F, 0x6F, 0x74, 0x7D, 0xF4, 0xEE, 0xEB, 0xEB, 0xED, 0xF6, 0x7E, 0x7B, 0x71, 0x6F, 0x75,
    0xFF, 0xF4, 0xEC, 0xE9, 0xE6, 0xE7, 0xED, 0xFC, 0x74, 0x6B, 0x66, 0x5F, 0x5E, 0x61, 0x68, 0x78,
    0xED, 0xE5, 0xE1, 0xE1, 0xE6, 0xEE, 0xFF, 0x71, 0x6F, 0x78, 0xF7, 0xEB, 0xE6, 0xE4, 0xE5, 0xE6,
    0xE7, 0xE9, 0xEB, 0xEB, 0xE8, 0xE4, 0xE0, 0xDF, 0xDF, 0xE3, 0xE5, 0xEA, 0xF4, 0x7D, 0x6F, 0x6F,
    0x76, 0xFF, 0xF0, 0xEB, 0xE8, 0xE7, 0xE8, 0xE9, 0xEC, 0xEE, 0xEE, 0xEF, 0xF6, 0x7D, 0x6F, 0x6A,
    0x67, 0x67, 0x68, 0x68, 0x6A, 0x6E, 0x75, 0x75, 0x73, 0x6A, 0x63, 0x61, 0x60, 0x60, 0x60, 0x62,
    0x62, 0x65, 0x66, 0x65, 0x65, 0x69, 0x6F, 0x7C, 0xFA, 0xF8, 0xF7, 0xFD, 0x7E, 0x7A, 0x77, 0x7C,
    0xFA, 0xF0, 0xEC, 0xEB, 0xEB, 0xEA, 0xE5, 0xE2, 0xDF, 0xDF, 0xE0, 0xE4, 0xEB, 0xF4, 0x7D, 0x7A,
    0x7B, 0xFF, 0xF8, 0xF2, 0xF0, 0xEC, 0xEB, 0xEE, 0xF2, 0xFF, 0x73, 0x6C, 0x65, 0x5F, 0x5D, 0x5C,
    0x5E, 0x63, 0x6A, 0x6D, 0x6B, 0x63, 0x5B, 0x55, 0x4F, 0x4D, 0x4D, 0x4D, 0x4E, 0x4F, 0x4F, 0x50,
    0x51, 0x52, 0x53, 0x55, 0x58, 0x59, 0x5A, 0x5A, 0x5B, 0x5D, 0x60, 0x6B, 0xFA, 0xE0, 0xD5, 0xCE,
    0xCA, 0xC9, 0xC8, 0xC7, 0xC5, 0xC3, 0xC1, 0xC0, 0xBF, 0xBF, 0xBF, 0xC0, 0xC1, 0xC2, 0xC4, 0xC5,
    0xC8, 0xCA, 0xCD, 0xCF, 0xD6, 0xDB, 0xE0, 0xED, 0x7A, 0x67, 0x5B, 0x54, 0x4E, 0x4C, 0x48, 0x45,
    0x42, 0x3F, 0x3D, 0x3B, 0x39, 0x38, 0x36, 0x35, 0x34, 0x34, 0x33, 0x33, 0x32, 0x31, 0x31, 0x32,
    0x35, 0x39, 0x3F, 0x4C, 0xFC, 0xCA, 0xBB, 0xB2, 0xAD, 0xAB, 0xA9, 0xA8, 0xA7, 0xA8, 0xA9, 0xAB,
    0xAC, 0xAE, 0xAF, 0xAF, 0xB0, 0xB0, 0xB1, 0xB2, 0xB5, 0xB8, 0xBD, 0xC7, 0xD8, 0x71, 0x55, 0x4C,
    0x48, 0x47, 0x47, 0x4C, 0x51, 0x5B, 0x62, 0x65, 0x63, 0x62, 0x5C, 0x52, 0x4A, 0x42, 0x3D, 0x3A,
    0x38, 0x35, 0x31, 0x2E, 0x2C, 0x2A, 0x28, 0x25, 0x22, 0x21, 0x24, 0x28, 0x2C, 0x32, 0x42, 0xDF,
    0xBC, 0xB0, 0xAA, 0xA8, 0xA7, 0xA6, 0xA6, 0xA9, 0xAC, 0xAE, 0xAF, 0xAF, 0xAF, 0xAF, 0xAE, 0xAD,
    0xAD, 0xAD, 0xAF, 0xB5, 0xBF, 0xCE, 0x6F, 0x47, 0x39, 0x34, 0x33, 0x35, 0x3A, 0x40, 0x4F, 0x7C,
    0xD0, 0xC3, 0xBD, 0xBD, 0xBE, 0xC0, 0xC6, 0xD0, 0xF4, 0x5B, 0x4C, 0x44, 0x3E, 0x3B, 0x36, 0x32,
    0x2E, 0x2C, 0x28, 0x24, 0x20, 0x1D, 0x1B, 0x1B, 0x1C, 0x1E, 0x22, 0x29, 0x38, 0xF0, 0xBA, 0xAC,
    0xA4, 0xA0, 0x9F, 0x9E, 0x9F, 0xA1, 0xA6, 0xA9, 0xAB, 0xAD, 0xAE, 0xAE, 0xAD, 0xAC, 0xAB, 0xAC,
    0xAE, 0xB6, 0xC4, 0xEC, 0x4A, 0x38, 0x2E, 0x2C, 0x2B, 0x2D, 0x30, 0x3A, 0x4A, 0xEC, 0xC2, 0xB6,
    0xB0, 0xAF, 0xB0, 0xB3, 0xB8, 0xBF, 0xCE, 0xEF, 0x59, 0x4A, 0x42, 0x3D, 0x38, 0x32, 0x2E, 0x2C,
    0x28, 0x23, 0x1F, 0x1C, 0x1A, 0x1A, 0x1C, 0x1E, 0x21, 0x2B, 0x40, 0xCB, 0xB0, 0xA6, 0x9F, 0x9D,
    0x9C, 0x9C, 0x9D, 0x9F, 0xA4, 0xA7, 0xAA, 0xAC, 0xAD, 0xAE, 0xAE, 0xAD, 0xAC, 0xAE, 0xB3, 0xBD,
    0xD0, 0x5A, 0x3E, 0x30, 0x2A, 0x28, 0x28, 0x2B, 0x2F, 0x39, 0x4D, 0xD3, 0xBA, 0xB1, 0xAE, 0xAD,
    0xAD, 0xAF, 0xB5, 0xBD, 0xCD, 0xF7, 0x59, 0x49, 0x3F, 0x3A, 0x36, 0x30, 0x2D, 0x29, 0x25, 0x1F,
    0x1D, 0x1A, 0x18, 0x18, 0x1B, 0x1D, 0x22, 0x2C, 0x48, 0xC0, 0xAD, 0xA3, 0x9E, 0x9C, 0x9B, 0x9B,
    0x9C, 0x9F, 0xA4, 0xA7, 0xAA, 0xAD, 0xAE, 0xB0, 0xB0, 0xAF, 0xAF, 0xB3, 0xBB, 0xCB, 0x6C, 0x46,
    0x38, 0x2D, 0x28, 0x27, 0x28, 0x2A, 0x2E, 0x38, 0x4C, 0xD1, 0xB8, 0xAE, 0xAB, 0xA9, 0xA8, 0xAA,
    0xAD, 0xB6, 0xC0, 0xD5, 0x69, 0x4B, 0x3E, 0x37, 0x31, 0x2E, 0x2C, 0x28, 0x23, 0x1F, 0x1D, 0x1A,
    0x18, 0x17, 0x18, 0x1B, 0x1E, 0x26, 0x37, 0xDE, 0xB2, 0xA6, 0x9D, 0x9B, 0x9A, 0x99, 0x9A, 0x9C,
    0xA0, 0xA4, 0xA8, 0xAC, 0xAF, 0xB2, 0xB6, 0xB5, 0xB6, 0xB8, 0xBE, 0xCB, 0x6D, 0x46, 0x38, 0x2E,
    0x29, 0x26, 0x26, 0x28, 0x2B, 0x31, 0x40, 0xE6, 0xBC, 0xAF, 0xAA, 0xA8, 0xA7, 0xA7, 0xAB, 0xAF,
    0xB9, 0xC6, 0xE7, 0x4E, 0x3D, 0x35, 0x2F, 0x2D, 0x2B, 0x28, 0x24, 0x20, 0x1E, 0x1C, 0x19, 0x17,
    0x17, 0x19, 0x1C, 0x20, 0x2B, 0x49, 0xBD, 0xAA, 0x9F, 0x9C, 0x99, 0x99, 0x98, 0x9A, 0x9D, 0xA2,
    0xA7, 0xAB, 0xAF, 0xB3, 0xB6, 0xB7, 0xB7, 0xB8, 0xBD, 0xC7, 0xE5, 0x4E, 0x3C, 0x31, 0x2A, 0x26,
    0x25, 0x26, 0x29, 0x2D, 0x38, 0x50, 0xC9, 0xB5, 0xAC, 0xA8, 0xA6, 0xA5, 0xA5, 0xA9, 0xAF, 0xB9,
    0xC6, 0xEB, 0x4B, 0x3C, 0x34, 0x2F, 0x2C, 0x2A, 0x27, 0x23, 0x1F, 0x1D, 0x1B, 0x18, 0x16, 0x17,
    0x1A, 0x1D, 0x20, 0x2C, 0x4B, 0xBB, 0xAA, 0x9F, 0x9B, 0x99, 0x97, 0x97, 0x99, 0x9D, 0xA1, 0xA6,
    0xAA, 0xAF, 0xB6, 0xBC, 0xBE, 0xBD, 0xBE, 0xC5, 0xCD, 0x7C, 0x4B, 0x3C, 0x33, 0x2B, 0x26, 0x26,
    0x27, 0x29, 0x2E, 0x39, 0x55, 0xC5, 0xB1, 0xAA, 0xA6, 0xA4, 0xA2, 0xA3, 0xA8, 0xAD, 0xB6, 0xC3,
    0xE7, 0x4B, 0x3B, 0x33, 0x2E, 0x2B, 0x28, 0x25, 0x22, 0x1F, 0x1D, 0x1B, 0x18, 0x17, 0x19, 0x1B,
    0x1E, 0x23, 0x31, 0x7B, 0xB4, 0xA6, 0x9D, 0x9A, 0x98, 0x97, 0x97, 0x9A, 0x9D, 0xA1, 0xA6, 0xAB,
    0xB0, 0xB9, 0xBF, 0xC2, 0xC3, 0xC8, 0xCF, 0xE7, 0x57, 0x42, 0x39, 0x30, 0x2A, 0x27, 0x27, 0x29,
    0x2B, 0x2F, 0x3D, 0x62, 0xC2, 0xB1, 0xAA, 0xA6, 0xA3, 0xA2, 0xA3, 0xA7, 0xAC, 0xB5, 0xC1, 0xE8,
    0x48, 0x39, 0x30, 0x2C, 0x29, 0x27, 0x24, 0x21, 0x1F, 0x1D, 0x1B, 0x19, 0x17, 0x19, 0x1B, 0x1E,
    0x22, 0x2F, 0x5F, 0xB7, 0xA7, 0x9E, 0x9A, 0x98, 0x97, 0x97, 0x99, 0x9D, 0xA0, 0xA5, 0xAB, 0xB0,
    0xBA, 0xC1, 0xC6, 0xC6, 0xCB, 0xD7, 0x74, 0x4F, 0x3F, 0x38, 0x2F, 0x2A, 0x27, 0x28, 0x29, 0x2B,
    0x2F, 0x3D, 0x5F, 0xC3, 0xB1, 0xAA, 0xA6, 0xA3, 0xA1, 0xA3, 0xA7, 0xAC, 0xB4, 0xC0, 0xE3, 0x49,
    0x38, 0x2F, 0x2C, 0x29, 0x26, 0x24, 0x21, 0x1F, 0x1E, 0x1C, 0x19, 0x18, 0x19, 0x1B, 0x1E, 0x23,
    0x2D, 0x52, 0xBA, 0xA8, 0x9E, 0x9B, 0x98, 0x96, 0x96, 0x98, 0x9C, 0x9F, 0xA5, 0xAA, 0xB1, 0xBC,
    0xC7, 0xCA, 0xC7, 0xCC, 0xDF, 0x6A, 0x51, 0x43, 0x3B, 0x32, 0x2C, 0x29, 0x29, 0x2A, 0x2C, 0x2F,
    0x3A, 0x5B, 0xC5, 0xB2, 0xAA, 0xA6, 0xA3, 0xA1, 0xA2, 0xA6, 0xAC, 0xB3, 0xBF, 0xDB, 0x4B, 0x39,
    0x30, 0x2D, 0x2A, 0x27, 0x24, 0x22, 0x1F, 0x1E, 0x1C, 0x1A, 0x18, 0x19, 0x1C, 0x1F, 0x23, 0x2D,
    0x53, 0xBB, 0xA9, 0x9F, 0x9B, 0x99, 0x97, 0x97, 0x98, 0x9C, 0x9F, 0xA4, 0xAA, 0xB0, 0xBC, 0xC8,
    0xCD, 0xCE, 0xD7, 0x70, 0x59, 0x4C, 0x43, 0x3C, 0x35, 0x2E, 0x2A, 0x2A, 0x2C, 0x2D, 0x2F, 0x3A,
    0x56, 0xCB, 0xB6, 0xAD, 0xA8, 0xA5, 0xA2, 0xA2, 0xA6, 0xAB, 0xB1, 0xBC, 0xCF, 0x50, 0x3B, 0x32,
    0x2D, 0x2A, 0x27, 0x24, 0x21, 0x1F, 0x1E, 0x1D, 0x1B, 0x19, 0x1A, 0x1D, 0x1F, 0x24, 0x2C, 0x4A,
    0xBE, 0xAC, 0xA1, 0x9C, 0x99, 0x98, 0x97, 0x98, 0x9B, 0x9F, 0xA4, 0xA9, 0xB0, 0xBC, 0xC9, 0xD4,
    0xD9, 0xE0, 0x73, 0x5D, 0x4F, 0x48, 0x3F, 0x3A, 0x32, 0x2D, 0x2D, 0x2E, 0x2F, 0x31, 0x3A, 0x4D,
    0xD6, 0xBB, 0xAE, 0xAA, 0xA5, 0xA3, 0xA2, 0xA4, 0xA8, 0xAE, 0xB7, 0xC7, 0x65, 0x3F, 0x34, 0x2E,
    0x2B, 0x28, 0x26, 0x24, 0x22, 0x20, 0x1F, 0x1D, 0x1B, 0x1B, 0x1C, 0x1E, 0x21, 0x28, 0x36, 0xEC,
    0xB6, 0xA8, 0x9F, 0x9B, 0x99, 0x97, 0x98, 0x9A, 0x9D, 0xA1, 0xA6, 0xAD, 0xB7, 0xC5, 0xD8, 0xDF,
    0xE9, 0x6E, 0x5C, 0x59, 0x4F, 0x48, 0x3F, 0x39, 0x32, 0x2F, 0x2F, 0x2F, 0x2F, 0x34, 0x3E, 0x61,
    0xC8, 0xB7, 0xAE, 0xAA, 0xA6, 0xA4, 0xA5, 0xA8, 0xAC, 0xB2, 0xBE, 0xDA, 0x4A, 0x39, 0x30, 0x2D,
    0x29, 0x27, 0x24, 0x23, 0x21, 0x1F, 0x1E, 0x1C, 0x1B, 0x1C, 0x1E, 0x20, 0x24, 0x2D, 0x46, 0xC5,
    0xAF, 0xA5, 0x9E, 0x9C, 0x9A, 0x99, 0x9A, 0x9D, 0xA0, 0xA5, 0xAB, 0xB4, 0xBF, 0xD2, 0xE0, 0xEB,
    0x79, 0x5E, 0x5B, 0x57, 0x4D, 0x46, 0x3E, 0x38, 0x32, 0x31, 0x31, 0x31, 0x32, 0x3A, 0x4A, 0xE3,
    0xC0, 0xB5, 0xAD, 0xA9, 0xA6, 0xA6, 0xA7, 0xAB, 0xAF, 0xB8, 0xC8, 0x61, 0x3F, 0x35, 0x2F, 0x2B,
    0x28, 0x26, 0x24, 0x23, 0x21, 0x20, 0x1E, 0x1D, 0x1C, 0x1D, 0x1F, 0x23, 0x28, 0x33, 0x5D, 0xBE,
    0xAD, 0xA4, 0x9E, 0x9C, 0x9A, 0x9A, 0x9C, 0x9E, 0xA2, 0xA7, 0xAD, 0xB5, 0xC1, 0xCE, 0xD7, 0xE4,
    0x73, 0x5E, 0x5F, 0x59, 0x51, 0x48, 0x40, 0x39, 0x35, 0x34, 0x33, 0x33, 0x37, 0x40, 0x5B, 0xD1,
    0xBE, 0xB4, 0xAD, 0xAA, 0xA7, 0xA8, 0xAA, 0xAD, 0xB2, 0xBC, 0xCE, 0x56, 0x3E, 0x35, 0x2F, 0x2B,
    0x29, 0x27, 0x25, 0x24, 0x22, 0x20, 0x1E, 0x1D, 0x1D, 0x1F, 0x21, 0x25, 0x2B, 0x3B, 0xE1, 0xBA,
    0xAC, 0xA4, 0x9E, 0x9C, 0x9B, 0x9B, 0x9D, 0xA0, 0xA4, 0xA8, 0xAE, 0xB8, 0xC3, 0xCD, 0xD4, 0xDF,
    0x79, 0x66, 0x62, 0x59, 0x4E, 0x46, 0x3E, 0x39, 0x37, 0x37, 0x36, 0x36, 0x3B, 0x48, 0x6B, 0xCE,
    0xBE, 0xB6, 0xAF, 0xAC, 0xAA, 0xAB, 0xAD, 0xB0, 0xB7, 0xC2, 0xDF, 0x4D, 0x3D, 0x36, 0x2F, 0x2B,
    0x28, 0x27, 0x25, 0x23, 0x22, 0x20, 0x1F, 0x1E, 0x1F, 0x23, 0x26, 0x29, 0x32, 0x49, 0xCF, 0xB9,
    0xAC, 0xA6, 0xA0, 0x9E, 0x9D, 0x9E, 0xA0, 0xA3, 0xA7, 0xAB, 0xB1, 0xBA, 0xC0, 0xC5, 0xCC, 0xD4,
    0xDC, 0xE0, 0xEC, 0x71, 0x5C, 0x4C, 0x42, 0x3D, 0x3C, 0x3A, 0x39, 0x3B, 0x40, 0x4D, 0x6A, 0xD4,
    0xC3, 0xBA, 0xB4, 0xAF, 0xAE, 0xAF, 0xB2, 0xB7, 0xBD, 0xCB, 0x74, 0x4A, 0x3D, 0x36, 0x2F, 0x2C,
    0x29, 0x27, 0x26, 0x24, 0x23, 0x21, 0x20, 0x21, 0x23, 0x26, 0x29, 0x2D, 0x39, 0x58, 0xCC, 0xB9,
    0xAD, 0xA8, 0xA4, 0xA1, 0xA0, 0xA1, 0xA4, 0xA6, 0xA9, 0xAD, 0xB3, 0xBA, 0xBE, 0xC3, 0xCA, 0xD1,
    0xD7, 0xD9, 0xDE, 0xEF, 0x6F, 0x55, 0x4B, 0x47, 0x44, 0x3F, 0x3D, 0x3F, 0x47, 0x52, 0x6E, 0xDA,
    0xC9, 0xBE, 0xB8, 0xB5, 0xB4, 0xB5, 0xB7, 0xBA, 0xC0, 0xD0, 0x66, 0x4A, 0x3E, 0x37, 0x30, 0x2D,
    0x2B, 0x29, 0x28, 0x27, 0x26, 0x25, 0x24, 0x25, 0x26, 0x29, 0x2B, 0x2F, 0x3A, 0x4E, 0xDF, 0xBF,
    0xB4, 0xAD, 0xA9, 0xA6, 0xA5, 0xA5, 0xA6, 0xA8, 0xAA, 0xAD, 0xB1, 0xB7, 0xBA, 0xBD, 0xC1, 0xC6,
    0xC9, 0xCC, 0xD2, 0xD9, 0xE5, 0x6F, 0x5A, 0x53, 0x4D, 0x49, 0x45, 0x47, 0x4B, 0x51, 0x5D, 0xF2,
    0xD3, 0xC8, 0xBF, 0xBC, 0xB9, 0xB9, 0xBA, 0xBD, 0xC2, 0xCE, 0xF7, 0x55, 0x45, 0x3B, 0x35, 0x30,
    0x2E, 0x2C, 0x2B, 0x2A, 0x2A, 0x2A, 0x29, 0x29, 0x2A, 0x2B, 0x2D, 0x30, 0x35, 0x3E, 0x4E, 0xE9,
    0xC7, 0xBB, 0xB2, 0xAD, 0xAB, 0xA9, 0xA9, 0xA9, 0xAA, 0xAC, 0xAE, 0xB3, 0xB8, 0xBC, 0xBF, 0xC4,
    0xC8, 0xCB, 0xCE, 0xCF, 0xD1, 0xD7, 0xDF, 0xEE, 0x72, 0x60, 0x57, 0x4F, 0x4E, 0x4F, 0x52, 0x5B,
    0x6E, 0xE2, 0xD2, 0xC8, 0xC2, 0xBF, 0xBE, 0xBF, 0xC2, 0xCA, 0xDB, 0x6C, 0x4E, 0x42, 0x3B, 0x36,
    0x32, 0x2F, 0x2F, 0x2E, 0x2E, 0x2E, 0x2E, 0x2F, 0x2F, 0x2F, 0x30, 0x33, 0x36, 0x39, 0x3F, 0x4C,
    0x64, 0xDA, 0xC5, 0xBB, 0xB6, 0xB1, 0xAF, 0xAE, 0xAE, 0xAF, 0xB0, 0xB3, 0xB7, 0xBA, 0xBD, 0xBF,
    0xC2, 0xC5, 0xC5, 0xC6, 0xC7, 0xC8, 0xCA, 0xCD, 0xD5, 0xDD, 0xE8, 0x6E, 0x5D, 0x57, 0x58, 0x58,
    0x5C, 0x65, 0xF3, 0xDD, 0xD2, 0xCB, 0xC8, 0xC7, 0xC7, 0xC9, 0xCE, 0xDB, 0x76, 0x58, 0x4B, 0x42,
    0x3D, 0x3A, 0x38, 0x36, 0x36, 0x36, 0x36, 0x37, 0x38, 0x39, 0x39, 0x39, 0x38, 0x39, 0x3A, 0x3C,
    0x3E, 0x42, 0x4A, 0x59, 0xFD, 0xD4, 0xC9, 0xBF, 0xBB, 0xB8, 0xB7, 0xB6, 0xB6, 0xB7, 0xB9, 0xBB,
    0xBE, 0xC2, 0xC5, 0xC8, 0xCA, 0xCC, 0xCC, 0xCC, 0xCB, 0xCB, 0xCC, 0xCF, 0xD2, 0xDA, 0xE5, 0xFD,
    0x6B, 0x60, 0x5C, 0x5D, 0x5E, 0x66, 0x76, 0xE8, 0xDD, 0xD6, 0xD3, 0xD1, 0xD3, 0xD9, 0xE5, 0x75,
    0x5C, 0x4F, 0x49, 0x43, 0x3F, 0x3E, 0x3D, 0x3E, 0x3E, 0x3F, 0x42, 0x45, 0x46, 0x47, 0x47, 0x46,
    0x45, 0x43, 0x42, 0x43, 0x43, 0x47, 0x4B, 0x54, 0x67, 0xE7, 0xD2, 0xCA, 0xC3, 0xBF, 0xBE, 0xBE,
    0xBE, 0xC0, 0xC3, 0xC7, 0xCB, 0xCE, 0xD1, 0xD3, 0xD3, 0xD0, 0xCE, 0xCC, 0xCA, 0xC9, 0xC9, 0xCB,
    0xCE, 0xD4, 0xDD, 0xEF, 0x6F, 0x61, 0x5D, 0x5C, 0x5F, 0x6A, 0x7A, 0xEA, 0xDC, 0xD6, 0xD4, 0xD3,
    0xD4, 0xD9, 0xE3, 0xF9, 0x67, 0x59, 0x51, 0x4D, 0x4B, 0x4A, 0x4A, 0x4C, 0x4D, 0x4E, 0x50, 0x53,
    0x55, 0x56, 0x56, 0x56, 0x55, 0x53, 0x52, 0x53, 0x53, 0x55, 0x59, 0x5E, 0x66, 0x71, 0xF4, 0xE9,
    0xE4, 0xDE, 0xDB, 0xDB, 0xDC, 0xDC, 0xDC, 0xDE, 0xDF, 0xDF, 0xDF, 0xDF, 0xDC, 0xDB, 0xDA, 0xD9,
    0xD8, 0xDA, 0xDB, 0xDD, 0xDF, 0xE3, 0xE7, 0xE9, 0xEA, 0xE8, 0xE7, 0xE5, 0xE2, 0xE1, 0xE1, 0xE3,
    0xE7, 0xEA, 0xEF, 0xF6, 0xFF, 0x76, 0x6F, 0x6E, 0x6C, 0x6C, 0x6C, 0x6C, 0x6D, 0x6C, 0x69, 0x67,
    0x64, 0x5F, 0x5D, 0x5B, 0x59, 0x58, 0x59, 0x59, 0x5A, 0x5C, 0x5F, 0x61, 0x64, 0x69, 0x6C, 0x70,
    0x74, 0x78, 0xFF, 0xFB, 0xF5, 0xF2, 0xEF, 0xEE, 0xED, 0xED, 0xED, 0xEE, 0xF1, 0xF5, 0xFB, 0x7B,
    0x73, 0x6F, 0x6E, 0x6E, 0x6F, 0x75, 0x7D, 0xF5, 0xED, 0xE9, 0xE7, 0xE5, 0xE5, 0xE8, 0xE9, 0xEA,
    0xEC, 0xED, 0xEA, 0xE9, 0xE7, 0xE4, 0xE2, 0xE1, 0xE3, 0xE2, 0xE7, 0xEC, 0xF3, 0xFF, 0x73, 0x6A,
    0x65, 0x61, 0x5F, 0x5F, 0x60, 0x64, 0x68, 0x6E, 0x76, 0x7D, 0xFA, 0xF6, 0xF7, 0xF8, 0xFA, 0xFC,
    0x7D, 0x7A, 0x7B, 0x7B, 0x7A, 0xFE, 0xF7, 0xF1, 0xEF, 0xED, 0xEC, 0xEE, 0xF2, 0xF7, 0xFF, 0x76,
    0x6E, 0x6B, 0x68, 0x66, 0x65, 0x67, 0x6A, 0x6D, 0x72, 0x7B, 0xF9, 0xF1, 0xEE, 0xEC, 0xED, 0xF1,
    0xF5, 0xFA, 0xFF, 0x7B, 0x7B, 0x7D, 0xFC, 0xF6, 0xEF, 0xEB, 0xE9, 0xE8, 0xE8, 0xEA, 0xED, 0xF6,
    0x7E, 0x72, 0x6A, 0x65, 0x62, 0x5F, 0x5E, 0x5F, 0x62, 0x65, 0x6A, 0x74, 0xFE, 0xF7, 0xEF, 0xEC,
    0xEC, 0xED, 0xEE, 0xF1, 0xF5, 0xF8, 0xFA, 0xFB, 0xFD, 0xFA, 0xF9, 0xF4, 0xF3, 0xF0, 0xF0, 0xF1,
    0xF5, 0xF9, 0xFD, 0x79, 0x73, 0x6E, 0x6D, 0x6B, 0x6B, 0x6B, 0x6E, 0x72, 0x79, 0xFE, 0xF7, 0xF0,
    0xED, 0xEC, 0xEB, 0xED, 0xEE, 0xF3, 0xF9, 0xFF, 0x7B, 0x79, 0x79, 0x7A, 0x7C, 0x7E, 0xFE, 0xFE,
    0xFF, 0x7E, 0x7B, 0x77, 0x74, 0x6F, 0x6C, 0x6B, 0x69, 0x69, 0x69, 0x6C, 0x6F, 0x76, 0x7D, 0xFB,
    0xF6, 0xF1, 0xEE, 0xEE, 0xEE, 0xEF, 0xEF, 0xEF, 0xF0, 0xF0, 0xF1, 0xF0, 0xF2, 0xF2, 0xF2, 0xF2,
    0xF5, 0xF7, 0xF8, 0xFB, 0xFD, 0xFF, 0x7C, 0x7B, 0x7A, 0x7A, 0x7B, 0x7D, 0xFF, 0xFC, 0xFA, 0xF8,
    0xF7, 0xF7, 0xF6, 0xF6, 0xF6, 0xF6, 0xF7, 0xF8, 0xF8, 0xF9, 0xFA, 0xF8, 0xF8, 0xF8, 0xF7, 0xF6,
    0xF6, 0xF6, 0xF7, 0xF8, 0xFA, 0xFC, 0xFF, 0x7E, 0x7C, 0x7B, 0x7B, 0x7C, 0x7D, 0xFE, 0xFD, 0xFA,
    0xF8, 0xF6, 0xF5, 0xF4, 0xF4, 0xF4, 0xF4, 0xF5, 0xF5, 0xF6, 0xF7, 0xF8, 0xF9, 0xF9, 0xF9, 0xFA,
    0xFB, 0xFD, 0xFF, 0x7D, 0x7C, 0x7A, 0x79, 0x79, 0x78, 0x78, 0x78, 0x78, 0x78, 0x78, 0x77, 0x77,
    0x78, 0x78, 0x79, 0x7A, 0x7A, 0x7B, 0x7C, 0x7C, 0x7C, 0x7C, 0x7B, 0x7A, 0x79, 0x77, 0x75, 0x74,
    0x73, 0x73, 0x72, 0x72, 0x73, 0x73, 0x74, 0x74, 0x75, 0x75, 0x75, 0x75, 0x75, 0x74, 0x74, 0x73,
    0x74, 0x76, 0x77, 0x79, 0x7B, 0x7C, 0x7D, 0x7E, 0x7E, 0x7E, 0x7D, 0x7D, 0x7B, 0x7A, 0x79, 0x79,
    0x78, 0x79, 0x78, 0x79, 0x79, 0x78, 0x78, 0x78, 0x78, 0x78, 0x79, 0x79, 0x7A, 0x79, 0x7A, 0x79,
    0x7A, 0x79, 0x79, 0x79, 0x79, 0x7A, 0x7A, 0x7A, 0x7A, 0x79, 0x79, 0x78, 0x77, 0x77, 0x76, 0x75,
    0x75, 0x75, 0x75, 0x75, 0x75, 0x75, 0x76, 0x76, 0x77, 0x77, 0x78, 0x78, 0x78, 0x78, 0x79, 0x7A,
    0x7A, 0x7A, 0x7A, 0x7B, 0x7B, 0x7C, 0x7C, 0x7D, 0x7C, 0x7D, 0x7C, 0x7C, 0x7C, 0x7C, 0x7C, 0x7C,
    0x7C, 0x7D, 0x7C, 0x7C, 0x7C, 0x7C, 0x7C, 0x7C, 0x7D, 0x7D, 0x7D, 0x7D, 0x7D, 0x7D, 0x7E, 0x7D,
    0x7E, 0x7D, 0x7E, 0x7E, 0x7E, 0x7E, 0x7E, 0x7E, 0xFF, 0xFF, 0xFF, 0xFF, 0xFF, 0xFF, 0xFF, 0xFF,
    0xFF, 0xFF, 0x7E, 0x7E, 0x7E, 0x7E, 0x7E, 0x7E, 0xFF, 0xFF, 0xFF, 0xFF, 0xFF, 0xFE, 0xFE, 0xFE,
    0xFD, 0xFD, 0xFD, 0xFD, 0xFD, 0xFD, 0xFD, 0xFD, 0xFD, 0xFD, 0xFE, 0xFD, 0xFD, 0xFD, 0xFD, 0xFC,
    0xFC, 0xFC, 0xFC, 0xFC, 0xFC, 0xFC, 0xFC, 0xFC, 0xFC, 0xFC, 0xFC, 0xFC, 0xFC, 0xFC, 0xFC, 0xFC,
    0xFC, 0xFC, 0xFC, 0xFC, 0xFC, 0xFC, 0xFC, 0xFC, 0xFD, 0xFD, 0xFD, 0xFD, 0xFD, 0xFD, 0xFD, 0xFD,
    0xFD, 0xFD, 0xFD, 0xFD, 0xFD, 0xFD, 0xFD, 0xFD, 0xFD, 0xFD, 0xFD, 0xFD, 0xFD, 0xFD, 0xFE, 0xFD,
    0xFD, 0xFD, 0xFD, 0xFD, 0xFD, 0xFC, 0xFC, 0xFD, 0xFD, 0xFD, 0xFD, 0xFD, 0xFD, 0xFD, 0xFD, 0xFE,
    0xFE, 0xFD, 0xFE, 0xFD, 0xFE, 0xFD, 0xFD, 0xFD, 0xFD, 0xFD, 0xFD, 0xFD, 0xFE, 0xFE, 0xFD, 0xFD,
    0xFD, 0xFE, 0xFE, 0xFE, 0xFE, 0xFE, 0xFE, 0xFE, 0xFE, 0xFE, 0xFE, 0xFE, 0xFE, 0xFF, 0xFF, 0xFF,
    0xFF, 0xFF, 0xFF, 0xFF, 0xFF, 0xFF, 0xFF, 0xFE, 0xFE, 0xFE, 0xFE, 0xFE, 0xFE, 0xFE, 0xFE, 0xFE,
    0xFE, 0xFE, 0xFE, 0xFE, 0xFE, 0xFE, 0xFE, 0xFE, 0xFE, 0xFE, 0xFE, 0xFE, 0xFE, 0xFE, 0xFE, 0xFE,
    0xFE, 0xFF, 0xFF, 0xFE, 0xFF, 0xFE, 0xFF, 0xFF, 0xFF, 0xFF, 0xFF, 0xFF, 0xFF, 0xFF, 0xFF, 0xFF,
    0xFF, 0xFF, 0xFF, 0xFF, 0xFF, 0xFF, 0xFF, 0xFF, 0xFF, 0x7E, 0x7E, 0x7E, 0x7E, 0x7E, 0x7E, 0x7E,
    0x7E, 0x7E, 0x7D, 0x7D, 0x7E, 0x7E, 0x7E, 0x7E, 0x7E, 0x7E, 0x7E, 0x7E, 0x7E, 0x7E, 0x7E, 0x7E,
    0x7E, 0x7E, 0x7E, 0x7E, 0x7E, 0x7E, 0x7E, 0x7E, 0xFF, 0x7E, 0x7E, 0x7E, 0x7E, 0x7E, 0x7D, 0x7E,
    0x7D, 0x7E, 0x7E, 0x7D, 0x7E, 0x7E, 0x7E, 0x7E, 0x7E, 0x7E, 0x7E, 0x7E, 0x7E, 0x7E, 0x7E, 0x7E,
    0x7E, 0x7E, 0x7E, 0x7E, 0x7D, 0x7D, 0x7E, 0x7D, 0x7E, 0x7D, 0x7E, 0x7D, 0x7D, 0x7D, 0x7D, 0x7D,
    0x7E, 0x7E, 0x7D, 0x7D, 0x7E, 0x7E, 0x7E, 0x7E, 0x7E, 0x7E, 0x7E, 0x7E, 0x7E, 0x7E, 0x7E, 0x7E,
    0x7E, 0x7E, 0x7E, 0x7E, 0x7E, 0x7E, 0x7E, 0x7E, 0x7E, 0x7E, 0x7E, 0x7E, 0x7E, 0x7E, 0x7E, 0x7E,
    0x7E, 0x7E, 0x7E, 0x7E, 0x7E, 0x7E, 0x7E, 0x7E, 0x7E, 0x7E, 0x7E, 0x7E, 0x7E, 0x7E, 0x7E, 0x7E,
    0x7E, 0x7E, 0x7E, 0x7E, 0x7E, 0x7E, 0x7E, 0x7E, 0x7E, 0x7E, 0x7E, 0x7D, 0x7E, 0x7E, 0x7E, 0x7E,
    0x7E, 0x7E, 0x7E, 0x7E, 0x7E, 0x7E, 0x7E, 0x7E, 0x7E, 0x7E, 0x7E, 0x7E, 0x7E, 0x7E, 0x7E, 0x7E,
    0x7E, 0x7E, 0x7E, 0xFF, 0xFF, 0x7E, 0xFF, 0x7E, 0x7E, 0xFF, 0x7E, 0xFF, 0xFF, 0xFF, 0xFF, 0xFF,
    0xFF, 0xFF, 0xFF, 0xFF, 0xFF, 0xFF, 0xFF, 0xFF, 0xFF, 0xFF, 0xFF, 0xFF, 0xFF, 0xFF, 0xFF, 0xFF,
    0xFF, 0xFF, 0xFF, 0xFF, 0xFF, 0xFF, 0xFF, 0xFF, 0xFF, 0xFF, 0xFF, 0xFF, 0xFF, 0xFF, 0xFF, 0xFF,
    0xFF, 0xFF, 0xFF, 0xFF, 0xFF, 0xFF, 0xFF, 0xFF, 0xFF, 0xFF, 0xFF, 0xFF, 0xFF, 0xFF, 0xFF, 0xFF,
    0xFF, 0xFF, 0xFF, 0xFF, 0xFF, 0xFF, 0xFF, 0xFF, 0xFF, 0xFF, 0xFF, 0xFF, 0xFF, 0xFF, 0xFF, 0xFF,
    0xFF, 0xFF, 0xFF, 0xFF, 0xFF, 0xFF, 0xFF, 0xFF, 0xFF, 0xFF, 0x7E, 0xFF, 0x7E, 0xFF, 0x7E, 0x7E,
    0x7E, 0x7E, 0x7E, 0x7E, 0x7E, 0xFF, 0xFF, 0x7E, 0xFF, 0x7E, 0x7E, 0x7E, 0x7E, 0x7E, 0x7E, 0x7E,
    0x7E, 0x7E, 0x7E, 0x7E, 0x7E, 0x7E, 0x7E, 0x7E, 0x7E, 0x7E, 0x7E, 0x7E, 0x7E, 0x7E, 0x7E, 0x7E,
    0x7E, 0x7E, 0x7E, 0x7E, 0x7E, 0x7E, 0x7E, 0x7E, 0x7E, 0x7E, 0x7E, 0x7E, 0x7E, 0x7E, 0x7E, 0x7E,
    0x7E, 0x7E, 0x7E, 0x7E, 0x7E, 0xFF, 0xFF, 0xFF, 0xFF, 0xFF, 0xFF, 0x7E, 0x7E, 0x7E, 0xFF, 0xFF,
    0xFF, 0xFF, 0x7E, 0xFF, 0xFF, 0xFF, 0xFF, 0xFF, 0xFF, 0xFF, 0xFF, 0xFF, 0xFF, 0xFF, 0xFF, 0xFF,
    0xFF, 0xFF, 0xFF, 0xFF, 0xFF, 0xFF, 0xFF, 0xFF, 0xFF, 0xFF, 0xFF, 0xFF, 0xFF, 0xFF, 0xFF, 0xFF,
    0xFF, 0xFF, 0xFF, 0xFF, 0xFF, 0xFF, 0xFF, 0xFF, 0xFF, 0xFF, 0xFF, 0xFF, 0xFF, 0xFF, 0xFF, 0xFF,
    0xFF, 0xFF, 0xFF, 0xFF, 0xFF, 0xFF, 0xFF, 0xFF, 0xFF, 0xFF, 0xFF, 0xFF, 0xFF, 0xFF, 0xFF, 0xFF,
    0xFF, 0xFF, 0xFF, 0xFF, 0xFF, 0xFF, 0xFF, 0xFF, 0xFF, 0xFF, 0xFF, 0xFF, 0xFF, 0xFF, 0xFF, 0xFF,
    0xFF, 0xFF, 0xFF, 0xFF, 0xFF, 0xFF, 0xFF, 0xFF, 0xFF, 0xFF, 0xFF, 0xFF, 0xFF, 0xFF, 0xFF, 0xFF,
    0xFF, 0xFF, 0xFF, 0xFF, 0xFF, 0xFF, 0xFF, 0xFF, 0xFF, 0xFF, 0xFF, 0xFF, 0xFF, 0xFF, 0xFF, 0xFF,
    0xFF, 0xFF, 0xFF, 0xFF, 0xFF, 0xFF, 0xFF, 0xFF, 0xFF, 0xFF, 0x7E, 0x7E, 0x7E, 0x7E, 0x7E, 0x7E,
    0x7E, 0x7E, 0x7E, 0x7E, 0x7E, 0x7E, 0x7E, 0x7E, 0x7E, 0x7E, 0x7E, 0x7E, 0xFF, 0x7E, 0x7E, 0x7E,
    0x7E, 0x7E, 0x7E, 0x7E, 0x7E, 0x7E, 0x7E, 0x7E, 0x7E, 0x7E, 0x7E, 0x7E, 0x7E, 0x7E, 0x7E, 0x7E,
    0xFF, 0x7E, 0x7E, 0x7E, 0x7E, 0x7E, 0x7E, 0x7E, 0x7E, 0x7E, 0x7E, 0x7E, 0x7E, 0x7E, 0x7E, 0x7E,
    0xFF, 0xFF, 0xFF, 0x7E, 0x7E, 0xFF, 0x7E, 0xFF, 0xFF, 0xFF, 0xFF, 0xFF, 0x7E, 0x7E, 0xFF, 0xFF,
    0xFF, 0xFF, 0xFF, 0xFF, 0xFF, 0xFF, 0xFF, 0xFF, 0xFF, 0xFF, 0xFF, 0xFF, 0xFF, 0xFF, 0xFF, 0xFF,
    0xFF, 0xFF, 0xFF, 0xFF, 0xFF, 0xFF, 0xFF, 0xFF, 0xFF, 0xFF, 0xFF, 0xFF, 0xFF, 0xFF, 0xFF, 0xFF,
    0xFF, 0xFF, 0xFF, 0xFF, 0xFF, 0xFF, 0xFF, 0xFF, 0xFF, 0xFF, 0xFF, 0xFF, 0xFF, 0xFF, 0xFF, 0xFF,
    0xFF, 0xFF, 0xFF, 0xFF, 0xFF, 0xFF, 0xFF, 0xFF, 0xFF, 0xFF, 0xFF, 0xFF, 0xFF, 0xFF, 0xFF, 0xFF,
    0xFF, 0xFF, 0xFF, 0xFF, 0xFF, 0xFF, 0xFF, 0xFF, 0xFF, 0xFF, 0xFF, 0xFF, 0xFF, 0xFF, 0xFF, 0xFF,
    0xFF, 0xFF, 0xFF, 0xFF, 0xFF, 0xFF, 0xFF, 0xFF, 0xFF, 0xFF, 0xFF, 0xFF, 0xFF, 0xFF, 0xFF, 0xFF,
    0xFF, 0xFF, 0xFF, 0xFF, 0xFF, 0xFF, 0xFF, 0xFF, 0xFF, 0xFF, 0xFF, 0xFF, 0xFF, 0xFF, 0xFF, 0xFF,
    0xFF, 0xFF, 0xFF, 0xFF, 0xFF, 0xFF, 0xFF, 0xFF, 0xFF, 0xFF, 0xFF, 0xFF, 0xFF, 0xFF, 0xFF, 0xFF,
    0xFF, 0xFF, 0xFF, 0xFF, 0xFF, 0xFF, 0xFF, 0xFF, 0xFF, 0xFF, 0xFF, 0xFF, 0xFF, 0xFF, 0xFF, 0xFF,
    0xFF, 0xFF, 0xFF, 0xFF, 0xFF, 0xFF, 0xFF, 0xFF, 0xFF, 0xFF, 0xFF, 0xFF, 0xFF, 0xFF, 0xFF, 0xFF,
    0xFF, 0xFF, 0xFF, 0xFF, 0xFF, 0xFF, 0xFF, 0xFF, 0xFF, 0xFF, 0xFF, 0xFF, 0xFF, 0xFF, 0xFF, 0xFF,
    0xFF, 0xFF, 0xFF, 0xFF, 0xFF, 0xFF, 0xFF, 0xFF, 0xFF, 0xFF, 0xFF, 0xFF, 0xFF, 0xFF, 0xFF, 0xFF,
    0xFF, 0xFF, 0xFF, 0xFF, 0xFF, 0xFF, 0xFF, 0xFF, 0xFF, 0xFF, 0xFF, 0xFF, 0xFF, 0xFF, 0xFF, 0xFF,
    0xFF, 0xFF, 0xFF, 0xFF, 0xFF, 0xFF, 0xFF, 0xFF, 0xFF, 0xFF, 0xFF, 0xFF, 0xFF, 0xFF, 0xFF, 0xFF,
    0xFF, 0xFF, 0xFF, 0xFF, 0xFF, 0xFF, 0xFF, 0xFF, 0xFF, 0xFF, 0xFF, 0xFF, 0xFF, 0xFF, 0xFF, 0xFF,
    0xFF, 0xFF, 0xFF, 0xFF, 0xFF, 0xFF, 0xFF, 0xFF, 0xFF, 0xFF, 0xFF, 0xFF, 0xFF, 0xFF, 0xFF, 0xFF,
    0xFF, 0xFF, 0xFF, 0xFF, 0xFF, 0xFF, 0xFF, 0xFF, 0xFF, 0xFF, 0xFF, 0xFF, 0xFF, 0xFF, 0xFF, 0xFF,
    0xFF, 0xFF, 0xFF, 0xFF, 0x7E, 0x7E, 0x7E, 0x7E, 0x7E, 0x7E, 0x7E, 0x7E, 0x7E, 0x7E, 0x7E, 0x7E,
    0x7E, 0xFF, 0x7E, 0x7E, 0xFF, 0xFF, 0xFF, 0xFF, 0xFF, 0xFF, 0xFF, 0xFF, 0xFF, 0xFF, 0xFF, 0xFF,
    0xFF, 0xFF, 0xFF, 0xFF, 0xFF, 0xFF, 0xFF, 0xFF, 0xFF, 0xFF, 0xFF, 0xFF, 0xFF, 0xFF, 0xFF, 0xFF,
    0xFF, 0xFF, 0xFF, 0xFF, 0xFF, 0x7E, 0x7E, 0x7E, 0x7E, 0xFF, 0x7E, 0x7E, 0xFF, 0xFF, 0xFF, 0xFF,
    0xFF, 0xFF, 0xFF, 0xFF, 0xFF, 0xFF, 0xFF, 0xFF, 0xFF, 0xFF, 0xFF, 0xFF, 0xFF, 0xFF, 0xFF, 0xFF,
    0xFF, 0xFF, 0xFF, 0xFF, 0xFF, 0xFF, 0xFF, 0xFF, 0xFF, 0xFF, 0xFF, 0xFF, 0xFF, 0xFF, 0xFF, 0xFF,
    0xFF, 0xFF, 0xFF, 0xFF, 0xFF, 0xFF, 0xFF, 0xFF, 0xFF, 0xFF, 0xFF, 0xFF, 0xFF, 0xFF, 0xFF, 0xFF,
    0xFF, 0xFF, 0xFF, 0xFF, 0xFF, 0xFF, 0xFF, 0xFF, 0xFF, 0xFF, 0xFF, 0xFF, 0xFF, 0xFF, 0xFF, 0xFF,
    0xFF, 0xFF, 0xFF, 0xFF, 0xFF, 0xFF, 0xFF, 0xFF, 0xFF, 0xFF, 0xFF, 0xFF, 0xFF, 0xFF, 0xFF, 0xFF,
    0xFF, 0xFF, 0xFF, 0xFF, 0xFF, 0xFF, 0xFF, 0xFF, 0xFF, 0xFF, 0xFF, 0xFF, 0xFF, 0xFF, 0xFF, 0xFF,
    0xFF, 0xFF, 0xFF, 0xFF, 0xFF, 0xFF, 0xFF, 0xFF, 0xFF, 0xFF, 0xFF, 0xFF, 0xFF, 0xFF, 0xFF, 0xFF,
    0xFF, 0xFF, 0xFF, 0xFF, 0xFF, 0xFF, 0xFF, 0xFF, 0xFF, 0xFF, 0xFF, 0xFF, 0xFF, 0xFF, 0xFF, 0xFF,
    0xFF, 0xFF, 0xFF, 0xFF, 0xFF, 0xFF, 0xFF, 0xFF, 0xFF, 0xFF, 0xFF, 0xFF, 0xFF, 0xFF, 0xFF, 0xFF,
    0xFF, 0xFF, 0xFF, 0xFF, 0xFF, 0xFF, 0xFF, 0xFF, 0xFF, 0xFF, 0xFF, 0xFF, 0xFF, 0xFF, 0xFF, 0xFF,
    0xFF, 0xFF, 0xFF, 0xFF, 0xFF, 0xFF, 0xFF, 0xFF, 0xFF, 0xFF, 0xFF, 0xFF, 0xFF, 0xFF, 0xFF, 0xFF,
    0xFF, 0xFF, 0xFF, 0xFF, 0xFF, 0xFF, 0xFF, 0xFF, 0xFF, 0xFF, 0xFF, 0xFF, 0xFF, 0xFF, 0xFF, 0xFF,
    0xFF, 0xFF, 0xFF, 0xFF, 0xFF, 0xFF, 0xFF, 0xFF, 0xFF, 0xFF, 0xFF, 0xFF, 0xFF, 0xFF, 0xFF, 0xFF,
    0xFF, 0xFF, 0xFF, 0xFF, 0xFF, 0xFF, 0xFF, 0xFF, 0xFF, 0xFF, 0xFF, 0xFF, 0xFF, 0xFF, 0xFF, 0xFF,
    0xFF, 0xFF, 0xFF, 0xFF, 0xFF, 0xFF, 0xFF, 0xFF, 0xFF, 0xFF, 0xFF, 0xFF, 0xFF, 0xFF, 0xFF, 0xFF,
    0xFF, 0xFF, 0xFF, 0xFF, 0xFF, 0xFF, 0xFF, 0xFF, 0xFF, 0xFF, 0xFF, 0xFF, 0xFF, 0xFF, 0xFF, 0xFF,
    0xFF, 0xFF, 0xFF, 0xFF, 0xFF, 0xFF, 0x7E, 0x7E, 0x7E, 0x7E, 0x7E, 0x7E, 0xFF, 0xFF, 0xFF, 0xFF,
    0xFF, 0xFF, 0xFF, 0xFF, 0xFF, 0xFF, 0xFF, 0xFF, 0xFF, 0xFF, 0xFF, 0xFF, 0xFF, 0xFF, 0xFF, 0xFF,
    0xFF, 0xFF, 0x7E, 0xFF, 0x7E, 0x7E, 0xFF, 0xFF, 0xFF, 0xFF, 0xFF, 0xFF, 0xFF, 0xFF, 0xFF, 0x7E,
    0x7E, 0x7E, 0x7E, 0x7E, 0x7E, 0x7E, 0x7E, 0x7E, 0x7E, 0xFF, 0xFF, 0xFF, 0xFF, 0xFF, 0x7E, 0x7E,
    0x7E, 0x7E, 0x7E, 0x7E, 0x7E, 0x7E, 0x7E, 0x7E, 0xFF, 0xFF, 0xFF, 0xFF, 0xFF, 0xFF, 0xFF, 0xFF,
    0xFF, 0xFF, 0xFF, 0xFF, 0xFF, 0xFF, 0xFF, 0xFF, 0xFF, 0xFF, 0xFF, 0xFF, 0xFF, 0xFF, 0xFF, 0x7E,
    0xFF, 0xFF, 0xFF, 0xFF, 0x7E, 0x7E, 0xFF, 0xFF, 0xFF, 0xFF, 0xFF, 0xFF, 0xFF, 0xFF, 0xFF, 0xFF,
    0xFF, 0xFF, 0xFF, 0xFF, 0xFF, 0xFF, 0xFF, 0x7E, 0x7E, 0x7E, 0x7E, 0xFF, 0xFF, 0xFF, 0xFF, 0xFF,
    0xFF, 0xFF, 0xFF, 0xFF, 0xFF, 0xFF, 0xFF, 0xFF, 0xFF, 0xFF, 0x7E, 0x7E, 0x7E, 0x7E, 0x7E, 0x7E,
    0xFF, 0xFF, 0xFE, 0xFE, 0xFE, 0xFD, 0xFD, 0xFE, 0xFF, 0xFF, 0x7E, 0x7D, 0x7D, 0x7C, 0x7C, 0x7D,
    0x7C, 0x7D, 0x7D, 0x7D, 0x7E, 0xFF, 0xFF, 0xFE, 0xFE, 0xFD, 0xFD, 0xFD, 0xFD, 0xFD, 0xFE, 0xFE,
    0xFE, 0xFE, 0xFE, 0xFE, 0xFE, 0xFD, 0xFD, 0xFD, 0xFC, 0xFC, 0xFC, 0xFC, 0xFB, 0xFC, 0xFD, 0xFD,
    0xFD, 0xFE, 0xFF, 0x7E, 0x7E, 0x7C, 0x7B, 0x7B, 0x7B, 0x7B, 0x7C, 0x7D, 0x7D, 0x7D, 0x7D, 0x7E,
    0x7E, 0x7E, 0x7E, 0x7E, 0x7E, 0x7E, 0xFF, 0xFE, 0xFD, 0xFA, 0xF7, 0xF3, 0xEF, 0xEF, 0xED, 0xEC,
    0xED, 0xED, 0xEC, 0xEE, 0xEF, 0xF0, 0xF0, 0xEF, 0xEA, 0xE6, 0xE0, 0xDB, 0xD3, 0xD0, 0xD0, 0xD5,
    0xDD, 0xF1, 0x65, 0x52, 0x4B, 0x45, 0x42, 0x43, 0x44, 0x48, 0x4F, 0x5E, 0xFA, 0xDA, 0xCE, 0xC9,
    0xC5, 0xC5, 0xC5, 0xC8, 0xCC, 0xD6, 0xE4, 0x6F, 0x5A, 0x51, 0x4B, 0x4A, 0x49, 0x49, 0x4B, 0x50,
    0x56, 0x5F, 0x72, 0xEF, 0xE6, 0xE4, 0xDE, 0xE4, 0xEC, 0xFD, 0x7C, 0x6A, 0x64, 0x5E, 0x60, 0x62,
    0x66, 0x6D, 0x7C, 0xFB, 0xF4, 0xEB, 0xE7, 0xE9, 0xEA, 0xEB, 0xEF, 0xFA, 0x76, 0x6F, 0x69, 0x66,
    0x64, 0x66, 0x67, 0x6A, 0x6D, 0x7A, 0xFF, 0xF8, 0xEF, 0xEC, 0xEA, 0xEA, 0xE5, 0xE8, 0xEA, 0xEF,
    0xF7, 0x7A, 0x6F, 0x67, 0x62, 0x5E, 0x5B, 0x5B, 0x5C, 0x5D, 0x62, 0x6A, 0x75, 0xF2, 0xE7, 0xDF,
    0xDB, 0xDA, 0xDA, 0xDA, 0xDD, 0xDF, 0xE6, 0xEF, 0xFE, 0x71, 0x69, 0x67, 0x65, 0x62, 0x65, 0x66,
    0x69, 0x6C, 0x73, 0x7E, 0xF3, 0xED, 0xE8, 0xE5, 0xE3, 0xE2, 0xE3, 0xE3, 0xE6, 0xE8, 0xEB, 0xEE,
    0xEE, 0xF4, 0xF5, 0xF3, 0xF5, 0xF3, 0xEF, 0xF1, 0xF1, 0xF7, 0xFB, 0xFF, 0x78, 0x72, 0x6E, 0x6C,
    0x6C, 0x6D, 0x6E, 0x74, 0x7B, 0xFB, 0xEF, 0xED, 0xEB, 0xE9, 0xEA, 0xEA, 0xEA, 0xEE, 0xF1, 0xF1,
    0xF4, 0xF4, 0xEF, 0xEF, 0xEC, 0xED, 0xEE, 0xEC, 0xE8, 0xED, 0xEA, 0xEC, 0xEB, 0xE9, 0xE4, 0xE5,
    0xE3, 0xE2, 0xE2, 0xE4, 0xE7, 0xE9, 0xEC, 0xF5, 0x74, 0x6C, 0x61, 0x5B, 0x54, 0x4F, 0x4C, 0x4B,
    0x4A, 0x4C, 0x4F, 0x57, 0x66, 0xEF, 0xDA, 0xD0, 0xCC, 0xC9, 0xC7, 0xC8, 0xCA, 0xCD, 0xD4, 0xDC,
    0xEB, 0x77, 0x67, 0x5B, 0x56, 0x52, 0x50, 0x4F, 0x4E, 0x4F, 0x53, 0x55, 0x5B, 0x5F, 0x6C, 0x76,
    0xF6, 0xE9, 0xE0, 0xE2, 0xDD, 0xDD, 0xDE, 0xDE, 0xDB, 0xDB, 0xDA, 0xDA, 0xDA, 0xDA, 0xDC, 0xDF,
    0xE7, 0xFC, 0x6A, 0x5E, 0x58, 0x55, 0x51, 0x52, 0x54, 0x58, 0x5D, 0x66, 0x6E, 0xFA, 0xEE, 0xE8,
    0xE9, 0xEB, 0xF2, 0xFA, 0x77, 0x6F, 0x6B, 0x6D, 0x70, 0x79, 0xF7, 0xEF, 0xEA, 0xE8, 0xE6, 0xE9,
    0xF0, 0xF9, 0x75, 0x69, 0x5F, 0x5B, 0x57, 0x55, 0x53, 0x54, 0x54, 0x56, 0x59, 0x5D, 0x64, 0x6E,
    0xFC, 0xEA, 0xE0, 0xDB, 0xD7, 0xD6, 0xD5, 0xD6, 0xD8, 0xDC, 0xE1, 0xEE, 0x7E, 0x6A, 0x60, 0x5C,
    0x59, 0x58, 0x59, 0x5B, 0x62, 0x66, 0x73, 0xF7, 0xEA, 0xE3, 0xE0, 0xDD, 0xDD, 0xDF, 0xE4, 0xE8,
    0xF0, 0xFA, 0x7B, 0x7A, 0x76, 0x7C, 0xF7, 0xF0, 0xEA, 0xE9, 0xE4, 0xE5, 0xE4, 0xE7, 0xE8, 0xEA,
    0xEB, 0xEB, 0xEB, 0xEB, 0xED, 0xEF, 0xF2, 0xF6, 0xFE, 0x7C, 0x74, 0x72, 0x6E, 0x6D, 0x6D, 0x6D,
    0x6B, 0x6F, 0x74, 0x77, 0x7E, 0xFF, 0xF9, 0xF7, 0xF6, 0xF4, 0xF3, 0xF5, 0xF4, 0xFB, 0xFB, 0x7D,
    0x79, 0x75, 0x6E, 0x6E, 0x6B, 0x6B, 0x6D, 0x6B, 0x6C, 0x6F, 0x75, 0x78, 0xFE, 0xFC, 0xFA, 0xF9,
    0xFE, 0xFF, 0x7A, 0x76, 0x71, 0x70, 0x73, 0x76, 0x77, 0x7B, 0x7E, 0xF9, 0xF9, 0xFA, 0xF9, 0x7E,
    0x76, 0x71, 0x6C, 0x69, 0x67, 0x67, 0x6A, 0x69, 0x6D, 0x73, 0x7E, 0xF6, 0xED, 0xE8, 0xE2, 0xE2,
    0xE2, 0xE3, 0xE8, 0xEA, 0xF0, 0xF5, 0xF5, 0x7C, 0x7D, 0x7E, 0x79, 0x7D, 0x7E, 0xFA, 0xFD, 0x7C,
    0xF9, 0xFC, 0xFD, 0xFE, 0xFA, 0xF7, 0xF3, 0xF1, 0xE9, 0xE8, 0xE7, 0xE5, 0xE2, 0xE2, 0xE6, 0xE6,
    0xE8, 0xEC, 0xF2, 0xF8, 0xF9, 0xFC, 0x7A, 0xFE, 0xFB, 0xF6, 0xF2, 0xEE, 0xEB, 0xEB, 0xED, 0xEC,
    0xED, 0xF5, 0xFE, 0xFE, 0x7E, 0x72, 0x77, 0x6F, 0x74, 0x69, 0x60, 0x5E, 0x62, 0x59, 0x5A, 0x56,
    0x5B, 0x5F, 0xEF, 0xDB, 0xCC, 0xC6, 0xC0, 0xBC, 0xBB, 0xBC, 0xBF, 0xC4, 0xD0, 0xE7, 0x5E, 0x4D,
    0x44, 0x3E, 0x3C, 0x3D, 0x3D, 0x3F, 0x44, 0x4B, 0x55, 0x62, 0xF5, 0xE3, 0xDA, 0xD6, 0xD2, 0xD2,
    0xD3, 0xD6, 0xD6, 0xDC, 0xE3, 0xED, 0xF4, 0x71, 0x67, 0x62, 0x5E, 0x5C, 0x5A, 0x5B, 0x5A, 0x5B,
    0x5A, 0x5D, 0x5D, 0x5D, 0x5D, 0x5F, 0x5F, 0x61, 0x63, 0x68, 0x6B, 0x76, 0x7E, 0xF2, 0xEC, 0xEA,
    0xE8, 0xE6, 0xEA, 0xE9, 0xEA, 0xEB, 0xEC, 0xF1, 0xEF, 0xF3, 0xF2, 0xFE, 0xFF, 0x75, 0x6D, 0x67,
    0x65, 0x60, 0x5F, 0x5D, 0x5D, 0x5E, 0x64, 0x6A, 0x76, 0xF8, 0xEB, 0xE3, 0xDE, 0xDB, 0xDA, 0xD9,
    0xDC, 0xDC, 0xE2, 0xEB, 0xF9, 0x75, 0x6A, 0x66, 0x64, 0x64, 0x66, 0x67, 0x72, 0x74, 0xFE, 0x7D,
    0xF5, 0xFE, 0x7C, 0x78, 0x7A, 0x7D, 0x79, 0xF8, 0xEF, 0xE9, 0xE6, 0xE1, 0xDE, 0xDE, 0xE0, 0xDF,
    0xE2, 0xE3, 0xE7, 0xE7, 0xE8, 0xED, 0xF3, 0xF4, 0xFB, 0x7E, 0x7B, 0x6E, 0x6B, 0x64, 0x65, 0x5F,
    0x62, 0x62, 0x65, 0x67, 0x71, 0xFE, 0xEE, 0xE9, 0xE2, 0xDE, 0xDE, 0xDD, 0xDE, 0xE0, 0xE4, 0xE9,
    0xF1, 0xF5, 0x78, 0x7B, 0x74, 0x7A, 0x7D, 0x7D, 0xFF, 0xFF, 0xFF, 0x79, 0x75, 0x6E, 0x6C, 0x66,
    0x62, 0x5F, 0x5D, 0x5D, 0x5D, 0x60, 0x64, 0x6B, 0x70, 0xFE, 0xF8, 0xEF, 0xEF, 0xEB, 0xF2, 0xF0,
    0xFD, 0xFF, 0x77, 0x6C, 0x68, 0x62, 0x5F, 0x5D, 0x5C, 0x5C, 0x5D, 0x5F, 0x65, 0x69, 0x6F, 0x73,
    0x7A, 0xFD, 0xFC, 0x7B, 0x77, 0x72, 0x6B, 0x6B, 0x6A, 0x6A, 0x6A, 0x6B, 0x6C, 0x6F, 0x6E, 0x6E,
    0x72, 0x72, 0x71, 0x74, 0x76, 0x7C, 0x7E, 0xFB, 0xF8, 0xF2, 0xEE, 0xEC, 0xEE, 0xEC, 0xEE, 0xEF,
    0xF6, 0xFF, 0x77, 0x6F, 0x6C, 0x68, 0x64, 0x64, 0x66, 0x69, 0x6A, 0x6E, 0x76, 0xFE, 0xF8, 0xEE,
    0xEC, 0xE9, 0xE8, 0xE8, 0xE7, 0xE8, 0xEA, 0xEA, 0xED, 0xF2, 0xFE, 0x7C, 0x77, 0x79, 0x7A, 0x7D,
    0xFB, 0xF3, 0xEF, 0xEE, 0xEC, 0xEC, 0xEC, 0xF2, 0xF8, 0xFB, 0x7A, 0x76, 0x73, 0x77, 0xFD, 0xF7,
    0xEC, 0xE9, 0xE2, 0xE0, 0xDF, 0xDD, 0xDE, 0xDF, 0xE1, 0xE7, 0xED, 0xFB, 0x74, 0x6D, 0x6B, 0x68,
    0x68, 0x6C, 0x75, 0x7C, 0x7E, 0xFB, 0xF8, 0xFB, 0xFF, 0xFA, 0xF4, 0xF9, 0xFF, 0xFE, 0xFC, 0x7E,
    0xFE, 0xFD, 0xF9, 0xF6, 0xF2, 0xEF, 0xEF, 0xF3, 0xFA, 0xFE, 0xFF, 0x7E, 0x7B, 0xFD, 0xF6, 0xF3,
    0xEE, 0xEF, 0xEE, 0xEF, 0xF5, 0xF5, 0xFB, 0x7D, 0x7C, 0x79, 0x7B, 0x7A, 0x7C, 0xFD, 0xF9, 0xF8,
    0xF8, 0xF9, 0xFC, 0xFD, 0x7D, 0x7E, 0xFC, 0x7E, 0xFD, 0xFE, 0xFD, 0x7B, 0x78, 0x7A, 0x77, 0x76,
    0x78, 0x78, 0xFE, 0xFE, 0xF9, 0xF4, 0xEE, 0xED, 0xEC, 0xEC, 0xEB, 0xED, 0xED, 0xEF, 0xF1, 0xF5,
    0xFB, 0x7E, 0x7B, 0x76, 0x6F, 0x70, 0x6E, 0x6F, 0x6F, 0x70, 0x78, 0x7A, 0xFF, 0xFA, 0xF8, 0xFF,
    0x7E, 0x7A, 0x74, 0x71, 0x71, 0x75, 0x7A, 0x7D, 0xFD, 0xFB, 0xF5, 0xF7, 0xF6, 0xFE, 0x77, 0x75,
    0x70, 0x6A, 0x6A, 0x67, 0x69, 0x6B, 0x6F, 0x7B, 0x7D, 0xFD, 0xF9, 0xF8, 0xFA, 0xFF, 0xFF, 0x77,
    0x74, 0x6F, 0x6F, 0x6E, 0x6A, 0x6C, 0x6C, 0x6B, 0x6A, 0x67, 0x6B, 0x6B, 0x6D, 0x6F, 0xFC, 0xF7,
    0xEF, 0xEE, 0xEE, 0xF4, 0x7C, 0x78, 0x72, 0x72, 0x74, 0x7B, 0xF6, 0xF1, 0xF0, 0xEB, 0xE9, 0xEC,
    0xEB, 0xF0, 0xF5, 0x7B, 0x70, 0x6E, 0x6E, 0x6B, 0x6D, 0x72, 0x7A, 0xFD, 0xF7, 0xF1, 0xEF, 0xF3,
    0xF9, 0xF6, 0xF8, 0xF6, 0xF2, 0xEA, 0xE3, 0xDF, 0xDF, 0xDE, 0xDD, 0xDF, 0xE6, 0xED, 0x7E, 0x69,
    0x5D, 0x59, 0x56, 0x53, 0x53, 0x54, 0x57, 0x5B, 0x5F, 0x6A, 0x7E, 0xEF, 0xE5, 0xE1, 0xDE, 0xE1,
    0xE1, 0xE5, 0xE6, 0xF2, 0xF6, 0x79, 0x74, 0x6D, 0x6E, 0x6D, 0x77, 0x79, 0xFE, 0xF3, 0xEC, 0xEC,
    0xEC, 0xED, 0xEF, 0x7D, 0x72, 0x6A, 0x65, 0x60, 0x5E, 0x5E, 0x5F, 0x5F, 0x5F, 0x62, 0x67, 0x6D,
    0x75, 0xFC, 0xEE, 0xE9, 0xE6, 0xE6, 0xE5, 0xE6, 0xE3, 0xE5, 0xE2, 0xE0, 0xDF, 0xE2, 0xE7, 0xEF,
    0x7A, 0x6A, 0x5E, 0x5A, 0x55, 0x52, 0x50, 0x51, 0x52, 0x57, 0x5D, 0x69, 0x7C, 0xE6, 0xDB, 0xD7,
    0xD5, 0xD4, 0xD4, 0xD7, 0xDC, 0xE4, 0xEF, 0x70, 0x62, 0x5C, 0x59, 0x59, 0x57, 0x58, 0x59, 0x5C,
    0x5E, 0x61, 0x6A, 0x74, 0xFB, 0xF1, 0xE7, 0xE1, 0xDD, 0xDE, 0xDE, 0xE1, 0xE4, 0xEA, 0xEC, 0xE8,
    0xE5, 0xDE, 0xDB, 0xD6, 0xD2, 0xD0, 0xD1, 0xD4, 0xD8, 0xE0, 0xF7, 0x69, 0x5A, 0x51, 0x4D, 0x4C,
    0x4C, 0x4D, 0x4F, 0x57, 0x5F, 0x7D, 0xE7, 0xD8, 0xD2, 0xCC, 0xCA, 0xCA, 0xCB, 0xCC, 0xCE, 0xD3,
    0xDB, 0xE4, 0xFB, 0x69, 0x5D, 0x57, 0x54, 0x52, 0x51, 0x53, 0x56, 0x5A, 0x60, 0x68, 0x7D, 0xEE,
    0xE0, 0xDC, 0xD7, 0xD4, 0xD2, 0xD3, 0xD5, 0xD8, 0xDD, 0xE4, 0xF6, 0x77, 0x6C, 0x64, 0x61, 0x60,
    0x62, 0x66, 0x6A, 0x6E, 0x7B, 0xFF, 0xFE, 0xFF, 0xFF, 0x7E, 0x79, 0x6F, 0x6D, 0x6D, 0x6D, 0x69,
    0x6A, 0x70, 0x7B, 0xFD, 0xF4, 0xEC, 0xE7, 0xE6, 0xE7, 0xE7, 0xE9, 0xED, 0xF3, 0xFF, 0x79, 0x73,
    0x6B, 0x6B, 0x6A, 0x6D, 0x6A, 0x6B, 0x6C, 0x6E, 0x6D, 0x6B, 0x69, 0x6A, 0x6A, 0x6B, 0x71, 0x7C,
    0xFC, 0xEF, 0xEA, 0xE3, 0xE0, 0xE0, 0xE0, 0xE1, 0xE4, 0xE8, 0xEF, 0xF9, 0x76, 0x6E, 0x66, 0x60,
    0x5E, 0x5D, 0x5B, 0x5C, 0x5C, 0x5E, 0x61, 0x68, 0x6F, 0x7A, 0xFA, 0xEC, 0xE7, 0xE3, 0xE0, 0xE0,
    0xE1, 0xE8, 0xED, 0xFB, 0x74, 0x6A, 0x64, 0x62, 0x63, 0x5F, 0x60, 0x5F, 0x65, 0x65, 0x69, 0x6C,
    0x75, 0x79, 0xFE, 0xF4, 0xF1, 0xEF, 0xF3, 0xEF, 0xF1, 0xF6, 0xF9, 0x7E, 0x7B, 0x72, 0x6E, 0x6C,
    0x6A, 0x67, 0x66, 0x67, 0x66, 0x67, 0x67, 0x6A, 0x6C, 0x6A, 0x6A, 0x69, 0x66, 0x63, 0x60, 0x65,
    0x68, 0x6E, 0x77, 0xFC, 0xF5, 0xEE, 0xEE, 0xEE, 0xEF, 0xF6, 0xFD, 0x7B, 0x7C, 0x74, 0x75, 0x77,
    0x7E, 0xF7, 0xF6, 0xEE, 0xED, 0xE8, 0xEA, 0xEC, 0xF1, 0xF9, 0x7A, 0x6F, 0x6A, 0x65, 0x60, 0x60,
    0x62, 0x69, 0x74, 0xFB, 0xEB, 0xE1, 0xDC, 0xD9, 0xD8, 0xD7, 0xD7, 0xDB, 0xDE, 0xE2, 0xE9, 0xEF,
    0xFB, 0x7D, 0x7A, 0x77, 0x7C, 0xFB, 0xF1, 0xF3, 0xF7, 0xFA, 0x7E, 0x71, 0x6A, 0x68, 0x69, 0x6B,
    0x6C, 0x72, 0x76, 0xFE, 0xF8, 0xEE, 0xE7, 0xE3, 0xE0, 0xE1, 0xDF, 0xE3, 0xE7, 0xF2, 0xFF, 0x75,
    0x72, 0x72, 0x77, 0xFE, 0xF9, 0xF8, 0xFC, 0xFE, 0xFE, 0x7E, 0x7E, 0x7B, 0x78, 0x75, 0x76, 0x7B,
    0xFA, 0xF6, 0xF0, 0xEF, 0xF0, 0xF6, 0x7E, 0x7B, 0x77, 0x7A, 0x7B, 0xFD, 0xF7, 0xF0, 0xED, 0xEA,
    0xE6, 0xE5, 0xE6, 0xE9, 0xEC, 0xF0, 0xF8, 0xFE, 0x7C, 0x75, 0x6E, 0x68, 0x63, 0x60, 0x5F, 0x61,
    0x62, 0x67, 0x6E, 0x7E, 0xF2, 0xE8, 0xE1, 0xDE, 0xDC, 0xDC, 0xDD, 0xE2, 0xEB, 0xFB, 0x6F, 0x68,
    0x66, 0x67, 0x6B, 0x71, 0x77, 0xFE, 0xF8, 0xF3, 0xEF, 0xED, 0xED, 0xF0, 0xF6, 0xFD, 0x7B, 0x77,
    0x74, 0x7B, 0x7E, 0xFB, 0xFA, 0xFA, 0xFB, 0xFA, 0xF1, 0xEF, 0xEC, 0xED, 0xEE, 0xEF, 0xEF, 0xEF,
    0xF1, 0xF1, 0xF1, 0xF4, 0xF8, 0xFD, 0xFD, 0x7E, 0xFD, 0xFD, 0x7E, 0x79, 0x71, 0x6D, 0x6C, 0x6B,
    0x6B, 0x6D, 0x6E, 0x70, 0x72, 0x7A, 0xFC, 0xFB, 0xF5, 0xF5, 0xEF, 0xEC, 0xEB, 0xEA, 0xEC, 0xEC,
    0xEC, 0xEC, 0xEF, 0xF3, 0xF9, 0xFC, 0x7D, 0x76, 0x71, 0x6E, 0x6C, 0x6A, 0x68, 0x66, 0x67, 0x6E,
    0x75, 0xFD, 0xF6, 0xEE, 0xEB, 0xEC, 0xED, 0xF4, 0xFB, 0x7A, 0x77, 0x79, 0x7C, 0xFA, 0xEF, 0xE8,
    0xE4, 0xE6, 0xE9, 0xEE, 0xF7, 0x71, 0x69, 0x65, 0x65, 0x64, 0x67, 0x6A, 0x6D, 0x72, 0x77, 0xFE,
    0xFD, 0xFD, 0xFF, 0xFC, 0xF9, 0xF5, 0xEF, 0xEE, 0xEE, 0xF0, 0xF3, 0xF4, 0xF5, 0xF3, 0xF3, 0xF2,
    0xF7, 0xFC, 0x7B, 0x76, 0x74, 0x78, 0x7B, 0x7C, 0x7C, 0x7C, 0x7C, 0x7B, 0x7A, 0x7B, 0x79, 0x7B,
    0x78, 0x7D, 0xFD, 0xF7, 0xF3, 0xF1, 0xEE, 0xEE, 0xED, 0xED, 0xED, 0xEE, 0xF4, 0xFB, 0x7B, 0x76,
    0x71, 0x6E, 0x6E, 0x6E, 0x6E, 0x6E, 0x75, 0x7E, 0xF6, 0xF1, 0xEC, 0xEA, 0xE8, 0xEA, 0xEE, 0xF3,
    0xFB, 0x7B, 0x78, 0x77, 0x78, 0x78, 0x78, 0x7D, 0xFC, 0xF3, 0xED, 0xEA, 0xE9, 0xEB, 0xEE, 0xF5,
    0xFF, 0x73, 0x6B, 0x68, 0x67, 0x66, 0x68, 0x6C, 0x72, 0x7A, 0xFE, 0xF6, 0xF1, 0xEE, 0xED, 0xEB,
    0xEB, 0xEC, 0xEE, 0xEF, 0xF3, 0xFB, 0x7C, 0x74, 0x6E, 0x6A, 0x69, 0x6A, 0x6C, 0x6D, 0x6E, 0x6E,
    0x6F, 0x6F, 0x6F, 0x74, 0x7C, 0xFB, 0xF5, 0xF2, 0xEF, 0xEF, 0xF3, 0xFA, 0x7D, 0x75, 0x6E, 0x6B,
    0x6B, 0x6D, 0x6E, 0x70, 0x76, 0x7C, 0xFE, 0xFA, 0xF9, 0xF5, 0xF5, 0xF3, 0xF0, 0xEE, 0xEF, 0xF5,
    0xFC, 0x7A, 0x72, 0x6C, 0x6A, 0x68, 0x69, 0x6A, 0x6B, 0x6F, 0x75, 0x7E, 0xF9, 0xF4, 0xF1, 0xF1,
    0xF0, 0xF0, 0xF1, 0xF3, 0xF5, 0xF7, 0xF9, 0xFB, 0xFE, 0x7B, 0x77, 0x77, 0x75, 0x76, 0x76, 0x78,
    0x79, 0x7B, 0x7C, 0x7B, 0x7C, 0x7D, 0xFE, 0xFC, 0xFA, 0xF7, 0xF5, 0xF3, 0xF6, 0xF9, 0xFE, 0x7E,
    0x7D, 0xFF, 0xFD, 0xF9, 0xF8, 0xF7, 0xF8, 0xFA, 0xFC, 0xFD, 0xFE, 0xFE, 0x7C, 0x7B, 0x78, 0x76,
    0x74, 0x71, 0x70, 0x70, 0x74, 0x76, 0x7A, 0xFF, 0xF9, 0xF8, 0xF9, 0xFA, 0xFB, 0xFC, 0xFF, 0x7B,
    0x79, 0x7C, 0x7E, 0xFE, 0xFA, 0xF6, 0xF3, 0xF3, 0xF4, 0xF7, 0xFB, 0x7C, 0x76, 0x70, 0x6D, 0x6A,
    0x6A, 0x6C, 0x6F, 0x76, 0x7E, 0xF8, 0xEF, 0xED, 0xEC, 0xEC, 0xEE, 0xF0, 0xF6, 0xFE, 0x79, 0x72,
    0x6D, 0x6C, 0x6B, 0x6C, 0x6E, 0x73, 0x7A, 0xFD, 0xF6, 0xF3, 0xF0, 0xEF, 0xF2, 0xF9, 0x7E, 0x78,
    0x73, 0x71, 0x6F, 0x6F, 0x70, 0x74, 0x77, 0x79, 0x79, 0x7B, 0x7B, 0x7E, 0xFF, 0x7E, 0xFF, 0x7E,
    0x7D, 0x7B, 0x79, 0x79, 0x7A, 0x7D, 0xFD, 0xF9, 0xF5, 0xF0, 0xED, 0xEC, 0xEB, 0xEA, 0xEB, 0xEC,
    0xEE, 0xF4, 0xFB, 0x7D, 0x78, 0x75, 0x73, 0x73, 0x72, 0x73, 0x76, 0x78, 0x7B, 0x7A, 0x7A, 0x78,
    0x76, 0x73, 0x72, 0x71, 0x71, 0x70, 0x70, 0x71, 0x73, 0x74, 0x75, 0x75, 0x76, 0x74, 0x71, 0x71,
    0x72, 0x73, 0x76, 0x78, 0x7C, 0xFF, 0xFC, 0xF9, 0xF9, 0xF8, 0xF8, 0xF9, 0xF8, 0xF7, 0xF4, 0xF2,
    0xEF, 0xED, 0xEC, 0xEB, 0xEA, 0xEA, 0xEA, 0xEB, 0xEC, 0xEE, 0xEF, 0xF3, 0xFA, 0xFF, 0x79, 0x73,
    0x6E, 0x6B, 0x69, 0x68, 0x67, 0x66, 0x66, 0x67, 0x68, 0x68, 0x68, 0x68, 0x68, 0x67, 0x66, 0x66,
    0x63, 0x63, 0x62, 0x63, 0x65, 0x68, 0x6C, 0x72, 0x7D, 0xF8, 0xEE, 0xE9, 0xE6, 0xE3, 0xE0, 0xDE,
    0xDD, 0xDC, 0xDC, 0xDB, 0xDA, 0xD9, 0xD8, 0xD8, 0xD8, 0xD8, 0xD9, 0xDA, 0xDB, 0xDE, 0xE3, 0xE9,
    0xEF, 0xFB, 0x77, 0x6D, 0x67, 0x62, 0x5E, 0x5B, 0x58, 0x56, 0x54, 0x52, 0x4F, 0x4F, 0x4E, 0x4E,
    0x4D, 0x4D, 0x4C, 0x4C, 0x4D, 0x4D, 0x4F, 0x51, 0x55, 0x5B, 0x63, 0x71, 0xEF, 0xE0, 0xD7, 0xCF,
    0xCC, 0xC8, 0xC5, 0xC2, 0xBF, 0xBE, 0xBE, 0xBD, 0xBD, 0xBE, 0xBE, 0xBF, 0xC2, 0xC5, 0xC9, 0xCD,
    0xD3, 0xDB, 0xE7, 0xFE, 0x67, 0x5C, 0x54, 0x4E, 0x4A, 0x47, 0x43, 0x3F, 0x3D, 0x3B, 0x3A, 0x38,
    0x36, 0x35, 0x35, 0x35, 0x35, 0x35, 0x36, 0x38, 0x3B, 0x3E, 0x45, 0x50, 0x7C, 0xCE, 0xBF, 0xB6,
    0xAF, 0xAC, 0xA9, 0xA7, 0xA6, 0xA7, 0xA8, 0xAB, 0xAE, 0xB5, 0xBD, 0xCB, 0xE8, 0x5B, 0x4D, 0x48,
    0x46, 0x48, 0x4C, 0x54, 0x5E, 0x6A, 0x77, 0x79, 0x6B, 0x5A, 0x4D, 0x44, 0x3D, 0x39, 0x35, 0x32,
    0x2F, 0x2F, 0x2E, 0x2E, 0x2F, 0x2F, 0x2F, 0x31, 0x34, 0x3B, 0x45, 0x5C, 0xD3, 0xBD, 0xB1, 0xAB,
    0xA7, 0xA4, 0xA3, 0xA3, 0xA5, 0xA9, 0xAE, 0xB7, 0xC6, 0xE1, 0x59, 0x4A, 0x44, 0x45, 0x4C, 0x5D,
    0xED, 0xD3, 0xC9, 0xC4, 0xC2, 0xC5, 0xCB, 0xD9, 0x70, 0x53, 0x48, 0x3F, 0x3A, 0x37, 0x36, 0x36,
    0x35, 0x34, 0x34, 0x34, 0x33, 0x31, 0x2F, 0x2D, 0x2C, 0x2B, 0x2D, 0x32, 0x3A, 0x4C, 0xD7, 0xB9,
    0xAD, 0xA6, 0xA2, 0xA0, 0xA0, 0xA2, 0xA7, 0xAC, 0xB7, 0xCA, 0x6A, 0x4A, 0x40, 0x3D, 0x3E, 0x49,
    0x63, 0xDA, 0xC9, 0xC0, 0xBD, 0xBC, 0xBE, 0xC5, 0xD0, 0xEE, 0x5C, 0x4E, 0x47, 0x40, 0x3E, 0x3D,
    0x3D, 0x3D, 0x3C, 0x3B, 0x39, 0x37, 0x33, 0x2F, 0x2C, 0x2A, 0x28, 0x27, 0x29, 0x2D, 0x35, 0x45,
    0xD9, 0xB7, 0xAA, 0xA3, 0x9F, 0x9E, 0x9E, 0x9F, 0xA4, 0xAB, 0xB8, 0xD1, 0x4F, 0x3E, 0x38, 0x36,
    0x38, 0x3F, 0x56, 0xDB, 0xC5, 0xBC, 0xB8, 0xB7, 0xB9, 0xBE, 0xC7, 0xD8, 0x6F, 0x56, 0x4D, 0x48,
    0x45, 0x43, 0x43, 0x43, 0x40, 0x3D, 0x3A, 0x37, 0x32, 0x2E, 0x2B, 0x29, 0x26, 0x25, 0x26, 0x2A,
    0x31, 0x3F, 0xEE, 0xB9, 0xAA, 0xA2, 0x9E, 0x9C, 0x9C, 0x9E, 0xA3, 0xAB, 0xB8, 0xDE, 0x44, 0x37,
    0x32, 0x32, 0x34, 0x3B, 0x4E, 0xD9, 0xC0, 0xB9, 0xB5, 0xB4, 0xB6, 0xBA, 0xC1, 0xCE, 0xEE, 0x5E,
    0x55, 0x4F, 0x4A, 0x46, 0x45, 0x44, 0x40, 0x3C, 0x38, 0x34, 0x30, 0x2E, 0x2B, 0x29, 0x27, 0x25,
    0x25, 0x27, 0x2D, 0x38, 0x53, 0xC4, 0xAE, 0xA4, 0x9E, 0x9C, 0x9B, 0x9D, 0xA0, 0xA8, 0xB4, 0xD2,
    0x43, 0x33, 0x2D, 0x2C, 0x2E, 0x34, 0x40, 0xFE, 0xC2, 0xB7, 0xB1, 0xAF, 0xAF, 0xB4, 0xBA, 0xC4,
    0xD6, 0x75, 0x5A, 0x55, 0x50, 0x4D, 0x4B, 0x4A, 0x48, 0x42, 0x3C, 0x38, 0x33, 0x2F, 0x2C, 0x2A,
    0x27, 0x25, 0x24, 0x24, 0x27, 0x2E, 0x3D, 0xEC, 0xB8, 0xA9, 0x9F, 0x9C, 0x9A, 0x9B, 0x9E, 0xA4,
    0xAE, 0xC5, 0x4B, 0x33, 0x2B, 0x2A, 0x2C, 0x30, 0x3B, 0x5B, 0xC5, 0xB5, 0xAE, 0xAD, 0xAE, 0xB0,
    0xB7, 0xBF, 0xCE, 0xEE, 0x5B, 0x54, 0x55, 0x53, 0x4D, 0x4A, 0x48, 0x45, 0x3E, 0x39, 0x35, 0x31,
    0x2E, 0x2C, 0x2A, 0x28, 0x26, 0x25, 0x25, 0x29, 0x31, 0x46, 0xD0, 0xB2, 0xA6, 0x9E, 0x9B, 0x9B,
    0x9C, 0x9F, 0xA9, 0xB7, 0xF8, 0x3A, 0x2C, 0x28, 0x28, 0x2C, 0x33, 0x44, 0xDA, 0xB9, 0xAE, 0xAB,
    0xAB, 0xAC, 0xB0, 0xB8, 0xC1, 0xD2, 0x76, 0x56, 0x50, 0x53, 0x50, 0x4B, 0x47, 0x45, 0x41, 0x3C,
    0x37, 0x33, 0x2F, 0x2D, 0x2C, 0x2A, 0x28, 0x26, 0x25, 0x27, 0x2C, 0x3A, 0x6E, 0xBC, 0xAB, 0xA0,
    0x9C, 0x9A, 0x9B, 0x9E, 0xA5, 0xB2, 0xD4, 0x3E, 0x2D, 0x27, 0x26, 0x2A, 0x31, 0x40, 0xEC, 0xBC,
    0xAE, 0xAA, 0xA9, 0xAB, 0xAE, 0xB6, 0xBF, 0xCE, 0xEE, 0x5C, 0x51, 0x54, 0x59, 0x52, 0x4B, 0x45,
    0x42, 0x3E, 0x39, 0x35, 0x31, 0x2F, 0x2E, 0x2D, 0x2B, 0x2A, 0x28, 0x27, 0x29, 0x2E, 0x3E, 0xE1,
    0xB7, 0xA8, 0x9F, 0x9C, 0x9B, 0x9C, 0x9F, 0xA9, 0xBB, 0x59, 0x34, 0x2A, 0x25, 0x26, 0x2B, 0x36,
    0x51, 0xC8, 0xB3, 0xAB, 0xA8, 0xA9, 0xAB, 0xB0, 0xBA, 0xC5, 0xD7, 0x76, 0x59, 0x50, 0x54, 0x57,
    0x51, 0x49, 0x43, 0x3F, 0x3C, 0x39, 0x35, 0x32, 0x2F, 0x2E, 0x2D, 0x2B, 0x29, 0x28, 0x27, 0x2A,
    0x31, 0x4A, 0xC8, 0xB0, 0xA5, 0x9E, 0x9B, 0x9B, 0x9D, 0xA4, 0xB0, 0xD6, 0x3D, 0x2D, 0x27, 0x25,
    0x28, 0x31, 0x45, 0xD7, 0xBA, 0xAE, 0xA9, 0xA8, 0xAA, 0xAF, 0xB7, 0xBF, 0xCC, 0xE1, 0x69, 0x56,
    0x4F, 0x51, 0x4F, 0x48, 0x41, 0x3E, 0x3D, 0x3C, 0x39, 0x36, 0x34, 0x32, 0x2F, 0x2D, 0x2B, 0x29,
    0x27, 0x27, 0x2B, 0x37, 0x6B, 0xBB, 0xAB, 0xA0, 0x9C, 0x9B, 0x9C, 0xA0, 0xAB, 0xC0, 0x4A, 0x31,
    0x29, 0x26, 0x26, 0x2D, 0x3C, 0xFA, 0xBE, 0xB1, 0xAB, 0xA9, 0xA9, 0xAD, 0xB3, 0xBC, 0xC7, 0xD3,
    0xED, 0x66, 0x55, 0x4F, 0x4E, 0x4B, 0x43, 0x3E, 0x3C, 0x3C, 0x3D, 0x3C, 0x3B, 0x39, 0x36, 0x31,
    0x2D, 0x2A, 0x27, 0x26, 0x26, 0x2A, 0x36, 0x72, 0xB8, 0xA8, 0x9F, 0x9C, 0x9B, 0x9D, 0xA3, 0xAF,
    0xD6, 0x3D, 0x2D, 0x28, 0x26, 0x2A, 0x32, 0x4C, 0xC9, 0xB6, 0xAE, 0xAA, 0xAA, 0xAC, 0xAF, 0xB7,
    0xBF, 0xC9, 0xD2, 0xDF, 0x78, 0x58, 0x4C, 0x46, 0x41, 0x3D, 0x3B, 0x3B, 0x3E, 0x41, 0x44, 0x42,
    0x3D, 0x38, 0x31, 0x2C, 0x29, 0x26, 0x25, 0x26, 0x2B, 0x3B, 0xD9, 0xB1, 0xA6, 0x9E, 0x9C, 0x9C,
    0x9E, 0xA8, 0xB8, 0x62, 0x37, 0x2C, 0x29, 0x2A, 0x2E, 0x3C, 0xF6, 0xBE, 0xB2, 0xAE, 0xAC, 0xAD,
    0xAE, 0xB4, 0xBA, 0xBF, 0xC8, 0xCE, 0xD8, 0xFB, 0x54, 0x46, 0x3F, 0x3D, 0x3C, 0x3C, 0x3D, 0x43,
    0x4C, 0x50, 0x4C, 0x3F, 0x36, 0x2E, 0x29, 0x26, 0x24, 0x24, 0x26, 0x2E, 0x45, 0xC2, 0xAC, 0xA4,
    0x9E, 0x9D, 0x9D, 0xA2, 0xAD, 0xC6, 0x46, 0x33, 0x2C, 0x2B, 0x2D, 0x36, 0x4C, 0xCD, 0xB8, 0xB1,
    0xAE, 0xAE, 0xAF, 0xB2, 0xB6, 0xBB, 0xBF, 0xC5, 0xCA, 0xD4, 0xFC, 0x51, 0x44, 0x3F, 0x3E, 0x3D,
    0x3E, 0x44, 0x4D, 0x58, 0x57, 0x4A, 0x3D, 0x34, 0x2D, 0x28, 0x25, 0x24, 0x25, 0x29, 0x2F, 0x46,
    0xC7, 0xAF, 0xA6, 0xA0, 0x9E, 0x9F, 0xA4, 0xAD, 0xBE, 0x5B, 0x3A, 0x31, 0x2F, 0x31, 0x38, 0x4B,
    0xD7, 0xBD, 0xB4, 0xAF, 0xAF, 0xAF, 0xB1, 0xB4, 0xB9, 0xBF, 0xC8, 0xCE, 0xE0, 0x5F, 0x4A, 0x41,
    0x3F, 0x3F, 0x42, 0x46, 0x4C, 0x52, 0x58, 0x52, 0x45, 0x39, 0x2F, 0x2B, 0x27, 0x25, 0x25, 0x27,
    0x2C, 0x36, 0x55, 0xBE, 0xAD, 0xA6, 0xA2, 0xA0, 0xA2, 0xA7, 0xB1, 0xC8, 0x4E, 0x39, 0x31, 0x2F,
    0x33, 0x3B, 0x4F, 0xD0, 0xBB, 0xB4, 0xB0, 0xAF, 0xAF, 0xB0, 0xB4, 0xBA, 0xC1, 0xCC, 0xDB, 0x6E,
    0x4F, 0x43, 0x3D, 0x3E, 0x3F, 0x46, 0x4B, 0x56, 0x61, 0x62, 0x55, 0x43, 0x37, 0x2E, 0x29, 0x26,
    0x25, 0x26, 0x29, 0x2E, 0x3A, 0x7C, 0xBA, 0xAC, 0xA6, 0xA3, 0xA2, 0xA5, 0xAB, 0xB7, 0xD2, 0x4A,
    0x39, 0x34, 0x33, 0x39, 0x42, 0x68, 0xC9, 0xBA, 0xB4, 0xB1, 0xB0, 0xB0, 0xB3, 0xB7, 0xBC, 0xC2,
    0xCC, 0xDA, 0x71, 0x51, 0x46, 0x40, 0x40, 0x44, 0x48, 0x4C, 0x53, 0x5A, 0x57, 0x49, 0x3C, 0x33,
    0x2C, 0x29, 0x27, 0x27, 0x2A, 0x2D, 0x35, 0x46, 0xD4, 0xB7, 0xAC, 0xA7, 0xA5, 0xA5, 0xA8, 0xAE,
    0xBB, 0xDE, 0x47, 0x3A, 0x36, 0x37, 0x3C, 0x47, 0xFD, 0xC5, 0xB8, 0xB1, 0xAF, 0xAF, 0xB0, 0xB3,
    0xB8, 0xBE, 0xC8, 0xD6, 0xFA, 0x58, 0x4A, 0x41, 0x3F, 0x43, 0x4B, 0x54, 0x5C, 0x61, 0x5D, 0x4F,
    0x42, 0x37, 0x2E, 0x2A, 0x28, 0x27, 0x28, 0x2B, 0x2F, 0x39, 0x4E, 0xCA, 0xB5, 0xAD, 0xA9, 0xA7,
    0xA7, 0xAA, 0xAF, 0xBE, 0xEB, 0x47, 0x3B, 0x38, 0x39, 0x3E, 0x4E, 0xDB, 0xBF, 0xB7, 0xB2, 0xAF,
    0xAF, 0xB1, 0xB4, 0xBA, 0xC1, 0xCE, 0xE7, 0x64, 0x4F, 0x47, 0x42, 0x44, 0x48, 0x4E, 0x55, 0x5C,
    0x5E, 0x54, 0x48, 0x3C, 0x33, 0x2D, 0x2A, 0x28, 0x29, 0x2B, 0x2E, 0x35, 0x40, 0x78, 0xC0, 0xB2,
    0xAC, 0xA9, 0xA8, 0xA9, 0xAD, 0xB6, 0xC9, 0x5B, 0x41, 0x3B, 0x3A, 0x3D, 0x46, 0x69, 0xCB, 0xBA,
    0xB3, 0xB0, 0xB0, 0xB1, 0xB4, 0xB9, 0xBF, 0xCD, 0xE4, 0x67, 0x56, 0x4D, 0x46, 0x43, 0x45, 0x4B,
    0x52, 0x59, 0x5A, 0x53, 0x4A, 0x3F, 0x36, 0x2E, 0x2B, 0x29, 0x29, 0x2B, 0x2E, 0x35, 0x3F, 0x67,
    0xC3, 0xB4, 0xAD, 0xAB, 0xAB, 0xAC, 0xAE, 0xB8, 0xC8, 0x67, 0x47, 0x3F, 0x3E, 0x42, 0x4A, 0x6B,
    0xCE, 0xBD, 0xB6, 0xB3, 0xB2, 0xB4, 0xB6, 0xB9, 0xBE, 0xCA, 0xDB, 0xFA, 0x62, 0x55, 0x4C, 0x47,
    0x48, 0x4D, 0x55, 0x58, 0x56, 0x4F, 0x47, 0x3E, 0x37, 0x2F, 0x2C, 0x2A, 0x2B, 0x2D, 0x30, 0x37,
    0x3F, 0x53, 0xD4, 0xBC, 0xB3, 0xAE, 0xAC, 0xAC, 0xAD, 0xB2, 0xBD, 0xD6, 0x56, 0x45, 0x3F, 0x40,
    0x46, 0x57, 0xDC, 0xC2, 0xB9, 0xB5, 0xB3, 0xB3, 0xB5, 0xB9, 0xBE, 0xC8, 0xD8, 0xF5, 0x62, 0x55,
    0x4C, 0x48, 0x49, 0x4D, 0x54, 0x57, 0x55, 0x4E, 0x47, 0x3D, 0x36, 0x2F, 0x2C, 0x2B, 0x2C, 0x2E,
    0x32, 0x38, 0x40, 0x58, 0xD0, 0xBC, 0xB3, 0xAF, 0xAD, 0xAD, 0xAF, 0xB7, 0xC3, 0xE5, 0x51, 0x45,
    0x43, 0x48, 0x52, 0x7E, 0xCD, 0xBE, 0xB8, 0xB6, 0xB5, 0xB6, 0xB8, 0xBC, 0xC0, 0xCA, 0xD6, 0xED,
    0x63, 0x54, 0x4C, 0x48, 0x48, 0x4B, 0x50, 0x55, 0x54, 0x4D, 0x45, 0x3C, 0x35, 0x2F, 0x2D, 0x2C,
    0x2D, 0x2F, 0x35, 0x3B, 0x46, 0x65, 0xCC, 0xBB, 0xB3, 0xAF, 0xAF, 0xAF, 0xB3, 0xBB, 0xCA, 0xF9,
    0x4F, 0x48, 0x48, 0x4D, 0x5B, 0xE7, 0xCA, 0xBD, 0xB8, 0xB6, 0xB7, 0xB8, 0xBA, 0xBD, 0xC4, 0xCE,
    0xDD, 0xFB, 0x65, 0x58, 0x4F, 0x4C, 0x4D, 0x52, 0x58, 0x57, 0x50, 0x49, 0x40, 0x3A, 0x33, 0x2E,
    0x2C, 0x2C, 0x2D, 0x31, 0x38, 0x3E, 0x4B, 0xF4, 0xC6, 0xBA, 0xB4, 0xB1, 0xB0, 0xB1, 0xB5, 0xBC,
    0xCD, 0x77, 0x50, 0x4B, 0x4C, 0x52, 0x64, 0xDA, 0xC5, 0xBB, 0xB7, 0xB6, 0xB7, 0xB9, 0xBC, 0xC1,
    0xCB, 0xDA, 0xFC, 0x66, 0x5C, 0x56, 0x50, 0x4E, 0x4E, 0x50, 0x51, 0x4D, 0x48, 0x41, 0x3B, 0x36,
    0x30, 0x2E, 0x2D, 0x2E, 0x31, 0x36, 0x3C, 0x45, 0x5C, 0xD2, 0xBD, 0xB6, 0xB1, 0xAF, 0xAF, 0xB2,
    0xB8, 0xC3, 0xDF, 0x59, 0x4A, 0x49, 0x4D, 0x5B, 0xEA, 0xCB, 0xBD, 0xB8, 0xB7, 0xB8, 0xBA, 0xBD,
    0xC1, 0xC9, 0xD4, 0xE4, 0x7D, 0x6C, 0x60, 0x57, 0x4F, 0x4E, 0x4F, 0x4F, 0x4D, 0x48, 0x43, 0x3E,
    0x39, 0x34, 0x2F, 0x2E, 0x2E, 0x30, 0x36, 0x3C, 0x44, 0x59, 0xD5, 0xBE, 0xB6, 0xB2, 0xB0, 0xB1,
    0xB3, 0xBA, 0xC6, 0xE9, 0x56, 0x4C, 0x4D, 0x56, 0x6E, 0xDA, 0xC8, 0xBD, 0xB9, 0xB9, 0xBA, 0xBC,
    0xBF, 0xC4, 0xC9, 0xD0, 0xDC, 0xEF, 0x6E, 0x61, 0x58, 0x51, 0x4E, 0x4E, 0x4F, 0x4E, 0x4B, 0x45,
    0x3E, 0x39, 0x33, 0x2F, 0x2F, 0x2F, 0x32, 0x36, 0x3B, 0x42, 0x50, 0xE9, 0xC5, 0xB9, 0xB3, 0xAF,
    0xAF, 0xB1, 0xB7, 0xC0, 0xD7, 0x5D, 0x4A, 0x48, 0x4D, 0x60, 0xDD, 0xC8, 0xBD, 0xB9, 0xB8, 0xB9,
    0xBC, 0xBF, 0xC4, 0xCB, 0xD2, 0xDD, 0xF0, 0x6D, 0x5F, 0x59, 0x52, 0x50, 0x50, 0x50, 0x4F, 0x4B,
    0x44, 0x3E, 0x39, 0x33, 0x2F, 0x2E, 0x2F, 0x31, 0x35, 0x3B, 0x42, 0x55, 0xD7, 0xBE, 0xB5, 0xB1,
    0xAF, 0xAF, 0xB3, 0xBA, 0xC8, 0xFA, 0x4F, 0x49, 0x4B, 0x56, 0x7E, 0xD3, 0xC3, 0xBB, 0xB8, 0xB9,
    0xBC, 0xBE, 0xC2, 0xC7, 0xCE, 0xD9, 0xE8, 0xFA, 0x6A, 0x5D, 0x53, 0x4E, 0x4D, 0x4E, 0x50, 0x4D,
    0x49, 0x42, 0x3D, 0x38, 0x33, 0x2F, 0x2E, 0x2F, 0x32, 0x37, 0x3C, 0x46, 0x68, 0xCB, 0xBA, 0xB3,
    0xAF, 0xAF, 0xB0, 0xB5, 0xBE, 0xCF, 0x66, 0x4E, 0x4A, 0x4D, 0x5B, 0xED, 0xCE, 0xC1, 0xBB, 0xB9,
    0xBA, 0xBD, 0xBF, 0xC4, 0xCB, 0xD2, 0xDC, 0xE9, 0xFD, 0x69, 0x5C, 0x51, 0x4C, 0x4A, 0x4B, 0x4C,
    0x4C, 0x48, 0x41, 0x3C, 0x38, 0x34, 0x30, 0x2F, 0x2F, 0x33, 0x39, 0x3F, 0x4F, 0xDB, 0xBF, 0xB5,
    0xAF, 0xAF, 0xAF, 0xB4, 0xBB, 0xCA, 0x7C, 0x4D, 0x46, 0x49, 0x56, 0xF7, 0xD0, 0xC2, 0xBB, 0xB8,
    0xB8, 0xBB, 0xC0, 0xC7, 0xCC, 0xD3, 0xDF, 0xF5, 0x78, 0x76, 0x6D, 0x5D, 0x52, 0x4E, 0x4F, 0x50,
    0x4E, 0x4A, 0x43, 0x3D, 0x39, 0x35, 0x31, 0x2F, 0x2F, 0x31, 0x36, 0x3C, 0x45, 0x60, 0xCD, 0xBB,
    0xB3, 0xAF, 0xAF, 0xB1, 0xB6, 0xBF, 0xD4, 0x5D, 0x4A, 0x47, 0x4C, 0x5E, 0xE3, 0xCC, 0xBF, 0xBA,
    0xB8, 0xBA, 0xBD, 0xC1, 0xC6, 0xCB, 0xD2, 0xDE, 0xF7, 0x6B, 0x61, 0x5B, 0x55, 0x4E, 0x4D, 0x4F,
    0x50, 0x4D, 0x48, 0x40, 0x3B, 0x37, 0x32, 0x30, 0x2F, 0x31, 0x35, 0x39, 0x3F, 0x4E, 0xE5, 0xC1,
    0xB6, 0xB0, 0xAE, 0xAE, 0xB1, 0xB9, 0xC7, 0xF8, 0x4E, 0x46, 0x47, 0x4F, 0x70, 0xD0, 0xC1, 0xBB,
    0xB8, 0xBA, 0xBD, 0xC2, 0xC8, 0xCD, 0xD5, 0xDF, 0xEC, 0xF7, 0x78, 0x66, 0x5A, 0x52, 0x4E, 0x4D,
    0x4C, 0x4A, 0x46, 0x41, 0x3D, 0x39, 0x35, 0x31, 0x2F, 0x30, 0x33, 0x38, 0x3E, 0x4D, 0xE2, 0xBF,
    0xB5, 0xAF, 0xAE, 0xAF, 0xB3, 0xBB, 0xCB, 0x6F, 0x4D, 0x47, 0x4B, 0x5B, 0xE8, 0xCD, 0xC1, 0xBC,
    0xB9, 0xBB, 0xBF, 0xC6, 0xCB, 0xCE, 0xD1, 0xD6, 0xDC, 0xE7, 0xFA, 0x6A, 0x5B, 0x50, 0x4C, 0x4B,
    0x4B, 0x4B, 0x48, 0x43, 0x3D, 0x39, 0x35, 0x32, 0x30, 0x31, 0x33, 0x38, 0x3D, 0x47, 0x6B, 0xC9,
    0xB9, 0xB1, 0xAE, 0xAE, 0xB0, 0xB7, 0xC2, 0xDE, 0x56, 0x49, 0x48, 0x52, 0x74, 0xD5, 0xC6, 0xBD,
    0xBA, 0xBA, 0xBD, 0xC2, 0xC9, 0xCE, 0xD4, 0xDA, 0xE0, 0xEC, 0xFC, 0x6C, 0x5D, 0x52, 0x4D, 0x4C,
    0x4C, 0x4A, 0x48, 0x44, 0x3F, 0x3A, 0x36, 0x33, 0x31, 0x31, 0x33, 0x37, 0x3C, 0x46, 0x69, 0xC9,
    0xB9, 0xB1, 0xAE, 0xAE, 0xB0, 0xB7, 0xC2, 0xE0, 0x54, 0x48, 0x48, 0x52, 0x73, 0xD5, 0xC6, 0xBE,
    0xBB, 0xBB, 0xBE, 0xC2, 0xC7, 0xCB, 0xD0, 0xD9, 0xE3, 0xF0, 0x76, 0x66, 0x5A, 0x4F, 0x4C, 0x4C,
    0x4E, 0x4E, 0x4A, 0x44, 0x3E, 0x3A, 0x37, 0x33, 0x31, 0x31, 0x33, 0x37, 0x3C, 0x46, 0x61, 0xCB,
    0xBA, 0xB2, 0xAF, 0xAE, 0xB0, 0xB7, 0xC0, 0xDA, 0x5A, 0x4B, 0x4A, 0x53, 0x6E, 0xDA, 0xC9, 0xBF,
    0xBC, 0xBD, 0xC0, 0xC8, 0xCE, 0xD3, 0xD7, 0xDB, 0xDF, 0xE7, 0xF1, 0x6C, 0x5B, 0x4F, 0x4A, 0x49,
    0x49, 0x48, 0x46, 0x42, 0x3E, 0x3B, 0x38, 0x35, 0x33, 0x32, 0x34, 0x39, 0x41, 0x5C, 0xCD, 0xBB,
    0xB2, 0xAF, 0xAF, 0xB2, 0xB9, 0xC6, 0xE7, 0x57, 0x4C, 0x4E, 0x5C, 0xE7, 0xCC, 0xC0, 0xBC, 0xBC,
    0xBE, 0xC5, 0xCC, 0xD4, 0xD9, 0xDC, 0xDA, 0xD7, 0xD7, 0xDE, 0xFD, 0x5B, 0x4D, 0x47, 0x44, 0x44,
    0x44, 0x44, 0x44, 0x41, 0x3E, 0x3B, 0x38, 0x36, 0x35, 0x36, 0x39, 0x3F, 0x52, 0xD8, 0xBF, 0xB6,
    0xB1, 0xB0, 0xB3, 0xB9, 0xC4, 0xDD, 0x5C, 0x4F, 0x50, 0x5D, 0xEB, 0xCE, 0xC3, 0xBD, 0xBC, 0xBE,
    0xC5, 0xCE, 0xD9, 0xDF, 0xE6, 0xE6, 0xE1, 0xDD, 0xDD, 0xEB, 0x67, 0x52, 0x4A, 0x45, 0x44, 0x43,
    0x43, 0x43, 0x42, 0x3E, 0x3B, 0x38, 0x36, 0x36, 0x38, 0x3C, 0x44, 0x5F, 0xCD, 0xBD, 0xB6, 0xB4,
    0xB4, 0xB7, 0xBD, 0xCA, 0xEE, 0x59, 0x4F, 0x59, 0x79, 0xD8, 0xCA, 0xC2, 0xBD, 0xBD, 0xBF, 0xC9,
    0xD3, 0xDF, 0xE6, 0xE9, 0xE4, 0xDE, 0xDB, 0xDD, 0xEC, 0x63, 0x50, 0x49, 0x45, 0x44, 0x45, 0x45,
    0x45, 0x44, 0x40, 0x3D, 0x3B, 0x39, 0x38, 0x3A, 0x3D, 0x46, 0x5B, 0xD6, 0xC1, 0xB9, 0xB6, 0xB5,
    0xB8, 0xBD, 0xC8, 0xDB, 0x68, 0x59, 0x5C, 0xFE, 0xD8, 0xCB, 0xC3, 0xBF, 0xBE, 0xC2, 0xC9, 0xCF,
    0xD8, 0xDC, 0xDC, 0xDD, 0xE2, 0xEF, 0x74, 0x61, 0x54, 0x4C, 0x48, 0x48, 0x4A, 0x4B, 0x49, 0x46,
    0x42, 0x3E, 0x3B, 0x39, 0x38, 0x38, 0x3C, 0x43, 0x50, 0xF5, 0xCC, 0xBF, 0xBA, 0xB8, 0xB8, 0xBB,
    0xBF, 0xCB, 0xDB, 0xFF, 0x67, 0x6F, 0xE9, 0xD6, 0xCC, 0xC7, 0xC3, 0xC3, 0xC7, 0xCD, 0xD4, 0xD9,
    0xDB, 0xDA, 0xDC, 0xDF, 0xEC, 0x6F, 0x5C, 0x4F, 0x48, 0x45, 0x44, 0x45, 0x47, 0x47, 0x46, 0x43,
    0x3F, 0x3D, 0x3C, 0x3B, 0x3D, 0x40, 0x49, 0x5C, 0xDC, 0xC8, 0xBF, 0xBC, 0xBB, 0xBD, 0xBF, 0xC7,
    0xD1, 0xE1, 0xEF, 0xEC, 0xDF, 0xD6, 0xCE, 0xCA, 0xC6, 0xC5, 0xC7, 0xCC, 0xD1, 0xD7, 0xDB, 0xDE,
    0xE0, 0xE5, 0xEC, 0x7D, 0x67, 0x57, 0x4D, 0x48, 0x46, 0x46, 0x46, 0x45, 0x45, 0x43, 0x43, 0x41,
    0x3F, 0x3E, 0x3F, 0x41, 0x47, 0x50, 0x6B, 0xD8, 0xC8, 0xBF, 0xBD, 0xBD, 0xBF, 0xC5, 0xCE, 0xDA,
    0xEA, 0xF0, 0xE8, 0xDA, 0xCF, 0xCB, 0xC7, 0xC7, 0xC8, 0xCD, 0xD5, 0xDD, 0xE1, 0xE1, 0xDF, 0xDD,
    0xDD, 0xE3, 0xFB, 0x60, 0x50, 0x4A, 0x46, 0x46, 0x47, 0x48, 0x4A, 0x4A, 0x48, 0x45, 0x41, 0x3F,
    0x3E, 0x3F, 0x44, 0x4B, 0x5B, 0xE9, 0xCE, 0xC6, 0xC1, 0xBF, 0xC0, 0xC3, 0xC8, 0xCF, 0xD9, 0xDF,
    0xE0, 0xDB, 0xD5, 0xD1, 0xCE, 0xCD, 0xCD, 0xCF, 0xD5, 0xD8, 0xD8, 0xD5, 0xD3, 0xD5, 0xDB, 0xE8,
    0x6F, 0x58, 0x4C, 0x47, 0x45, 0x47, 0x4B, 0x4F, 0x51, 0x4F, 0x4D, 0x49, 0x44, 0x3F, 0x3E, 0x3E,
    0x41, 0x48, 0x51, 0x6D, 0xDA, 0xCB, 0xC5, 0xC1, 0xBF, 0xC0, 0xC3, 0xC8, 0xCF, 0xD8, 0xDF, 0xE5,
    0xE5, 0xE1, 0xDC, 0xD6, 0xD3, 0xD2, 0xD3, 0xD2, 0xD1, 0xD0, 0xD2, 0xD5, 0xDB, 0xE8, 0x71, 0x5C,
    0x51, 0x4D, 0x4B, 0x4C, 0x4D, 0x4E, 0x4F, 0x4D, 0x4B, 0x48, 0x46, 0x43, 0x43, 0x44, 0x48, 0x4E,
    0x59, 0x72, 0xDE, 0xD0, 0xCB, 0xC9, 0xC7, 0xC7, 0xC8, 0xCB, 0xCF, 0xD5, 0xDA, 0xDD, 0xDE, 0xDE,
    0xDD, 0xD9, 0xD5, 0xD3, 0xD4, 0xD6, 0xD6, 0xD5, 0xD5, 0xD9, 0xDE, 0xE8, 0xFC, 0x66, 0x58, 0x4F,
    0x4C, 0x4D, 0x4F, 0x52, 0x52, 0x50, 0x4E, 0x4C, 0x4A, 0x47, 0x45, 0x46, 0x48, 0x4C, 0x52, 0x5C,
    0x76, 0xDE, 0xD1, 0xCC, 0xCA, 0xC8, 0xC9, 0xCB, 0xCF, 0xD8, 0xDE, 0xDF, 0xDC, 0xD8, 0xD5, 0xD3,
    0xD3, 0xD4, 0xD7, 0xDC, 0xE1, 0xE2, 0xDE, 0xDC, 0xDC, 0xE1, 0xEA, 0xFE, 0x69, 0x5C, 0x54, 0x50,
    0x4F, 0x51, 0x53, 0x54, 0x51, 0x4F, 0x4E, 0x4D, 0x4B, 0x4A, 0x49, 0x4B, 0x4E, 0x56, 0x60, 0x7C,
    0xE3, 0xD6, 0xCE, 0xCB, 0xCB, 0xCC, 0xCE, 0xD2, 0xD7, 0xDB, 0xDE, 0xDF, 0xDE, 0xDD, 0xDD, 0xDE,
    0xDE, 0xDD, 0xDB, 0xD8, 0xD6, 0xD5, 0xD6, 0xDB, 0xE5, 0x75, 0x5E, 0x56, 0x52, 0x51, 0x52, 0x54,
    0x59, 0x5E, 0x60, 0x5B, 0x53, 0x4E, 0x4D, 0x4D, 0x4D, 0x4E, 0x51, 0x59, 0x64, 0x78, 0xEF, 0xE2,
    0xD8, 0xD1, 0xCE, 0xCF, 0xD1, 0xD4, 0xD6, 0xDA, 0xDF, 0xE8, 0xEB, 0xE8, 0xE4, 0xE2, 0xE2, 0xDE,
    0xDB, 0xD7, 0xD6, 0xD8, 0xDC, 0xE2, 0xEB, 0xFA, 0x6E, 0x61, 0x5B, 0x58, 0x57, 0x57, 0x55, 0x56,
    0x59, 0x5E, 0x60, 0x5F, 0x5E, 0x5E, 0x5D, 0x5B, 0x56, 0x52, 0x54, 0x5B, 0x6B, 0xF4, 0xE3, 0xDA,
    0xD3, 0xD0, 0xD3, 0xDB, 0xEA, 0xFC, 0x78, 0x7E, 0xF3, 0xE3, 0xDA, 0xD3, 0xD1, 0xD5, 0xDC, 0xEA,
    0xFC, 0x75, 0x71, 0x77, 0xF6, 0xE8, 0xE3, 0xE8, 0xF9, 0x6C, 0x5F, 0x5C, 0x5B, 0x5D, 0x61, 0x6A,
    0x72, 0x70, 0x67, 0x5C, 0x56, 0x53, 0x53, 0x54, 0x58, 0x5E, 0x6C, 0xF6, 0xE8, 0xE6, 0xE7, 0xE4,
    0xDF, 0xDE, 0xDF, 0xE3, 0xE6, 0xE9, 0xEF, 0xFB, 0x7A, 0x7B, 0xF7, 0xE8, 0xDF, 0xDD, 0xDD, 0xDD,
    0xE0, 0xEA, 0xFB, 0x71, 0x6D, 0x71, 0x7A, 0x7E, 0x7B, 0x74, 0x70, 0x6C, 0x67, 0x63, 0x63, 0x68,
    0x72, 0x7E, 0x7C, 0x6E, 0x65, 0x5E, 0x5C, 0x59, 0x58, 0x5C, 0x69, 0xFD, 0xEB, 0xE6, 0xE5, 0xE3,
    0xE1, 0xE4, 0xE9, 0xED, 0xED, 0xED, 0xEF, 0xFA, 0x7C, 0x7B, 0x7E, 0xF7, 0xEE, 0xE9, 0xE5, 0xE4,
    0xE8, 0xEE, 0xF5, 0xF9, 0xFD, 0x7E, 0x7C, 0x7C, 0xFF, 0x7B, 0x79, 0x7A, 0x7D, 0xFF, 0x7E, 0x79,
    0x73, 0x6E, 0x68, 0x63, 0x5F, 0x5F, 0x61, 0x68, 0x6F, 0xFE, 0xF0, 0xEA, 0xE8, 0xE9, 0xEB, 0xED,
    0xEF, 0xF2, 0xF3, 0xF4, 0xF4, 0xFA, 0x7E, 0x7E, 0x7E, 0x7E, 0xFF, 0xFB, 0xF8, 0xF6, 0xF3, 0xED,
    0xEB, 0xED, 0xED, 0xED, 0xED, 0xF3, 0xFC, 0x75, 0x6B, 0x65, 0x63, 0x65, 0x6B, 0x78, 0xF8, 0xF2,
    0xF2, 0xFA, 0x78, 0x6B, 0x65, 0x66, 0x6B, 0x74, 0xFC, 0xEE, 0xEB, 0xED, 0xF6, 0x7E, 0x76, 0x74,
    0x78, 0xFE, 0xF5, 0xF0, 0xEF, 0xF2, 0xFC, 0x77, 0x6F, 0x72, 0x7B, 0xF6, 0xEB, 0xE6, 0xE5, 0xEB,
    0xF9, 0x71, 0x6A, 0x6A, 0x6D, 0x79, 0xF3, 0xE9, 0xE5, 0xE8, 0xF2, 0x75, 0x69, 0x63, 0x63, 0x67,
    0x70, 0xF8, 0xEB, 0xEA, 0xEE, 0xF8, 0x7A, 0x72, 0x72, 0x79, 0xFB, 0xEF, 0xEA, 0xEA, 0xF1, 0x7B,
    0x6D, 0x68, 0x66, 0x6A, 0x75, 0xF6, 0xE9, 0xE3, 0xE4, 0xEB, 0xF8, 0x7A, 0x6F, 0x6A, 0x6B, 0x78,
    0xF1, 0xE8, 0xE5, 0xE5, 0xEA, 0xF5, 0x78, 0x6E, 0x6B, 0x6C, 0x73, 0xFD, 0xF2, 0xF0, 0xF4, 0xFD,
    0x78, 0x70, 0x6E, 0x72, 0x7C, 0xF7, 0xF0, 0xEF, 0xF6, 0x7B, 0x71, 0x6F, 0x6F, 0x70, 0x75, 0x7E,
    0xFA, 0xFC, 0xFF, 0x7B, 0x77, 0x73, 0x71, 0x71, 0x73, 0x78, 0xFE, 0xF5, 0xF2, 0xEE, 0xED, 0xEF,
    0xF8, 0x7D, 0x75, 0x71, 0x6F, 0x73, 0x7B, 0xFD, 0xF6, 0xF2, 0xF6, 0xFD, 0x77, 0x70, 0x6F, 0x71,
    0x78, 0xFF, 0xF9, 0xF6, 0xF7, 0xFC, 0x7B, 0x76, 0x73, 0x74, 0x77, 0x7C, 0xFD, 0xFB, 0xFB, 0x7E,
    0x79, 0x74, 0x71, 0x6F, 0x6F, 0x72, 0x77, 0x7E, 0xFC, 0xFA, 0xF9, 0xF7, 0xF5, 0xF5, 0xF6, 0xF8,
    0xFB, 0xFD, 0x7D, 0x7B, 0x77, 0x76, 0x77, 0x7C, 0x7E, 0x7C, 0x7A, 0x77, 0x76, 0x76, 0x78, 0x7A,
    0x7E, 0xFC, 0xFC, 0xFF, 0x7C, 0x7B, 0x7A, 0x7C, 0x7E, 0xFF, 0xFF, 0xFD, 0xFB, 0xFC, 0xFF, 0x7C,
    0x7A, 0x78, 0x77, 0x78, 0x7A, 0x7E, 0xFB, 0xF7, 0xF6, 0xF6, 0xF7, 0xF9, 0xFD, 0x7E, 0x7E, 0xFF,
    0xFD, 0xFB, 0xF8, 0xF7, 0xF7, 0xF8, 0xFC, 0xFF, 0x7D, 0x7D, 0x7E, 0xFF, 0xFD, 0xFC, 0xFC, 0xFF,
    0x7B, 0x77, 0x75, 0x77, 0x78, 0x7B, 0xFF, 0xF8, 0xF6, 0xF8, 0xFC, 0xFE, 0xFF, 0x7E, 0x7C, 0x7B,
    0x7B, 0x7E, 0xFE, 0xFD, 0xFE, 0xFF, 0x7E, 0x7E, 0x7D, 0x7E, 0xFE, 0xFB, 0xF8, 0xF9, 0xFA, 0xFC,
    0xFF, 0x7B, 0x7A, 0x7C, 0xFD, 0xFA, 0xF8, 0xF6, 0xF7, 0xF9, 0xFD, 0x7E, 0x7B, 0x7B, 0x7E, 0xFE,
    0xFC, 0xFC, 0xFE, 0x7D, 0x79, 0x78, 0x77, 0x7A, 0x7E, 0xFB, 0xF7, 0xF5, 0xF6, 0xFA, 0xFF, 0x7A,
    0x76, 0x76, 0x77, 0x7A, 0x7D, 0xFF, 0xFB, 0xFA, 0xFA, 0xFC, 0xFD, 0xFF, 0xFF, 0x7E, 0x7E, 0x7D,
    0xFF, 0xFE, 0xFF, 0x7E, 0x7B, 0x7A, 0x7B, 0x7C, 0x7D, 0x7E, 0xFF, 0xFC, 0xFB, 0xFC, 0xFE, 0x7E,
    0x7D, 0x7C, 0x7C, 0x7C, 0x7C, 0x7E, 0xFE, 0xFD, 0xFD, 0xFE, 0xFE, 0xFF, 0x7D, 0x7D, 0x7C, 0x7C,
    0x7C, 0x7D, 0x7E, 0x7E, 0x7E, 0xFF, 0xFD, 0xFE, 0xFE, 0xFD, 0xFA, 0xFB, 0xFC, 0xFF, 0x7D, 0x7C,
    0x7B, 0x7C, 0x7E, 0xFF, 0xFD, 0xFC, 0xFD, 0xFE, 0xFF, 0xFF, 0x7E, 0x7D, 0x7D, 0x7E, 0x7E, 0xFE,
    0xFD, 0xFD, 0xFD, 0xFC, 0xFC, 0xFD, 0xFE, 0xFF, 0xFE, 0xFD, 0xFC, 0xFD, 0xFD, 0xFD, 0xFF, 0x7E,
    0x7D, 0x7C, 0x7C, 0x7E, 0xFE, 0xFC, 0xFD, 0xFB, 0xFB, 0xFC, 0xFD, 0xFD, 0xFD, 0xFD, 0xFD, 0xFC,
    0xFC, 0xFD, 0xFD, 0xFD, 0xFD, 0xFD, 0xFC, 0xFB, 0xFB, 0xFB, 0xFD, 0xFF, 0x7D, 0x7C, 0x7C, 0x7E,
    0xFE, 0xFD, 0xFC, 0xFC, 0xFC, 0xFD, 0xFE, 0xFF, 0x7E, 0xFF, 0xFE, 0xFD, 0xFD, 0xFD, 0xFE, 0xFE,
    0xFF, 0xFF, 0xFF, 0xFF, 0xFD, 0xFD, 0xFD, 0xFE, 0xFF, 0x7E, 0x7E, 0x7D, 0x7E, 0x7E, 0xFF, 0xFF,
    0xFF, 0x7E, 0x7E, 0x7E, 0x7E, 0x7E, 0xFF, 0xFF, 0xFE, 0xFE, 0xFF, 0xFF, 0xFF, 0x7E, 0xFF, 0xFF,
    0xFF, 0xFF, 0xFF, 0xFF, 0xFE, 0xFF, 0xFF, 0xFF, 0x7E, 0x7E, 0x7D, 0x7E, 0x7E, 0xFF, 0xFF, 0xFF,
    0xFF, 0xFF, 0xFF, 0xFF, 0xFF, 0xFF, 0xFF, 0xFF, 0xFF, 0xFF, 0xFF, 0x7E, 0x7E, 0x7E, 0x7E, 0x7E,
    0x7E, 0xFF, 0xFF, 0xFF, 0xFF, 0xFF, 0xFF, 0x7E, 0x7D, 0x7D, 0x7E, 0xFF, 0xFF, 0xFF, 0xFF, 0xFF,
    0xFF, 0xFF, 0xFF, 0xFF, 0xFF, 0xFF, 0xFF, 0xFF, 0xFF, 0xFF, 0xFF, 0xFF, 0xFF, 0xFF, 0x7E, 0x7E,
    0xFF, 0xFF, 0xFF, 0xFF, 0xFE, 0xFF, 0xFF, 0xFF, 0xFF, 0xFF, 0xFF, 0xFF, 0xFF, 0xFF, 0xFF, 0xFE,
    0xFF, 0xFF, 0xFF, 0xFE, 0xFE, 0xFE, 0xFF, 0xFF, 0xFF, 0xFF, 0xFF, 0xFF, 0xFF, 0xFF, 0xFF, 0xFF,
    0xFF, 0xFE, 0xFE, 0xFE, 0xFE, 0xFE, 0xFE, 0xFE, 0xFE, 0xFE, 0xFE, 0xFF, 0xFF, 0xFF, 0xFF, 0xFF,
    0xFF, 0xFF, 0xFE, 0xFF, 0xFF, 0xFF, 0xFF, 0xFF, 0xFF, 0xFF, 0xFF, 0xFF, 0xFF, 0xFF, 0xFF, 0x7E,
    0xFF, 0xFF, 0xFF, 0xFF, 0xFF, 0xFF, 0xFE, 0xFE, 0xFE, 0xFF, 0xFF, 0xFF, 0xFF, 0xFF, 0xFF, 0xFF,
    0xFF, 0xFF, 0xFF, 0xFF, 0xFF, 0xFF, 0xFF, 0xFF, 0xFF, 0xFF, 0xFF, 0xFF, 0xFF, 0xFF, 0xFF, 0xFF,
    0xFF, 0xFF, 0xFF, 0xFF, 0xFF, 0xFF, 0xFF, 0xFF, 0xFF, 0xFF, 0xFF, 0xFF, 0xFF, 0xFF, 0xFF, 0xFF,
    0xFF, 0xFF, 0x7E, 0x7E, 0xFF, 0xFF, 0xFF, 0xFF, 0xFF, 0xFF, 0xFF, 0xFF, 0xFF, 0xFF, 0xFF, 0xFF,
    0xFF, 0xFF, 0xFF, 0xFF, 0xFF, 0xFF, 0xFF, 0xFF, 0xFF, 0xFF, 0xFF, 0xFF, 0xFF, 0xFF, 0xFF, 0xFF,
    0xFF, 0xFF, 0xFF, 0xFF, 0xFF, 0xFF, 0xFF, 0xFF, 0xFF, 0xFF, 0xFF, 0xFF, 0xFF, 0xFF, 0xFF, 0xFF,
    0xFF, 0xFF, 0xFF, 0xFF, 0xFF, 0xFF, 0xFF, 0xFF, 0xFE, 0xFE, 0xFE, 0xFE, 0xFE, 0xFE, 0xFE, 0xFE,
    0xFE, 0xFE, 0xFE, 0xFE, 0xFF, 0xFF, 0xFF, 0xFF, 0xFF, 0xFF, 0xFF, 0xFF, 0xFF, 0xFF, 0xFF, 0xFF,
    0xFF, 0xFF, 0xFF, 0xFF, 0xFF, 0xFF, 0xFF, 0xFF, 0xFF, 0xFF, 0xFF, 0xFF, 0xFF, 0xFF, 0xFF, 0xFF,
    0xFF, 0xFF, 0xFF, 0xFF, 0xFF, 0xFF, 0xFF, 0xFF, 0xFF, 0xFF, 0xFF, 0xFF, 0xFF, 0xFF, 0xFF, 0xFF,
    0xFF, 0xFF, 0xFF, 0xFF, 0xFF, 0xFF, 0xFF, 0xFF, 0xFF, 0x7E, 0xFF, 0xFF, 0x7E, 0x7E, 0x7E, 0x7E,
    0x7E, 0x7E, 0xFF, 0xFF, 0x7E, 0x7E, 0x7E, 0x7E, 0x7E, 0x7E, 0x7E, 0x7E, 0x7E, 0x7E, 0x7E, 0x7E,
    0x7E, 0x7E, 0x7E, 0x7E, 0x7E, 0x7E, 0x7E, 0x7E, 0x7E, 0x7E, 0x7E, 0x7E, 0x7E, 0x7E, 0xFF, 0x7E,
    0x7E, 0x7E, 0x7E, 0x7E, 0x7E, 0x7D, 0x7D, 0x7D, 0x7D, 0x7D, 0x7E, 0x7E, 0x7E, 0x7E, 0x7E, 0x7E,
    0x7E, 0x7E, 0x7E, 0x7E, 0x7E, 0x7E, 0x7E, 0x7E, 0x7E, 0x7E, 0x7E, 0x7E, 0x7E, 0x7E, 0x7E, 0xFF,
    0xFF, 0xFF, 0xFF, 0x7E, 0x7E, 0xFF, 0xFF, 0xFF, 0xFF, 0xFF, 0xFF, 0xFF, 0xFF, 0xFF, 0xFF, 0xFF,
    0xFF, 0xFF, 0xFF, 0xFF, 0xFF, 0xFF, 0xFE, 0xFF, 0xFF, 0xFE, 0xFE, 0xFF, 0xFF, 0xFF, 0xFF, 0xFF,
    0x7E, 0x7E, 0x7E, 0xFF, 0xFF, 0x7E, 0x7E, 0x7D, 0x7E, 0xFF, 0xFE, 0xFE, 0xFF, 0xFE, 0xFE, 0xFF,
    0x7E, 0x7E, 0xFF, 0xFF, 0xFF, 0xFE, 0xFC, 0xFC, 0xFD, 0x7D, 0x7C, 0x7D, 0xFF, 0xFE, 0xFF, 0xFF,
    0xFD, 0xF9, 0xF8, 0x7B, 0x73, 0x78, 0xFD, 0xFB, 0xFF, 0xFD, 0xF6, 0xF5, 0xFC, 0x7B, 0x7A, 0x7D,
    0xFF, 0x7D, 0x7D, 0xFD, 0xFB, 0xFE, 0x7C, 0x7B, 0x7C, 0x7C, 0x7E, 0xFE, 0xFD, 0xFD, 0xFE, 0xFE,
    0xFF, 0x7D, 0x7C, 0x7E, 0xFE, 0xFE, 0xFE, 0xFE, 0xFE, 0xFE, 0x7E, 0x7D, 0x7E, 0xFF, 0xFE, 0xFE,
    0xFF, 0x7E, 0xFF, 0xFF, 0x7E, 0x7D, 0x7E, 0xFE, 0xFE, 0xFE, 0xFF, 0xFF, 0xFE, 0xFF, 0xFF, 0xFE,
    0xFD, 0xFD, 0xFD, 0xFD, 0xFF, 0xFF, 0xFF, 0xFF, 0xFF, 0xFE, 0xFE, 0xFD, 0xFD, 0xFE, 0xFE, 0xFF,
    0xFF, 0xFE, 0xFF, 0xFE, 0xFE, 0xFE, 0xFE, 0xFE, 0xFF, 0xFF, 0xFF, 0xFF, 0xFF, 0xFF, 0xFF, 0xFE,
    0xFE, 0xFE, 0xFF, 0xFF, 0xFF, 0xFE, 0xFE, 0xFF, 0xFF, 0xFE, 0xFE, 0xFF, 0xFF, 0xFF, 0xFE, 0xFE,
    0xFE, 0xFE, 0xFE, 0xFE, 0xFD, 0xFD, 0xFD, 0xFD, 0xFE, 0xFE, 0xFE, 0xFE, 0xFF, 0xFF, 0xFF, 0xFE,
    0xFE, 0xFE, 0xFF, 0xFF, 0xFE, 0xFE, 0xFE, 0xFE, 0xFE, 0xFD, 0xFE, 0xFE, 0xFE, 0xFE, 0xFE, 0xFE,
    0xFF, 0xFF, 0xFE, 0xFE, 0xFE, 0xFE, 0xFE, 0xFE, 0xFE, 0xFE, 0xFF, 0xFF, 0xFF, 0xFF, 0xFF, 0xFF,
    0xFF, 0xFF, 0xFF, 0xFE, 0xFE, 0xFE, 0xFE, 0xFE, 0xFE, 0xFE, 0xFE, 0xFF, 0xFF, 0xFF, 0xFF, 0x7E,
    0x7E, 0x7E, 0xFF, 0xFF, 0xFF, 0xFF, 0xFF, 0xFF, 0xFF, 0x7E, 0x7E, 0x7E, 0x7E, 0x7E, 0xFF, 0xFF,
    0xFF, 0xFF, 0xFF, 0xFF, 0xFF, 0xFF, 0x7E, 0x7E, 0xFF, 0xFF, 0xFF, 0xFF, 0xFF, 0xFF, 0x7E, 0x7E,
    0x7E, 0x7E, 0x7E, 0x7E, 0x7E, 0x7E, 0x7E, 0x7E, 0x7E, 0x7E, 0xFF, 0xFF, 0xFF, 0xFF, 0xFF, 0xFF,
    0xFF, 0xFF, 0xFF, 0xFF, 0x7E, 0x7E, 0x7E, 0x7E, 0x7E, 0x7E, 0xFF, 0x7E, 0x7E, 0x7E, 0xFF, 0xFF,
    0xFF, 0xFF, 0xFF, 0xFF, 0xFF, 0xFF, 0x7E, 0xFF, 0x7E, 0x7E, 0x7E, 0x7E, 0x7E, 0x7E, 0xFF, 0xFF,
    0xFF, 0xFF, 0xFE, 0xFF, 0xFF, 0xFF, 0xFF, 0xFF, 0xFF, 0x7E, 0x7E, 0xFF, 0x7E, 0x7E, 0x7E, 0x7E,
    0x7E, 0x7E, 0x7E, 0xFF, 0xFF, 0xFF, 0xFF, 0xFF, 0xFF, 0xFF, 0x7E, 0xFF, 0x7E, 0x7E, 0x7E, 0x7E,
    0x7E, 0x7E, 0xFF, 0xFF, 0xFF, 0xFF, 0x7E, 0x7E, 0x7E, 0x7E, 0x7E, 0x7E, 0xFF, 0xFF, 0xFF, 0xFF,
    0x7E, 0x7E, 0xFF, 0xFF, 0xFF, 0xFE, 0xFE, 0xFE, 0xFE, 0xFF, 0xFF, 0xFF, 0x7E, 0x7E, 0x7E, 0x7E,
    0x7E, 0x7E, 0x7E, 0x7E, 0x7E, 0x7E, 0xFF, 0xFF, 0xFF, 0xFF, 0xFF, 0xFF, 0xFF, 0xFF, 0xFE, 0xFE,
    0xFE, 0xFE, 0xFF, 0xFF, 0xFF, 0xFF, 0x7E, 0x7E, 0xFF, 0xFE, 0xFE, 0xFE, 0xFE, 0xFE, 0xFE, 0xFF,
    0xFF, 0xFF, 0xFF, 0xFF, 0xFF, 0xFF, 0xFF, 0xFF, 0xFF, 0xFF, 0xFF, 0xFE, 0xFE, 0xFD, 0xFD, 0xFD,
    0xFD, 0xFD, 0xFE, 0xFE, 0xFE, 0xFE, 0xFE, 0xFE, 0xFD, 0xFD, 0xFD, 0xFD, 0xFD, 0xFD, 0xFE, 0xFE,
    0xFE, 0xFE, 0xFE, 0xFE, 0xFE, 0xFE, 0xFE, 0xFE, 0xFE, 0xFE, 0xFF, 0xFE, 0xFF, 0xFF, 0xFF, 0xFF,
    0xFF, 0xFF, 0x7E, 0x7E, 0xFF, 0xFF, 0xFD, 0xFD, 0xFD, 0xFD, 0xFD, 0xFE, 0xFE, 0xFE, 0xFF, 0xFF,
    0xFF, 0xFF, 0x7E, 0x7E, 0x7E, 0xFF, 0xFF, 0xFF, 0xFF, 0xFE, 0xFE, 0xFE, 0xFE, 0xFE, 0xFE, 0xFE,
    0xFE, 0xFE, 0xFE, 0xFE, 0xFD, 0xFE, 0xFE, 0xFF, 0xFF, 0xFF, 0xFF, 0xFF, 0xFF, 0xFE, 0xFD, 0xFE,
    0xFE, 0xFE, 0xFF, 0xFF, 0xFF, 0xFF, 0xFF, 0xFE, 0xFE, 0xFE, 0xFE, 0xFF, 0xFF, 0xFF, 0xFF, 0xFF,
    0xFF, 0xFF, 0xFF, 0xFF, 0x7E, 0x7E, 0x7D, 0x7D, 0x7D, 0x7D, 0x7E, 0x7E, 0x7E, 0x7E, 0x7E, 0x7E,
    0x7E, 0x7E, 0x7E, 0x7E, 0x7E, 0x7E, 0x7D, 0x7D, 0x7E, 0x7D, 0x7E, 0x7E, 0x7D, 0x7D, 0x7E, 0x7D,
    0x7D, 0x7D, 0x7E, 0x7E, 0x7E, 0x7E, 0x7E, 0x7D, 0x7D, 0x7D, 0x7E, 0x7E, 0x7E, 0x7E, 0x7E, 0x7E,
    0x7E, 0x7D, 0x7D, 0x7D, 0x7D, 0x7D, 0x7E, 0x7E, 0xFF, 0x7E, 0x7E, 0x7E, 0xFF, 0xFF, 0xFF, 0xFF,
    0xFF, 0xFF, 0x7E, 0x7E, 0x7E, 0xFF, 0xFF, 0xFF, 0xFF, 0xFF, 0xFF, 0xFF, 0x7E, 0x7E, 0x7E, 0x7E,
    0xFF, 0xFF, 0xFF, 0xFF, 0x7E, 0x7E, 0x7E, 0x7E, 0x7E, 0x7D, 0x7E, 0xFF, 0xFF, 0xFF, 0x7E, 0x7E,
    0x7E, 0x7E, 0xFF, 0xFF, 0xFE, 0xFE, 0xFE, 0xFE, 0xFF, 0xFF, 0xFF, 0xFF, 0xFF, 0xFF, 0xFF, 0xFF,
    0xFE, 0xFF, 0x7E, 0x7E, 0x7E, 0x7E, 0xFF, 0xFF, 0xFE, 0xFE, 0xFE, 0xFE, 0xFF, 0xFF, 0xFF, 0xFF,
    0xFE, 0xFE, 0xFE, 0xFE, 0xFE, 0xFE, 0xFE, 0xFE, 0xFE, 0xFD, 0xFD, 0xFD, 0xFD, 0xFD, 0xFD, 0xFD,
    0xFE, 0xFF, 0xFF, 0xFF, 0xFF, 0x7E, 0x7E, 0x7E, 0x7E, 0x7D, 0x7C, 0x7C, 0x7D, 0x7D, 0x7D, 0x7D,
    0x7E, 0x7E, 0xFF, 0xFF, 0xFF, 0xFF, 0xFF, 0xFF, 0xFF, 0xFF, 0xFF, 0x7E, 0x7E, 0x7E, 0x7E, 0x7E,
    0x7E, 0xFF, 0xFF, 0xFF, 0xFF, 0xFF, 0xFF, 0xFF, 0x7E, 0x7E, 0x7E, 0x7E, 0x7E, 0x7E, 0x7E, 0x7E,
    0x7E, 0x7E, 0x7E, 0x7E, 0xFF, 0xFF, 0xFF, 0xFF, 0x7E, 0x7E, 0x7E, 0x7E, 0x7E, 0x7E, 0xFF, 0x7E,
    0x7E, 0x7E, 0x7E, 0x7E, 0x7E, 0x7E, 0x7E, 0xFF, 0xFF, 0xFF, 0xFF, 0x7E, 0x7E, 0x7E, 0x7E, 0xFF,
    0xFF, 0xFF, 0xFF, 0xFE, 0xFE, 0xFE, 0xFE, 0xFF, 0xFF, 0xFF, 0xFF, 0xFF, 0xFF, 0xFF, 0xFF, 0xFF,
    0xFF, 0xFF, 0xFF, 0xFF, 0xFE, 0xFD, 0xFD, 0xFC, 0xFC, 0xFC, 0xFD, 0xFD, 0xFD, 0xFE, 0xFD, 0xFD,
    0xFE, 0xFE, 0xFF, 0xFF, 0xFF, 0xFF, 0xFF, 0xFF, 0xFF, 0xFF, 0xFE, 0xFE, 0xFE, 0xFE, 0xFE, 0xFE,
    0xFE, 0xFE, 0xFE, 0xFE, 0xFE, 0xFE, 0xFE, 0xFE, 0xFE, 0xFD, 0xFD, 0xFD, 0xFD, 0xFE, 0xFE, 0xFE,
    0xFE, 0xFE, 0xFD, 0xFD, 0xFC, 0xFD, 0xFC, 0xFD, 0xFE, 0xFE, 0xFF, 0xFE, 0xFE, 0xFE, 0xFE, 0xFE,
    0xFE, 0xFE, 0xFE, 0xFE, 0xFE, 0xFD, 0xFD, 0xFD, 0xFE, 0xFE, 0xFE, 0xFF, 0xFF, 0xFF, 0xFF, 0xFF,
    0xFF, 0xFF, 0xFE, 0xFE, 0xFE, 0xFE, 0xFE, 0xFE, 0xFE, 0xFE, 0xFE, 0xFF, 0xFE, 0xFF, 0xFE, 0xFE,
    0xFD, 0xFD, 0xFD, 0xFD, 0xFD, 0xFD, 0xFE, 0xFE, 0xFD, 0xFD, 0xFE, 0xFE, 0xFE, 0xFE, 0xFE, 0xFF,
    0xFF, 0xFF, 0xFE, 0xFE, 0xFE, 0xFE, 0xFE, 0xFE, 0xFF, 0xFF, 0xFE, 0xFE, 0xFE, 0xFE, 0xFF, 0xFF,
    0xFF, 0xFF, 0xFF, 0x7E, 0xFF, 0xFF, 0xFE, 0xFF, 0xFF, 0xFF, 0xFF, 0xFF, 0x7E, 0x7E, 0x7E, 0xFF,
    0xFF, 0xFF, 0x7E, 0x7E, 0x7E, 0x7E, 0x7E, 0x7E, 0x7E, 0x7E, 0xFF, 0xFF, 0xFF, 0x7E, 0x7E, 0x7E,
    0x7E, 0x7E, 0xFF, 0xFF, 0xFF, 0xFF, 0xFF, 0xFF, 0xFF, 0xFF, 0xFF, 0xFF, 0xFF, 0xFF, 0xFF, 0xFF,
    0xFF, 0xFF, 0xFF, 0xFF, 0xFF, 0xFF, 0xFF, 0xFF, 0xFF, 0xFF, 0xFF, 0xFF, 0xFE, 0xFE, 0xFE, 0xFE,
    0xFE, 0xFE, 0xFF, 0xFF, 0xFF, 0xFF, 0xFF, 0xFF, 0xFF, 0xFF, 0xFF, 0xFF, 0x7E, 0x7E, 0x7E, 0x7E,
    0xFF, 0xFF, 0xFF, 0xFE, 0xFF, 0xFE, 0xFE, 0xFE, 0xFE, 0xFE, 0xFE, 0xFE, 0xFE, 0xFE, 0xFE, 0xFF,
    0xFF, 0xFF, 0xFF, 0xFE, 0xFE, 0xFE, 0xFE, 0xFD, 0xFE, 0xFE, 0xFE, 0xFE, 0xFE, 0xFF, 0xFF, 0xFF,
    0xFF, 0xFF, 0xFF, 0xFF, 0xFF, 0xFF, 0xFF, 0xFF, 0xFE, 0xFE, 0xFE, 0xFE, 0xFE, 0xFE, 0xFE, 0xFF,
    0xFF, 0xFF, 0x7E, 0x7E, 0xFF, 0x7E, 0xFF, 0xFF, 0x7E, 0x7E, 0x7E, 0x7E, 0x7E, 0x7D, 0x7D, 0x7D,
    0x7E, 0x7E, 0x7E, 0x7D, 0x7E, 0x7E, 0x7E, 0x7E, 0x7E, 0x7E, 0x7E, 0x7E, 0x7E, 0x7E, 0x7E, 0x7E,
    0xFF, 0xFF, 0xFF, 0xFF, 0xFF, 0xFE, 0xFF, 0xFF, 0xFF, 0xFF, 0xFF, 0xFF, 0x7D, 0x7D, 0x7D, 0x7D,
    0x7D, 0x7D, 0x7D, 0x7E, 0x7E, 0x7E, 0x7E, 0x7E, 0x7E, 0x7D, 0x7E, 0x7E, 0x7E, 0x7D, 0x7E, 0x7E,
    0x7E, 0x7E, 0x7E, 0xFF, 0xFF, 0xFF, 0x7E, 0x7E, 0x7E, 0x7E, 0x7D, 0x7D, 0x7D, 0x7D, 0x7D, 0x7E,
    0x7E, 0x7E, 0x7D, 0x7E, 0x7E, 0x7E, 0xFF, 0x7E, 0x7E, 0x7E, 0x7E, 0x7E, 0x7E, 0x7E, 0x7E, 0xFF,
    0xFF, 0xFF, 0xFF, 0xFF, 0x7E, 0x7E, 0x7E, 0x7E, 0x7E, 0x7E, 0xFF, 0x7E, 0x7D, 0x7D, 0x7D, 0x7D,
    0x7E, 0x7E, 0x7E, 0x7E, 0x7E, 0x7E, 0x7E, 0x7E, 0x7E, 0x7E, 0xFF, 0xFF, 0xFF, 0xFF, 0xFF, 0xFF,
    0xFE, 0xFF, 0xFF, 0xFE, 0xFE, 0xFE, 0xFE, 0xFE, 0xFE, 0xFE, 0xFE, 0xFE, 0xFE, 0xFE, 0xFF, 0xFF,
    0xFF, 0xFF, 0xFF, 0xFF, 0xFF, 0xFE, 0xFE, 0xFF, 0xFF, 0xFF, 0xFE, 0xFE, 0xFE, 0xFE, 0xFF, 0xFF,
    0xFF, 0xFE, 0xFF, 0xFF, 0xFF, 0xFF, 0xFF, 0xFF, 0xFF, 0xFE, 0xFF, 0xFF, 0xFF, 0xFF, 0xFF, 0xFF,
    0xFF, 0xFF, 0xFF, 0xFF, 0xFF, 0xFF, 0xFF, 0xFF, 0xFF, 0xFF, 0xFF, 0xFF, 0xFF, 0xFF, 0xFF, 0xFF,
    0xFF, 0xFE, 0xFE, 0xFF, 0xFF, 0xFF, 0xFF, 0xFF, 0xFF, 0xFF, 0xFE, 0xFF, 0xFF, 0xFF, 0x7E, 0xFF,
    0xFF, 0x7E, 0x7E, 0x7E, 0x7E, 0xFF, 0xFF, 0xFF, 0xFF, 0xFF, 0xFF, 0xFF, 0xFF, 0xFF, 0xFF, 0x7E,
    0x7E, 0x7D, 0x7D, 0x7D, 0x7E, 0x7E, 0x7D, 0x7E, 0xFF, 0xFF, 0xFF, 0xFF, 0xFE, 0xFE, 0xFD, 0xFD,
    0xFC, 0xFC, 0xFC, 0xFC, 0xFC, 0xFC, 0xFB, 0xFB, 0xFB, 0xFB, 0xFC, 0xFC, 0xFB, 0xFB, 0xFC, 0xFC,
    0xFC, 0xFB, 0xF9, 0xFA, 0xFF, 0x7D, 0xFE, 0xF9, 0xF7, 0xF6, 0xF7, 0xF9, 0xFD, 0xFF, 0xFE, 0xF7,
    0xF4, 0xFA, 0xFA, 0xF6, 0xF5, 0xFA, 0xFE, 0xFD, 0xFE, 0xFE, 0xFD, 0xFD, 0xFF, 0x7E, 0x7D, 0x77,
    0x74, 0x74, 0x75, 0x74, 0x74, 0x73, 0x74, 0x76, 0x77, 0x7A, 0x78, 0x77, 0x7C, 0xFD, 0xFE, 0x7E,
    0xFE, 0xFC, 0xFB, 0xFC, 0xFB, 0xFB, 0xFA, 0xF8, 0xF7, 0xFA, 0xFC, 0xFC, 0xFA, 0xFA, 0xFC, 0x7E,
    0x7E, 0xFF, 0xFF, 0x7D, 0x7C, 0x7C, 0x7C, 0x7C, 0x7B, 0x7A, 0x7A, 0x7B, 0x7B, 0x7A, 0x7A, 0x7A,
    0x7B, 0x7B, 0x7B, 0x7A, 0x7C, 0x7D, 0x7D, 0x7C, 0x7D, 0x7C, 0x7D, 0x7E, 0x7E, 0x7D, 0x7D, 0x7D,
    0x7C, 0x7B, 0x7C, 0x7C, 0x7C, 0x7B, 0x7B, 0x7B, 0x7B, 0x7B, 0x7B, 0x7B, 0x7B, 0x7C, 0x7D, 0x7D,
    0x7E, 0x7D, 0x7D, 0x7D, 0x7E, 0xFE, 0xFF, 0xFF, 0xFE, 0xFC, 0xFD, 0xFF, 0x7E, 0xFE, 0xFA, 0xFA,
    0xFB, 0xFC, 0xFC, 0xFC, 0xFD, 0xFF, 0xFF, 0xFE, 0xFD, 0xFC, 0xFC, 0xFE, 0x7E, 0xFF, 0xFE, 0x7E,
    0x7E, 0xFF, 0xFD, 0xFD, 0xFD, 0xFF, 0x7E, 0x7E, 0xFF, 0xFE, 0xFE, 0xFE, 0xFD, 0xFD, 0xFD, 0xFF,
    0x7E, 0x7E, 0xFF, 0xFD, 0xFD, 0xFE, 0xFF, 0xFE, 0xFD, 0xFE, 0x7D, 0x7D, 0xFF, 0xFE, 0xFE, 0xFF,
    0x7E, 0xFF, 0xFD, 0xFD, 0xFF, 0xFE, 0xFE, 0xFD, 0xFD, 0xFD, 0xFD, 0xFD, 0xFD, 0xFC, 0xFD, 0xFD,
    0xFE, 0xFD, 0xFC, 0xFD, 0xFD, 0xFE, 0xFE, 0xFE, 0xFE, 0xFE, 0x7E, 0x7E, 0xFE, 0xFD, 0xFE, 0xFE,
    0xFE, 0xFF, 0xFE, 0xFF, 0xFF, 0xFF, 0xFE, 0xFE, 0xFD, 0xFD, 0xFD, 0xFD, 0xFD, 0xFE, 0xFE, 0xFE,
    0xFE, 0xFE, 0xFF, 0x7E, 0xFF, 0xFF, 0x7E, 0x7E, 0x7E, 0x7E, 0xFF, 0xFF, 0xFF, 0xFE, 0xFE, 0xFE,
    0xFE, 0xFE, 0xFF, 0xFF, 0xFF, 0xFF, 0xFF, 0x7E, 0xFF, 0xFF, 0xFE, 0xFF, 0x7E, 0x7E, 0xFF, 0xFE,
    0xFF, 0xFF, 0x7E, 0x7E, 0xFF, 0xFF, 0x7E, 0x7E, 0x7E, 0xFF, 0xFF, 0x7E, 0xFF, 0xFF, 0xFE, 0xFF,
    0xFF, 0xFF, 0xFE, 0xFE, 0xFF, 0x7E, 0xFF, 0xFF, 0x7E, 0x7E, 0x7D, 0x7D, 0x7E, 0x7D, 0x7B, 0x7B,
    0x7C, 0x7E, 0x7C, 0x7A, 0x79, 0x79, 0x79, 0x79, 0x79, 0x78, 0x78, 0x79, 0x7A, 0x79, 0x78, 0x78,
    0x7A, 0x7B, 0x7B, 0x7B, 0x7C, 0x7D, 0x7E, 0xFF, 0xFE, 0xFE, 0xFE, 0xFB, 0xFA, 0xFB, 0xFB, 0xFA,
    0xFA, 0xFA, 0xFA, 0xFA, 0xFA, 0xF9, 0xF8, 0xFA, 0xFB, 0xFB, 0xFA, 0xFA, 0xFB, 0xFC, 0xFC, 0xFB,
    0xFC, 0xFD, 0xFF, 0xFE, 0xFF, 0xFF, 0x7E, 0x7D, 0x7D, 0x7D, 0x7C, 0x7B, 0x7A, 0x79, 0x7A, 0x7A,
    0x7A, 0x79, 0x78, 0x78, 0x79, 0x78, 0x78, 0x78, 0x79, 0x7B, 0x7C, 0x7B, 0x7B, 0x7B, 0x7C, 0x7D,
    0x7E, 0xFF, 0xFE, 0xFD, 0xFB, 0xFA, 0xF9, 0xF9, 0xF8, 0xF7, 0xF5, 0xF5, 0xF5, 0xF4, 0xF2, 0xF2,
    0xF3, 0xF3, 0xF2, 0xF1, 0xF1, 0xF1, 0xF2, 0xF2, 0xF2, 0xF4, 0xF6, 0xF8, 0xFA, 0xFA, 0xFB, 0xFC,
    0xFD, 0xFF, 0x7D, 0x7B, 0x79, 0x78, 0x78, 0x75, 0x74, 0x74, 0x74, 0x72, 0x71, 0x6F, 0x6F, 0x6E,
    0x6E, 0x6E, 0x6E, 0x6E, 0x6E, 0x6F, 0x6F, 0x6F, 0x6F, 0x6F, 0x70, 0x72, 0x74, 0x75, 0x77, 0x79,
    0x7C, 0xFF, 0xFD, 0xFB, 0xF7, 0xF3, 0xF1, 0xEF, 0xEE, 0xED, 0xEA, 0xE9, 0xE9, 0xE8, 0xE7, 0xE5,
    0xE5, 0xE6, 0xE6, 0xE6, 0xE6, 0xE6, 0xE8, 0xE9, 0xEA, 0xEB, 0xEC, 0xEE, 0xF2, 0xF5, 0xF8, 0xFC,
    0x7E, 0x79, 0x74, 0x70, 0x6E, 0x6B, 0x68, 0x66, 0x65, 0x63, 0x61, 0x5F, 0x5E, 0x5E, 0x5E, 0x5D,
    0x5C, 0x5D, 0x5D, 0x5D, 0x5D, 0x5E, 0x5F, 0x5F, 0x61, 0x64, 0x67, 0x6A, 0x6D, 0x72, 0x78, 0xFD,
    0xF4, 0xED, 0xE9, 0xE4, 0xE0, 0xDD, 0xDB, 0xDA, 0xD8, 0xD7, 0xD5, 0xD4, 0xD3, 0xD3, 0xD3, 0xD3,
    0xD3, 0xD4, 0xD5, 0xD6, 0xD7, 0xD9, 0xDB, 0xDD, 0xDF, 0xE4, 0xE9, 0xEF, 0xF9, 0x78, 0x6E, 0x68,
    0x62, 0x5D, 0x5A, 0x57, 0x55, 0x52, 0x50, 0x4F, 0x4D, 0x4C, 0x4C, 0x4B, 0x4B, 0x4A, 0x4A, 0x4A,
    0x4B, 0x4B, 0x4B, 0x4C, 0x4D, 0x4F, 0x51, 0x55, 0x59, 0x5E, 0x67, 0x74, 0xF6, 0xE9, 0xDF, 0xD8,
    0xD2, 0xCE, 0xCC, 0xC9, 0xC7, 0xC5, 0xC3, 0xC2, 0xC1, 0xC0, 0xBF, 0xC0, 0xC0, 0xC1, 0xC2, 0xC3,
    0xC5, 0xC7, 0xCA, 0xCC, 0xCF, 0xD5, 0xDC, 0xE6, 0xF7, 0x6F, 0x61, 0x5A, 0x54, 0x4F, 0x4D, 0x4A,
    0x48, 0x46, 0x44, 0x43, 0x41, 0x40, 0x3F, 0x3F, 0x3E, 0x3E, 0x3E, 0x3E, 0x3E, 0x3F, 0x3F, 0x40,
    0x43, 0x47, 0x4A, 0x4C, 0x4F, 0x56, 0x5D, 0x66, 0x7A, 0xEA, 0xDB, 0xD0, 0xCB, 0xC8, 0xC5, 0xC1,
    0xBF, 0xBD, 0xBC, 0xBB, 0xBA, 0xB9, 0xB8, 0xB9, 0xBA, 0xBB, 0xBC, 0xBD, 0xBE, 0xC0, 0xC3, 0xC7,
    0xCA, 0xCF, 0xD8, 0xE1, 0xEE, 0x7D, 0x6B, 0x5F, 0x59, 0x54, 0x50, 0x4D, 0x4B, 0x49, 0x48, 0x47,
    0x46, 0x45, 0x44, 0x42, 0x42, 0x41, 0x40, 0x3F, 0x3F, 0x3F, 0x3E, 0x3E, 0x3D, 0x3E, 0x3F, 0x43,
    0x45, 0x46, 0x48, 0x4C, 0x4F, 0x51, 0x56, 0x5E, 0x7B, 0xE0, 0xD6, 0xD1, 0xCE, 0xC9, 0xC5, 0xC1,
    0xBF, 0xBE, 0xBC, 0xBA, 0xB9, 0xBA, 0xBB, 0xBB, 0xBC, 0xBC, 0xBD, 0xBF, 0xC1, 0xC3, 0xC6, 0xCA,
    0xCF, 0xD7, 0xDB, 0xDE, 0xE5, 0xF1, 0x7A, 0x6E, 0x68, 0x5F, 0x5B, 0x57, 0x56, 0x56, 0x56, 0x52,
    0x4F, 0x4D, 0x4C, 0x4B, 0x49, 0x47, 0x46, 0x45, 0x44, 0x42, 0x3F, 0x3E, 0x3D, 0x3C, 0x3C, 0x3C,
    0x3D, 0x3F, 0x3F, 0x40, 0x42, 0x45, 0x47, 0x48, 0x4C, 0x54, 0x62, 0xF8, 0xE2, 0xDC, 0xD4, 0xCC,
    0xC7, 0xC4, 0xC0, 0xBD, 0xBB, 0xBA, 0xB9, 0xB9, 0xBB, 0xBB, 0xBA, 0xBB, 0xBC, 0xBD, 0xBE, 0xBF,
    0xC2, 0xC7, 0xCC, 0xD0, 0xD3, 0xD6, 0xDC, 0xE3, 0xEA, 0xF1, 0x7E, 0x6E, 0x65, 0x61, 0x61, 0x63,
    0x60, 0x5C, 0x58, 0x56, 0x54, 0x51, 0x4E, 0x4C, 0x4B, 0x4B, 0x49, 0x47, 0x44, 0x41, 0x3F, 0x3E,
    0x3D, 0x3C, 0x3A, 0x3B, 0x3C, 0x3E, 0x3D, 0x3D, 0x3F, 0x42, 0x44, 0x44, 0x47, 0x4D, 0x59, 0x6E,
    0xEE, 0xE2, 0xD8, 0xCD, 0xC7, 0xC4, 0xC0, 0xBD, 0xBB, 0xB9, 0xB7, 0xB8, 0xB8, 0xB9, 0xB9, 0xB9,
    0xBA, 0xBC, 0xBD, 0xBE, 0xBF, 0xC4, 0xCA, 0xCE, 0xD1, 0xD4, 0xD8, 0xDF, 0xE8, 0xEC, 0xF3, 0x76,
    0x67, 0x63, 0x63, 0x63, 0x62, 0x5F, 0x5D, 0x5A, 0x57, 0x56, 0x52, 0x4F, 0x4D, 0x4C, 0x4B, 0x49,
    0x46, 0x43, 0x40, 0x3F, 0x3E, 0x3C, 0x3B, 0x3A, 0x3A, 0x3B, 0x3C, 0x3D, 0x3C, 0x3E, 0x40, 0x42,
    0x42, 0x45, 0x4B, 0x55, 0x67, 0xF7, 0xE7, 0xDA, 0xCF, 0xC9, 0xC5, 0xC2, 0xBE, 0xBC, 0xB9, 0xB8,
    0xB8, 0xB9, 0xB9, 0xB9, 0xB9, 0xBA, 0xBC, 0xBD, 0xBE, 0xBF, 0xC3, 0xC9, 0xCD, 0xCF, 0xD0, 0xD4,
    0xDA, 0xE0, 0xE8, 0xEC, 0xF1, 0x7C, 0x6F, 0x6E, 0x73, 0x77, 0x6F, 0x67, 0x61, 0x5E, 0x5D, 0x5B,
    0x57, 0x54, 0x51, 0x4F, 0x4C, 0x49, 0x46, 0x43, 0x41, 0x3F, 0x3E, 0x3C, 0x3B, 0x3A, 0x39, 0x3A,
    0x3C, 0x3C, 0x3B, 0x3C, 0x3E, 0x40, 0x40, 0x41, 0x45, 0x4C, 0x59, 0x6C, 0xFE, 0xEC, 0xDB, 0xCE,
    0xC8, 0xC5, 0xC1, 0xBD, 0xBA, 0xB8, 0xB7, 0xB9, 0xBA, 0xB9, 0xB8, 0xB9, 0xBA, 0xBB, 0xBC, 0xBD,
    0xBF, 0xC4, 0xC9, 0xCC, 0xCE, 0xCF, 0xD1, 0xD7, 0xDE, 0xE6, 0xEA, 0xEE, 0xF7, 0x7C, 0x75, 0x79,
    0x7E, 0x75, 0x68, 0x5F, 0x5D, 0x5D, 0x5C, 0x59, 0x55, 0x51, 0x4E, 0x4C, 0x4A, 0x47, 0x44, 0x42,
    0x40, 0x3E, 0x3D, 0x3B, 0x39, 0x38, 0x3A, 0x3C, 0x3C, 0x3B, 0x3B, 0x3E, 0x40, 0x3F, 0x3F, 0x42,
    0x4A, 0x58, 0x6C, 0x70, 0xFF, 0xE0, 0xCF, 0xCA, 0xC7, 0xC3, 0xBF, 0xBB, 0xB8, 0xB8, 0xB9, 0xBA,
    0xBA, 0xB9, 0xB9, 0xBA, 0xBB, 0xBC, 0xBD, 0xBF, 0xC3, 0xC9, 0xCC, 0xCD, 0xCD, 0xCF, 0xD4, 0xDB,
    0xE1, 0xE4, 0xE7, 0xEC, 0xF7, 0xFA, 0xF5, 0xF0, 0xF7, 0x74, 0x6A, 0x65, 0x66, 0x65, 0x5F, 0x5B,
    0x57, 0x54, 0x4F, 0x4C, 0x49, 0x46, 0x44, 0x42, 0x3F, 0x3E, 0x3C, 0x3A, 0x38, 0x38, 0x3A, 0x3C,
    0x3B, 0x39, 0x3A, 0x3D, 0x3E, 0x3D, 0x3D, 0x3F, 0x48, 0x52, 0x5D, 0x5F, 0x68, 0xEB, 0xD5, 0xCC,
    0xC8, 0xC4, 0xBF, 0xBC, 0xB9, 0xB8, 0xBA, 0xBA, 0xB9, 0xB8, 0xB8, 0xB9, 0xBB, 0xBC, 0xBD, 0xBE,
    0xC0, 0xC6, 0xCA, 0xCB, 0xCB, 0xCB, 0xCE, 0xD6, 0xDC, 0xDE, 0xDD, 0xE1, 0xEA, 0xEF, 0xED, 0xE8,
    0xEA, 0xFD, 0x6C, 0x69, 0x68, 0x66, 0x61, 0x5C, 0x56, 0x53, 0x51, 0x4E, 0x4B, 0x48, 0x46, 0x44,
    0x41, 0x3E, 0x3C, 0x3B, 0x39, 0x38, 0x38, 0x3A, 0x3B, 0x39, 0x38, 0x3A, 0x3D, 0x3D, 0x3D, 0x3E,
    0x43, 0x4B, 0x53, 0x5A, 0x5F, 0x6F, 0xE5, 0xD4, 0xCC, 0xC6, 0xC2, 0xBE, 0xBB, 0xB9, 0xB8, 0xB9,
    0xB9, 0xB8, 0xB8, 0xB8, 0xB9, 0xBA, 0xBC, 0xBC, 0xBE, 0xBF, 0xC4, 0xC6, 0xC7, 0xC9, 0xCB, 0xCD,
    0xD2, 0xD7, 0xD9, 0xD8, 0xDB, 0xDE, 0xE0, 0xE0, 0xE2, 0xE8, 0xEA, 0xF2, 0x79, 0x71, 0x72, 0x69,
    0x5D, 0x56, 0x52, 0x4F, 0x4C, 0x4A, 0x45, 0x41, 0x41, 0x3F, 0x3C, 0x39, 0x38, 0x36, 0x34, 0x36,
    0x3B, 0x3C, 0x39, 0x38, 0x3C, 0x3C, 0x3B, 0x3C, 0x3F, 0x46, 0x51, 0x67, 0x78, 0x75, 0xF0, 0xD6,
    0xCA, 0xC0, 0xBB, 0xB9, 0xB9, 0xB7, 0xB5, 0xB6, 0xB8, 0xB7, 0xB5, 0xB3, 0xB4, 0xB7, 0xBB, 0xC0,
    0xC6, 0xC7, 0xCA, 0xCF, 0xD5, 0xD7, 0xDE, 0xE3, 0xE6, 0x6F, 0x64, 0xE8, 0xD1, 0xD5, 0xE3, 0xE6,
    0xDC, 0xD2, 0xCB, 0xCB, 0xD0, 0xD7, 0xD8, 0xDD, 0xED, 0x69, 0x5A, 0x4F, 0x47, 0x3F, 0x3A, 0x35,
    0x31, 0x2E, 0x2C, 0x2A, 0x27, 0x24, 0x23, 0x23, 0x28, 0x32, 0x3D, 0x3D, 0x39, 0x3E, 0x4A, 0x79,
    0xC3, 0xB7, 0xB2, 0xAE, 0xAB, 0xAB, 0xAE, 0xAE, 0xAB, 0xA8, 0xA7, 0xA8, 0xAE, 0xB9, 0xC0, 0xC1,
    0xC6, 0xD4, 0x6C, 0x4E, 0x41, 0x3B, 0x35, 0x31, 0x32, 0x38, 0x40, 0x44, 0x40, 0x42, 0x4F, 0xDF,
    0xC2, 0xB7, 0xAF, 0xAE, 0xAD, 0xAD, 0xAD, 0xAC, 0xAB, 0xA9, 0xAA, 0xAE, 0xB7, 0xC3, 0xD2, 0xEB,
    0x5C, 0x48, 0x3A, 0x30, 0x2B, 0x28, 0x26, 0x24, 0x24, 0x24, 0x23, 0x21, 0x20, 0x1F, 0x20, 0x21,
    0x21, 0x24, 0x33, 0xE5, 0xBD, 0xC7, 0xD2, 0xC8, 0xB7, 0xA9, 0xA2, 0xA3, 0xA7, 0xA8, 0xA7, 0xAB,
    0xAF, 0xB2, 0xB1, 0xAE, 0xB2, 0xC4, 0x4D, 0x3E, 0x47, 0x5A, 0x55, 0x3D, 0x34, 0x32, 0x35, 0x39,
    0x3C, 0x40, 0x53, 0xD9, 0xC8, 0xCE, 0xD4, 0xC3, 0xB2, 0xA9, 0xA6, 0xA8, 0xAB, 0xAC, 0xAA, 0xAA,
    0xAB, 0xAE, 0xB2, 0xB7, 0xC2, 0xE1, 0x4E, 0x44, 0x45, 0x41, 0x38, 0x2D, 0x29, 0x27, 0x28, 0x29,
    0x29, 0x28, 0x26, 0x25, 0x25, 0x25, 0x26, 0x27, 0x28, 0x28, 0x2B, 0x49, 0xBD, 0xB9, 0xCF, 0xDA,
    0xCA, 0xB4, 0xA9, 0xA7, 0xAA, 0xAE, 0xAD, 0xAD, 0xB1, 0xB9, 0xBA, 0xB5, 0xB2, 0xBC, 0xE3, 0x4B,
    0x48, 0x77, 0xDA, 0x5F, 0x3F, 0x3A, 0x3B, 0x42, 0x4C, 0x54, 0x5D, 0xFC, 0xD7, 0xCF, 0xCF, 0xC6,
    0xB9, 0xAF, 0xAC, 0xAE, 0xAF, 0xAF, 0xAE, 0xAC, 0xAD, 0xB2, 0xB9, 0xBD, 0xC1, 0xCC, 0xE6, 0x5E,
    0x50, 0x4A, 0x3D, 0x32, 0x2C, 0x2B, 0x2D, 0x2D, 0x2B, 0x28, 0x26, 0x26, 0x27, 0x28, 0x28, 0x27,
    0x26, 0x25, 0x25, 0x2B, 0x5D, 0xBB, 0xBC, 0xDF, 0x4F, 0xD8, 0xB4, 0xA7, 0xA5, 0xAC, 0xB2, 0xAF,
    0xAF, 0xB0, 0xB6, 0xB5, 0xB0, 0xB1, 0xBB, 0xF0, 0x4B, 0x57, 0xCE, 0xCE, 0x5B, 0x3B, 0x37, 0x3B,
    0x47, 0x51, 0x54, 0x54, 0x65, 0xED, 0xE6, 0xDA, 0xC9, 0xB8, 0xAE, 0xAE, 0xB1, 0xB3, 0xB0, 0xAC,
    0xA9, 0xAC, 0xB1, 0xB9, 0xBC, 0xBE, 0xC4, 0xD3, 0x70, 0x52, 0x46, 0x3B, 0x33, 0x2F, 0x2E, 0x2E,
    0x2D, 0x2A, 0x27, 0x27, 0x28, 0x28, 0x27, 0x25, 0x25, 0x25, 0x25, 0x23, 0x28, 0x48, 0xBD, 0xBF,
    0xFF, 0x4A, 0xE1, 0xB2, 0xA5, 0xA5, 0xAD, 0xB5, 0xB0, 0xAC, 0xAB, 0xAF, 0xB0, 0xAF, 0xB3, 0xBC,
    0xDF, 0x5F, 0x7E, 0xCA, 0xCB, 0x52, 0x37, 0x34, 0x3A, 0x4C, 0x59, 0x4D, 0x45, 0x48, 0x5B, 0xDC,
    0xCC, 0xC8, 0xBD, 0xB3, 0xAF, 0xB1, 0xB2, 0xAE, 0xAB, 0xA9, 0xAB, 0xB2, 0xBA, 0xBA, 0xB8, 0xBC,
    0xCA, 0x77, 0x50, 0x45, 0x3C, 0x36, 0x30, 0x2F, 0x2E, 0x2C, 0x29, 0x26, 0x26, 0x28, 0x28, 0x28,
    0x26, 0x24, 0x24, 0x24, 0x24, 0x2A, 0x46, 0xC1, 0xCA, 0x5B, 0x43, 0xE1, 0xB1, 0xA5, 0xA4, 0xAD,
    0xB9, 0xB4, 0xAD, 0xAA, 0xAB, 0xAE, 0xB1, 0xB6, 0xBD, 0xCE, 0xD9, 0xD2, 0xC6, 0xCF, 0x4F, 0x39,
    0x35, 0x3D, 0x53, 0x5C, 0x48, 0x3E, 0x3E, 0x53, 0xE0, 0xCD, 0xCA, 0xC4, 0xB9, 0xB4, 0xB2, 0xB1,
    0xAE, 0xAB, 0xAA, 0xAC, 0xB1, 0xB6, 0xB5, 0xB4, 0xB7, 0xC1, 0xE1, 0x5A, 0x4F, 0x46, 0x3D, 0x36,
    0x30, 0x2E, 0x2C, 0x29, 0x27, 0x27, 0x29, 0x28, 0x26, 0x23, 0x22, 0x24, 0x25, 0x23, 0x23, 0x2D,
    0xF2, 0xC5, 0xD7, 0x3F, 0x4A, 0xC4, 0xAA, 0xA3, 0xAA, 0xB5, 0xBB, 0xAC, 0xA7, 0xA7, 0xAD, 0xAF,
    0xB2, 0xB2, 0xB9, 0xC4, 0xCE, 0xC7, 0xC4, 0xE4, 0x3F, 0x36, 0x3C, 0x4B, 0x5E, 0x46, 0x39, 0x39,
    0x42, 0x63, 0xD7, 0xD5, 0xD7, 0xC7, 0xBB, 0xB4, 0xB1, 0xAF, 0xAC, 0xAA, 0xAA, 0xAD, 0xB0, 0xB2,
    0xB0, 0xB1, 0xB7, 0xC7, 0xEC, 0x5D, 0x54, 0x4A, 0x3D, 0x34, 0x2E, 0x2C, 0x2A, 0x28, 0x27, 0x27,
    0x26, 0x24, 0x23, 0x22, 0x21, 0x23, 0x22, 0x21, 0x25, 0x3E, 0xC6, 0xDC, 0x49, 0x3E, 0xD4, 0xAF,
    0xA4, 0xA6, 0xB1, 0xB8, 0xAF, 0xA7, 0xA5, 0xA9, 0xAD, 0xAF, 0xB0, 0xB4, 0xBC, 0xC2, 0xC3, 0xBF,
    0xCE, 0x4A, 0x37, 0x39, 0x46, 0x52, 0x47, 0x39, 0x33, 0x39, 0x48, 0x6B, 0xF1, 0xFA, 0xDD, 0xC7,
    0xBB, 0xB6, 0xB0, 0xAE, 0xAB, 0xAB, 0xAC, 0xAE, 0xAF, 0xAD, 0xAD, 0xB0, 0xBB, 0xCD, 0xE7, 0xF5,
    0x66, 0x4B, 0x3B, 0x32, 0x2E, 0x2D, 0x2B, 0x29, 0x27, 0x26, 0x24, 0x22, 0x22, 0x21, 0x22, 0x23,
    0x21, 0x1F, 0x27, 0x47, 0xC8, 0x67, 0x3C, 0x3E, 0xCB, 0xAB, 0xA2, 0xA7, 0xB8, 0xB8, 0xAC, 0xA3,
    0xA2, 0xA8, 0xAD, 0xAE, 0xAF, 0xB0, 0xB6, 0xBC, 0xBE, 0xC1, 0xE3, 0x43, 0x39, 0x3E, 0x4E, 0x4B,
    0x3C, 0x31, 0x30, 0x3A, 0x4B, 0x6B, 0x5D, 0x50, 0x60, 0xCC, 0xBA, 0xB3, 0xAF, 0xAF, 0xAD, 0xAC,
    0xAB, 0xAB, 0xAB, 0xAA, 0xAC, 0xB0, 0xBB, 0xC4, 0xC7, 0xCB, 0xE4, 0x4C, 0x3A, 0x33, 0x31, 0x2F,
    0x2D, 0x29, 0x26, 0x24, 0x23, 0x22, 0x22, 0x22, 0x21, 0x20, 0x1F, 0x1E, 0x26, 0x3E, 0xCD, 0x59,
    0x34, 0x38, 0x7A, 0xAD, 0xA3, 0xA8, 0xB5, 0xBC, 0xAD, 0xA3, 0x9F, 0xA5, 0xAA, 0xAD, 0xAD, 0xAE,
    0xB0, 0xB4, 0xB7, 0xBD, 0xCE, 0x4D, 0x3D, 0x40, 0x4C, 0x4B, 0x3C, 0x30, 0x2D, 0x34, 0x42, 0x52,
    0x4A, 0x43, 0x49, 0xFC, 0xC5, 0xB8, 0xB4, 0xB1, 0xAF, 0xAD, 0xAC, 0xAB, 0xAA, 0xA9, 0xAA, 0xAE,
    0xB4, 0xBB, 0xBC, 0xBF, 0xCD, 0x5F, 0x40, 0x39, 0x34, 0x31, 0x2E, 0x2A, 0x26, 0x24, 0x23, 0x21,
    0x20, 0x20, 0x1F, 0x1F, 0x1E, 0x1D, 0x20, 0x32, 0xE8, 0x5B, 0x32, 0x32, 0x47, 0xB0, 0xA5, 0xA6,
    0xB3, 0xBE, 0xAE, 0xA1, 0x9D, 0xA1, 0xA9, 0xAC, 0xAB, 0xA9, 0xAA, 0xAE, 0xB5, 0xBB, 0xC5, 0x78,
    0x47, 0x47, 0x53, 0x4E, 0x3C, 0x2F, 0x2C, 0x30, 0x3E, 0x46, 0x3E, 0x37, 0x3B, 0x51, 0xD3, 0xBE,
    0xBB, 0xB8, 0xB6, 0xAF, 0xAB, 0xAA, 0xA9, 0xA9, 0xA9, 0xAC, 0xAF, 0xB1, 0xB3, 0xB7, 0xBE, 0xDA,
    0x4F, 0x41, 0x3E, 0x3B, 0x33, 0x2C, 0x28, 0x25, 0x24, 0x23, 0x21, 0x1F, 0x1E, 0x1E, 0x1E, 0x1D,
    0x1D, 0x23, 0x3B, 0x53, 0x3D, 0x2D, 0x31, 0xDA, 0xAD, 0xA5, 0xAB, 0xBC, 0xBD, 0xA9, 0x9E, 0x9D,
    0xA2, 0xAA, 0xAB, 0xA8, 0xA5, 0xA7, 0xAC, 0xB3, 0xBA, 0xC5, 0xF1, 0x55, 0x55, 0x5C, 0x48, 0x36,
    0x2D, 0x2C, 0x33, 0x3D, 0x3E, 0x35, 0x2F, 0x38, 0x4D, 0xD7, 0xC6, 0xC2, 0xBE, 0xB9, 0xAF, 0xAB,
    0xAA, 0xAA, 0xAA, 0xAA, 0xAB, 0xAD, 0xAE, 0xAF, 0xB3, 0xBD, 0xD1, 0x5F, 0x4C, 0x46, 0x3E, 0x34,
    0x2C, 0x28, 0x25, 0x25, 0x23, 0x20, 0x1E, 0x1D, 0x1D, 0x1C, 0x1C, 0x1D, 0x28, 0x3A, 0x3F, 0x2E,
    0x2B, 0x39, 0xC5, 0xAB, 0xA8, 0xB4, 0xC6, 0xB5, 0xA4, 0x9D, 0x9E, 0xA5, 0xAA, 0xA8, 0xA5, 0xA3,
    0xA6, 0xAC, 0xB1, 0xB7, 0xBF, 0xD5, 0xFD, 0xF1, 0x69, 0x47, 0x35, 0x2E, 0x2F, 0x38, 0x3F, 0x3B,
    0x32, 0x2F, 0x39, 0x51, 0xD5, 0xCA, 0xCA, 0xC5, 0xBB, 0xB0, 0xAD, 0xAC, 0xAC, 0xAB, 0xAB, 0xAC,
    0xAE, 0xB0, 0xB1, 0xB5, 0xBE, 0xD6, 0x5F, 0x4C, 0x48, 0x3E, 0x34, 0x2C, 0x28, 0x27, 0x25, 0x22,
    0x20, 0x1F, 0x1E, 0x1D, 0x1C, 0x1B, 0x1D, 0x29, 0x3D, 0x3C, 0x2C, 0x2B, 0x34, 0xC7, 0xAB, 0xAB,
    0xB6, 0xC4, 0xB6, 0xA5, 0x9E, 0x9F, 0xA5, 0xA9, 0xA8, 0xA4, 0xA4, 0xA6, 0xAB, 0xAE, 0xB4, 0xBD,
    0xCD, 0xE3, 0xE2, 0xF1, 0x4C, 0x39, 0x2F, 0x30, 0x38, 0x3F, 0x3C, 0x34, 0x31, 0x3A, 0x4E, 0xDE,
    0xCE, 0xCD, 0xC5, 0xBD, 0xB3, 0xAF, 0xAD, 0xAD, 0xAC, 0xAC, 0xAD, 0xAE, 0xAF, 0xB2, 0xB6, 0xBD,
    0xCE, 0x73, 0x52, 0x49, 0x3F, 0x37, 0x2E, 0x2A, 0x27, 0x26, 0x24, 0x22, 0x1F, 0x1E, 0x1E, 0x1D,
    0x1C, 0x1D, 0x26, 0x33, 0x39, 0x2E, 0x2C, 0x32, 0x72, 0xB5, 0xAD, 0xB6, 0xC1, 0xB9, 0xA9, 0xA0,
    0x9F, 0xA4, 0xA8, 0xA8, 0xA4, 0xA2, 0xA4, 0xAA, 0xAD, 0xAF, 0xB4, 0xBE, 0xD1, 0xDD, 0xDB, 0xF3,
    0x4D, 0x39, 0x31, 0x36, 0x3D, 0x3F, 0x3B, 0x36, 0x37, 0x40, 0x5E, 0xDB, 0xD3, 0xCD, 0xC5, 0xBA,
    0xB4, 0xB1, 0xB0, 0xAE, 0xAD, 0xAE, 0xAF, 0xB2, 0xB5, 0xB8, 0xBB, 0xC2, 0xD6, 0x60, 0x4B, 0x40,
    0x3A, 0x33, 0x2E, 0x2A, 0x28, 0x25, 0x23, 0x21, 0x1F, 0x1E, 0x1E, 0x1D, 0x1E, 0x25, 0x2E, 0x30,
    0x2D, 0x2C, 0x32, 0x4C, 0xC0, 0xB7, 0xB8, 0xBE, 0xBA, 0xAD, 0xA6, 0xA4, 0xA4, 0xA6, 0xA6, 0xA5,
    0xA5, 0xA7, 0xA9, 0xAB, 0xAB, 0xAE, 0xB6, 0xC3, 0xD1, 0xD7, 0xD7, 0xEF, 0x4D, 0x3D, 0x39, 0x3B,
    0x3D, 0x3E, 0x3E, 0x3D, 0x40, 0x4A, 0x5D, 0xEC, 0xD9, 0xCC, 0xC0, 0xBB, 0xB8, 0xB7, 0xB5, 0xB4,
    0xB2, 0xB2, 0xB4, 0xB8, 0xBD, 0xC2, 0xC8, 0xD3, 0xFD, 0x51, 0x43, 0x3B, 0x35, 0x30, 0x2D, 0x2A,
    0x28, 0x26, 0x24, 0x22, 0x20, 0x1F, 0x1F, 0x21, 0x28, 0x2E, 0x30, 0x2F, 0x30, 0x36, 0x42, 0xF2,
    0xC7, 0xBF, 0xBC, 0xB9, 0xB2, 0xAD, 0xAB, 0xAA, 0xAA, 0xA8, 0xA6, 0xA6, 0xA8, 0xAB, 0xAE, 0xAE,
    0xAE, 0xB1, 0xB7, 0xBF, 0xCD, 0xDC, 0xEC, 0x6A, 0x55, 0x4C, 0x48, 0x47, 0x46, 0x44, 0x43, 0x47,
    0x4F, 0x63, 0xEF, 0xE6, 0xDD, 0xD2, 0xC8, 0xC0, 0xBE, 0xBF, 0xBF, 0xBF, 0xBE, 0xBF, 0xC3, 0xCA,
    0xD4, 0xDE, 0xEC, 0x67, 0x52, 0x47, 0x40, 0x3E, 0x3B, 0x39, 0x36, 0x34, 0x32, 0x31, 0x30, 0x2F,
    0x2F, 0x2F, 0x30, 0x32, 0x36, 0x3A, 0x3D, 0x40, 0x45, 0x49, 0x4E, 0x54, 0x59, 0x5F, 0x6A, 0xED,
    0xDB, 0xD1, 0xCC, 0xCB, 0xCA, 0xC8, 0xC6, 0xC2, 0xC1, 0xC1, 0xC0, 0xC0, 0xC0, 0xC1, 0xC3, 0xC5,
    0xC6, 0xC6, 0xC7, 0xC9, 0xCB, 0xCC, 0xCD, 0xCD, 0xCD, 0xCD, 0xCE, 0xCD, 0xCC, 0xCB, 0xCB, 0xCC,
    0xCB, 0xCB, 0xCB, 0xCC, 0xCD, 0xCF, 0xD0, 0xD1, 0xD3, 0xD6, 0xD8, 0xDC, 0xE1, 0xE8, 0xEE, 0xF5,
    0xFC, 0x7A, 0x6F, 0x68, 0x62, 0x5F, 0x5D, 0x5B, 0x59, 0x57, 0x55, 0x53, 0x52, 0x50, 0x4F, 0x4E,
    0x4D, 0x4C, 0x4B, 0x49, 0x48, 0x47, 0x46, 0x46, 0x45, 0x44, 0x44, 0x44, 0x44, 0x44, 0x45, 0x45,
    0x47, 0x48, 0x4A, 0x4C, 0x4E, 0x51, 0x57, 0x5D, 0x68, 0x76, 0xF5, 0xE9, 0xDF, 0xDA, 0xD5, 0xD0,
    0xCE, 0xCC, 0xCA, 0xC9, 0xC8, 0xC7, 0xC6, 0xC5, 0xC5, 0xC5, 0xC5, 0xC5, 0xC5, 0xC5, 0xC6, 0xC7,
    0xC9, 0xCB, 0xCC, 0xCE, 0xCF, 0xD3, 0xD6, 0xD9, 0xDC, 0xE0, 0xE7, 0xEE, 0xF9, 0x78, 0x6D, 0x68,
    0x63, 0x5F, 0x5D, 0x5A, 0x58, 0x56, 0x55, 0x55, 0x55, 0x53, 0x52, 0x52, 0x52, 0x52, 0x52, 0x52,
    0x51, 0x51, 0x51, 0x51, 0x51, 0x51, 0x51, 0x51, 0x51, 0x52, 0x52, 0x54, 0x55, 0x56, 0x57, 0x58,
    0x59, 0x5B, 0x5E, 0x61, 0x64, 0x67, 0x6B, 0x71, 0x7B, 0xF9, 0xF0, 0xEC, 0xE9, 0xE5, 0xE1, 0xDF,
    0xDD, 0xDB, 0xDA, 0xD9, 0xD9, 0xD8, 0xD7, 0xD7, 0xD7, 0xD7, 0xD8, 0xD9, 0xDA, 0xDA, 0xDB, 0xDC,
    0xDE, 0xDF, 0xE0, 0xE2, 0xE4, 0xE6, 0xE8, 0xE9, 0xEC, 0xEE, 0xEF, 0xF0, 0xF0, 0xF3, 0xF7, 0xFA,
    0xFC, 0xFB, 0xFA, 0xFB, 0xFE, 0x7C, 0x7A, 0x78, 0x78, 0x76, 0x72, 0x6E, 0x6C, 0x6A, 0x69, 0x68,
    0x66, 0x65, 0x63, 0x61, 0x60, 0x60, 0x61, 0x61, 0x60, 0x5F, 0x60, 0x61, 0x62, 0x65, 0x66, 0x67,
    0x69, 0x6B, 0x6D, 0x71, 0x76, 0x7C, 0xFE, 0xFA, 0xF7, 0xF3, 0xEF, 0xED, 0xEB, 0xEB, 0xEB, 0xEB,
    0xEB, 0xEB, 0xEA, 0xEB, 0xEC, 0xEE, 0xEF, 0xEF, 0xF1, 0xF3, 0xF5, 0xF8, 0xFB, 0xFD, 0xFE, 0xFE,
    0xFD, 0xFE, 0xFE, 0xFF, 0xFF, 0xFD, 0xFA, 0xF7, 0xF6, 0xF5, 0xF4, 0xF2, 0xEF, 0xEE, 0xED, 0xED,
    0xEE, 0xEE, 0xEF, 0xEF, 0xEF, 0xF1, 0xF4, 0xF8, 0xFB, 0xFD, 0xFF, 0x7D, 0x7B, 0x78, 0x74, 0x72,
    0x70, 0x6F, 0x6F, 0x6E, 0x6D, 0x6D, 0x6D, 0x6D, 0x6D, 0x6E, 0x6E, 0x6E, 0x6F, 0x6F, 0x71, 0x74,
    0x77, 0x79, 0x7A, 0x7B, 0x7C, 0xFF, 0xFC, 0xFA, 0xF9, 0xF9, 0xF8, 0xF7, 0xF6, 0xF5, 0xF5, 0xF5,
    0xF6, 0xF6, 0xF6, 0xF7, 0xF7, 0xF7, 0xF8, 0xF9, 0xFA, 0xFA, 0xFB, 0xFB, 0xFA, 0xFA, 0xFB, 0xFB,
    0xFB, 0xFB, 0xFA, 0xFA, 0xFB, 0xFB, 0xFB, 0xFA, 0xF9, 0xFA, 0xFB, 0xFB, 0xFC, 0xFC, 0xFC, 0xFD,
    0xFF, 0xFF, 0x7D, 0x7D, 0x7C, 0x7C, 0x7C, 0x7C, 0x7C, 0x7C, 0x7D, 0x7D, 0x7E, 0x7E, 0x7E, 0x7E,
    0x7E, 0x7E, 0xFF, 0xFF, 0xFE, 0xFF, 0xFF, 0xFF, 0xFF, 0xFF, 0xFF, 0xFF, 0xFE, 0xFE, 0xFF, 0xFF,
    0xFE, 0xFE, 0xFE, 0xFE, 0xFE, 0xFF, 0xFE, 0xFE, 0xFD, 0xFD, 0xFD, 0xFD, 0xFD, 0xFC, 0xFC, 0xFC,
    0xFC, 0xFC, 0xFC, 0xFD, 0xFE, 0xFE, 0xFE, 0xFE, 0xFF, 0x7E, 0x7D, 0x7D, 0x7C, 0x7B, 0x7A, 0x7A,
    0x79, 0x79, 0x78, 0x78, 0x77, 0x77, 0x77, 0x76, 0x76, 0x76, 0x77, 0x77, 0x78, 0x78, 0x79, 0x7A,
    0x7B, 0x7B, 0x7C, 0x7C, 0x7D, 0x7E, 0xFF, 0xFE, 0xFD, 0xFE, 0xFD, 0xFD, 0xFC, 0xFC, 0xFC, 0xFD,
    0xFD, 0xFD, 0xFD, 0xFE, 0xFF, 0xFF, 0x7E, 0x7E, 0x7E, 0x7D, 0x7C, 0x7C, 0x7D, 0x7D, 0x7D, 0x7C,
    0x7C, 0x7C, 0x7D, 0x7E, 0xFF, 0xFF, 0xFE, 0xFE, 0xFE, 0xFE, 0xFD, 0xFD, 0xFD, 0xFD, 0xFE, 0xFE,
    0xFE, 0xFE, 0xFF, 0x7E, 0x7D, 0x7D, 0x7C, 0x7B, 0x7A, 0x78, 0x78, 0x77, 0x77, 0x76, 0x76, 0x76,
    0x76, 0x75, 0x75, 0x76, 0x77, 0x78, 0x79, 0x7A, 0x7A, 0x7A, 0x7C, 0x7D, 0xFF, 0xFE, 0xFD, 0xFC,
    0xFB, 0xFA, 0xF9, 0xF9, 0xF8, 0xF7, 0xF6, 0xF6, 0xF6, 0xF6, 0xF7, 0xF7, 0xF7, 0xF8, 0xF8, 0xF9,
    0xFA, 0xFB, 0xFC, 0xFC, 0xFD, 0xFE, 0xFE, 0xFF, 0x7E, 0x7E, 0x7E, 0x7E, 0x7E, 0x7E, 0x7E, 0xFF,
    0xFF, 0xFF, 0xFE, 0xFE, 0xFD, 0xFD, 0xFC, 0xFC, 0xFC, 0xFB, 0xFB, 0xFB, 0xFA, 0xFB, 0xFB, 0xFC,
    0xFC, 0xFC, 0xFD, 0xFE, 0xFF, 0x7E, 0x7E, 0x7E, 0x7D, 0x7C, 0x7C, 0x7C, 0x7B, 0x7B, 0x7B, 0x7B,
    0x7B, 0x7B, 0x7C, 0x7C, 0x7D, 0x7E, 0x7E, 0xFE, 0xFD, 0xFC, 0xFB, 0xFA, 0xF9, 0xF9, 0xF8, 0xF8,
    0xF7, 0xF6, 0xF6, 0xF6, 0xF7, 0xF7, 0xF8, 0xF8, 0xF8, 0xF9, 0xFA, 0xFC, 0xFC, 0xFD, 0xFE, 0xFF,
    0x7E, 0x7D, 0x7C, 0x7C, 0x7B, 0x7B, 0x7B, 0x7A, 0x7A, 0x79, 0x7A, 0x7A, 0x7A, 0x7A, 0x7A, 0x7B,
    0x7B, 0x7C, 0x7C, 0x7D, 0x7D, 0x7E, 0x7E, 0x7E, 0xFF, 0xFF, 0xFF, 0xFF, 0xFF, 0xFF, 0xFF, 0x7E,
    0x7E, 0x7E, 0x7E, 0x7E, 0x7D, 0x7D, 0x7D, 0x7D, 0x7D, 0x7D, 0x7C, 0x7D, 0x7E, 0x7E, 0x7E, 0xFF,
    0xFF, 0xFF, 0xFE, 0xFD, 0xFD, 0xFC, 0xFC, 0xFB, 0xFB, 0xFB, 0xFA, 0xFA, 0xFA, 0xFA, 0xFB, 0xFB,
    0xFB, 0xFC, 0xFC, 0xFC, 0xFC, 0xFD, 0xFD, 0xFE, 0xFE, 0xFE, 0xFF, 0xFF, 0x7E, 0x7E, 0x7E, 0x7D,
    0x7D, 0x7D, 0x7D, 0x7D, 0x7D, 0x7D, 0x7D, 0x7D, 0x7E, 0x7E, 0xFF, 0xFF, 0xFE, 0xFF, 0xFE, 0xFE,
    0xFE, 0xFE, 0xFD, 0xFD, 0xFD, 0xFD, 0xFD, 0xFD, 0xFD, 0xFD, 0xFD, 0xFE, 0xFE, 0xFE, 0xFE, 0xFF,
    0xFF, 0xFF, 0x7E, 0x7E, 0x7E, 0x7E, 0x7E, 0x7E, 0x7E, 0x7E, 0xFF, 0xFF, 0xFF, 0xFE, 0xFE, 0xFE,
    0xFE, 0xFD, 0xFD, 0xFD, 0xFD, 0xFC, 0xFC, 0xFC, 0xFC, 0xFC, 0xFC, 0xFC, 0xFD, 0xFD, 0xFD, 0xFE,
    0xFE, 0xFE, 0xFF, 0xFF, 0xFF, 0x7E, 0x7E, 0x7E, 0x7D, 0x7D, 0x7D, 0x7D, 0x7D, 0x7D, 0x7C, 0x7C,
    0x7C, 0x7D, 0x7D, 0x7D, 0x7E, 0x7E, 0x7E, 0xFF, 0xFF, 0xFF, 0xFF, 0xFE, 0xFE, 0xFE, 0xFF, 0xFE,
    0xFE, 0xFE, 0xFE, 0xFE, 0xFE, 0xFF, 0xFF, 0xFF, 0xFF, 0xFF, 0x7E, 0x7E, 0x7D, 0x7D, 0x7D, 0x7D,
    0x7C, 0x7C, 0x7C, 0x7D, 0x7D, 0x7D, 0x7D, 0x7E, 0x7E, 0x7E, 0xFF, 0xFF, 0xFF, 0xFF, 0xFE, 0xFE,
    0xFE, 0xFD, 0xFD, 0xFD, 0xFD, 0xFD, 0xFD, 0xFD, 0xFD, 0xFD, 0xFE, 0xFE, 0xFF, 0xFF, 0xFF, 0xFF,
    0xFF, 0x7E, 0x7E, 0x7E, 0x7E, 0x7D, 0x7D, 0x7D, 0x7D, 0x7D, 0x7D, 0x7C, 0x7C, 0x7C, 0x7C, 0x7D,
    0x7D, 0x7D, 0x7D, 0x7D, 0x7E, 0x7E, 0x7E, 0x7E, 0x7E, 0x7E, 0x7E, 0x7E, 0x7E, 0x7E, 0x7E, 0x7E,
    0xFF, 0x7E, 0x7E, 0x7E, 0x7E, 0x7E, 0x7E, 0x7E, 0x7E, 0x7E, 0x7E, 0x7E, 0x7E, 0x7E, 0x7E, 0x7E,
    0x7E, 0xFF, 0xFF, 0xFF, 0xFF, 0xFF, 0xFF, 0xFE, 0xFE, 0xFE, 0xFE, 0xFE, 0xFD, 0xFD, 0xFD, 0xFD,
    0xFD, 0xFD, 0xFD, 0xFD, 0xFD, 0xFD, 0xFD, 0xFE, 0xFE, 0xFE, 0xFE, 0xFF, 0xFF, 0xFF, 0xFF, 0xFF,
    0xFF, 0xFF, 0x7E, 0x7E, 0x7E, 0x7E, 0x7E, 0x7E, 0x7E, 0x7E, 0x7E, 0xFF, 0xFF, 0xFF, 0xFF, 0xFF,
    0xFF, 0xFF, 0xFF, 0xFF, 0xFF, 0xFF, 0xFE, 0xFE, 0xFE, 0xFE, 0xFE, 0xFE, 0xFE, 0xFE, 0xFE, 0xFE,
    0xFE, 0xFE, 0xFE, 0xFF, 0xFE, 0xFF, 0xFF, 0xFF, 0xFF, 0xFF, 0xFF, 0xFE, 0xFE, 0xFE, 0xFE, 0xFE,
    0xFE, 0xFE, 0xFE, 0xFE, 0xFE, 0xFE, 0xFE, 0xFD, 0xFD, 0xFD, 0xFE, 0xFD, 0xFD, 0xFD, 0xFD, 0xFD,
    0xFD, 0xFD, 0xFE, 0xFE, 0xFE, 0xFE, 0xFE, 0xFE, 0xFE, 0xFE, 0xFF, 0xFF, 0xFF, 0xFF, 0xFF, 0x7E,
    0x7E, 0x7E, 0x7E, 0x7E, 0x7D, 0x7E, 0x7D, 0x7D, 0x7D, 0x7D, 0x7D, 0x7D, 0x7D, 0x7D, 0x7D, 0x7D,
    0x7D, 0x7D, 0x7D, 0x7D, 0x7E, 0x7E, 0x7E, 0x7E, 0x7E, 0x7E, 0x7E, 0x7E, 0x7E, 0x7E, 0x7E, 0x7E,
    0x7E, 0x7E, 0x7E, 0x7E, 0xFF, 0xFF, 0x7E, 0x7E, 0x7E, 0xFF, 0xFF, 0x7E, 0x7E, 0x7E, 0x7E, 0x7E,
    0x7E, 0x7E, 0xFF, 0xFF, 0xFF, 0xFF, 0xFF, 0xFF, 0xFF, 0xFF, 0xFF, 0xFF, 0xFF, 0xFF, 0xFF, 0xFF,
    0xFF, 0xFF, 0xFF, 0xFF, 0x7E, 0xFF, 0xFF, 0x7E, 0x7E, 0x7E, 0x7E, 0x7E, 0x7E, 0x7E, 0x7E, 0x7E,
    0x7E, 0x7E, 0x7E, 0x7E, 0x7E, 0x7E, 0x7E, 0x7E, 0x7E, 0x7E, 0x7E, 0x7E, 0x7E, 0x7E, 0x7E, 0xFF,
    0xFF, 0xFF, 0xFF, 0xFF, 0xFF, 0x7E, 0x7E, 0x7E, 0x7E, 0x7E, 0x7E, 0x7E, 0x7E, 0x7E, 0x7E, 0x7E,
    0x7E, 0x7E, 0x7E, 0x7E, 0xFF, 0xFF, 0xFF, 0xFF, 0xFF, 0xFF, 0xFE, 0xFE, 0xFE, 0xFE, 0xFE, 0xFE,
    0xFE, 0xFE, 0xFE, 0xFE, 0xFD, 0xFD, 0xFE, 0xFE, 0xFE, 0xFE, 0xFE, 0xFE, 0xFE, 0xFE, 0xFE, 0xFE,
    0xFE, 0xFE, 0xFE, 0xFE, 0xFE, 0xFE, 0xFE, 0xFF, 0xFE, 0xFE, 0xFE, 0xFF, 0xFE, 0xFE, 0xFF, 0xFF,
    0xFF, 0xFF, 0xFF, 0xFF, 0xFF, 0xFF, 0xFF, 0xFE, 0xFE, 0xFE, 0xFE, 0xFE, 0xFE, 0xFE, 0xFE, 0xFE,
    0xFE, 0xFF, 0xFE, 0xFF, 0xFF, 0xFF, 0xFF, 0xFF, 0xFF, 0xFF, 0xFF, 0xFF, 0xFF, 0xFF, 0xFF, 0xFF,
    0xFF, 0xFE, 0xFE, 0xFF, 0xFE, 0xFF, 0xFF, 0xFF, 0xFF, 0xFF, 0xFF, 0xFF, 0xFF, 0xFF, 0xFF, 0xFF,
    0xFF, 0xFF, 0xFF, 0xFF, 0xFF, 0xFF, 0xFF, 0xFF, 0xFF, 0xFF, 0xFF, 0xFF, 0xFF, 0xFF, 0xFF, 0x7E,
    0x7E, 0x7E, 0x7E, 0x7E, 0x7E, 0x7E, 0x7E, 0x7E, 0x7E, 0x7E, 0x7E, 0x7E, 0xFF, 0xFF, 0xFF, 0xFF,
    0xFF, 0xFF, 0xFF, 0xFF, 0xFF, 0xFF, 0xFF, 0xFF, 0xFF, 0xFF, 0xFF, 0xFF, 0xFF, 0xFF, 0xFF, 0xFF,
    0xFF, 0xFF, 0xFF, 0xFF, 0xFF, 0xFF, 0xFF, 0xFF, 0xFF, 0xFF, 0xFF, 0xFF, 0x7E, 0x7E, 0x7E, 0xFF,
    0xFF, 0x7E, 0xFF, 0xFF, 0x7E, 0x7E, 0x7E, 0xFF, 0xFF, 0x7E, 0xFF, 0xFF, 0xFF, 0xFF, 0xFF, 0xFF,
    0xFF, 0xFF, 0xFF, 0x7E, 0xFF, 0xFF, 0xFF, 0xFF, 0xFF, 0xFF, 0xFF, 0xFF, 0xFF, 0xFF, 0xFF, 0xFF,
    0xFF, 0xFF, 0xFF, 0xFF, 0xFF, 0xFF, 0xFF, 0xFF, 0xFF, 0xFF, 0xFF, 0xFF, 0xFF, 0xFF, 0xFF, 0xFF,
    0xFF, 0xFF, 0xFF, 0xFF, 0xFF, 0xFF, 0xFF, 0xFF, 0xFF, 0xFF, 0xFF, 0xFF, 0xFF, 0xFF, 0xFF, 0xFF,
    0xFF, 0xFF, 0xFF, 0xFF, 0xFF, 0xFF, 0xFF, 0xFF, 0xFF, 0xFF, 0xFF, 0xFF, 0xFF, 0xFF, 0xFF, 0xFF,
    0xFF, 0xFF, 0xFF, 0xFF, 0xFF, 0xFF, 0xFF, 0xFF, 0xFF, 0xFF, 0xFF, 0xFF, 0xFF, 0xFF, 0xFF, 0xFF,
    0xFF, 0xFF, 0xFF, 0xFF, 0xFF, 0xFF, 0xFF, 0xFF, 0xFF, 0xFF, 0xFF, 0xFF, 0xFF, 0xFF, 0xFF, 0xFF,
    0xFF, 0xFF, 0xFF, 0xFF, 0xFF, 0xFF, 0xFF, 0xFF, 0xFF, 0xFF, 0xFF, 0xFF, 0xFF, 0xFF, 0xFF, 0xFF,
    0xFF, 0xFF, 0xFF, 0xFF, 0xFF, 0xFF, 0xFF, 0xFF, 0xFF, 0xFF, 0xFF, 0xFF, 0xFF, 0xFF, 0xFF, 0xFF,
    0x7E, 0xFF, 0xFF, 0xFF, 0xFF, 0xFF, 0xFF, 0xFF, 0xFF, 0xFF, 0x7E, 0x7E, 0xFF, 0xFF, 0xFF, 0xFF,
    0xFF, 0xFF, 0xFF, 0xFF, 0xFF, 0xFF, 0xFF, 0xFF, 0xFF, 0xFF, 0xFF, 0xFF, 0xFF, 0xFF, 0xFF, 0xFF,
    0xFF, 0xFF, 0xFF, 0xFF, 0xFF, 0xFF, 0xFF, 0xFF, 0xFF, 0xFF, 0x7E, 0xFF, 0xFF, 0xFF, 0xFF, 0xFF,
    0xFF, 0xFF, 0xFF, 0xFF, 0xFF, 0xFF, 0xFF, 0xFF, 0xFF, 0xFF, 0xFF, 0xFF, 0xFF, 0xFF, 0xFF, 0xFF,
    0xFF, 0xFF, 0xFF, 0xFF, 0xFF, 0xFF, 0xFF, 0xFF, 0xFF, 0xFF, 0xFF, 0xFF, 0xFF, 0xFF, 0xFF, 0xFF,
    0xFF, 0xFF, 0xFF, 0xFF, 0xFF, 0xFF, 0xFF, 0xFF, 0xFF, 0xFF, 0xFF, 0xFF, 0xFF, 0xFF, 0xFF, 0xFF,
    0xFF, 0xFF, 0xFF, 0xFF, 0xFF, 0xFF, 0xFF, 0xFF, 0xFF, 0xFF, 0xFF, 0xFF, 0x7E, 0x7E, 0x7E, 0x7E,
    0x7E, 0x7E, 0x7E, 0x7E, 0x7E, 0x7E, 0x7E, 0x7E, 0x7E, 0x7E, 0xFF, 0xFF, 0xFF, 0xFF, 0x7E, 0xFF,
    0xFF, 0xFF, 0xFF, 0xFF, 0x7E, 0x7E, 0x7E, 0xFF, 0x7E, 0x7E, 0x7E, 0x7E, 0x7E, 0x7E, 0x7D, 0x7D,
    0x7D, 0x7D, 0x7D, 0x7D, 0x7D, 0x7D, 0x7D, 0x7D, 0x7D, 0x7D, 0x7D, 0x7E, 0x7E, 0x7E, 0x7E, 0x7E,
    0x7E, 0x7E, 0x7E, 0x7E, 0x7E, 0xFF, 0xFF, 0x7E, 0xFF, 0xFF, 0xFF, 0xFF, 0xFF, 0xFF, 0xFF, 0xFF,
    0xFF, 0xFF, 0xFF, 0xFF, 0xFF, 0x7E, 0x7E, 0x7E, 0x7E, 0xFF, 0x7E, 0xFF, 0xFF, 0xFF, 0xFF, 0xFF,
    0xFF, 0xFF, 0xFF, 0xFF, 0xFE, 0xFE, 0xFE, 0xFE, 0xFD, 0xFD, 0xFD, 0xFD, 0xFD, 0xFD, 0xFD, 0xFD,
    0xFD, 0xFD, 0xFC, 0xFC, 0xFC, 0xFC, 0xFB, 0xFB, 0xFB, 0xFB, 0xFB, 0xFC, 0xFC, 0xFC, 0xFC, 0xFC,
    0xFC, 0xFC, 0xFB, 0xFB, 0xFB, 0xFB, 0xFB, 0xFB, 0xFB, 0xFB, 0xFB, 0xFA, 0xFA, 0xFA, 0xF8, 0xF8,
    0xF6, 0xF7, 0xF7, 0xF5, 0xF3, 0xF0, 0xEE, 0xEE, 0xED, 0xEC, 0xE9, 0xE5, 0xE7, 0xEB, 0xED, 0xEC,
    0xEC, 0xEB, 0xEC, 0xEE, 0xF0, 0xF2, 0xF4, 0xFC, 0x7E, 0xFE, 0xFD, 0xFA, 0xFB, 0xFE, 0x7E, 0x7D,
    0x7A, 0x77, 0x74, 0x75, 0x77, 0x7E, 0x7E, 0xFC, 0xF6, 0xF4, 0xEB, 0xEA, 0xEC, 0xE8, 0xE1, 0xDB,
    0xDA, 0xDD, 0xE4, 0xE9, 0xEB, 0xEF, 0xF6, 0xFB, 0x7C, 0x75, 0x70, 0x6E, 0x68, 0x64, 0x61, 0x60,
    0x61, 0x5F, 0x5D, 0x5D, 0x5D, 0x5D, 0x5D, 0x5F, 0x63, 0x67, 0x6B, 0x6C, 0x6F, 0x70, 0x77, 0x7C,
    0xFE, 0xF6, 0xF4, 0xF4, 0xF2, 0xF2, 0xF0, 0xF3, 0xF5, 0xF5, 0xF6, 0xFD, 0x77, 0x6F, 0x6D, 0x6E,
    0x73, 0x77, 0x73, 0x72, 0x70, 0x7B, 0x7B, 0x7C, 0x7B, 0x79, 0x7C, 0xFA, 0xF6, 0xF7, 0xF7, 0x7C,
    0xFF, 0xFF, 0x78, 0x78, 0x76, 0x72, 0x70, 0x74, 0x7E, 0x7E, 0xFF, 0x7A, 0x77, 0x73, 0x6E, 0x6A,
    0x64, 0x5E, 0x5E, 0x5D, 0x5F, 0x5F, 0x5D, 0x5C, 0x5C, 0x5C, 0x5E, 0x62, 0x64, 0x62, 0x62, 0x61,
    0x60, 0x5E, 0x5D, 0x5F, 0x65, 0x6A, 0x6A, 0x68, 0x69, 0x6D, 0x79, 0xF9, 0xF3, 0xF5, 0xFE, 0x77,
    0x78, 0x7A, 0xFF, 0x78, 0x71, 0x6E, 0x6B, 0x6B, 0x6F, 0x71, 0x6E, 0x6B, 0x68, 0x68, 0x69, 0x68,
    0x65, 0x65, 0x66, 0x6A, 0x6D, 0x6C, 0x6B, 0x6B, 0x6C, 0x73, 0x77, 0xFD, 0xFC, 0xF8, 0xF7, 0xF7,
    0xF9, 0xFA, 0xF1, 0xF3, 0xF6, 0xF5, 0xF9, 0xFE, 0x7D, 0x78, 0x76, 0x70, 0x6D, 0x6B, 0x68, 0x68,
    0x6A, 0x69, 0x69, 0x6A, 0x6D, 0x71, 0x6E, 0x6D, 0x6A, 0x68, 0x6C, 0xFE, 0xEC, 0xE8, 0xE6, 0xE6,
    0xE8, 0xEB, 0xED, 0xEE, 0xEA, 0xE2, 0xDD, 0xDC, 0xDE, 0xE4, 0xE6, 0xE5, 0xE1, 0xE3, 0xEA, 0xEC,
    0xE5, 0xDD, 0xDE, 0xE9, 0xF8, 0xF5, 0xE6, 0xDE, 0xDE, 0xE0, 0xE7, 0xEA, 0xED, 0xE9, 0xE6, 0xE6,
    0xE5, 0xE3, 0xE0, 0xE3, 0xE4, 0xE3, 0xE4, 0xE4, 0xE8, 0xE7, 0xE1, 0xDE, 0xDD, 0xE1, 0xE8, 0xEE,
    0xF1, 0xEA, 0xE5, 0xDE, 0xDF, 0xE7, 0xEE, 0xF5, 0xEE, 0xE4, 0xE1, 0xE5, 0xED, 0xE7, 0xDF, 0xDD,
    0xE0, 0xE5, 0xE6, 0xE3, 0xDF, 0xDF, 0xDE, 0xDB, 0xDD, 0xE1, 0xE8, 0xE8, 0xE7, 0xEB, 0xF1, 0xEF,
    0xE8, 0xE1, 0xDE, 0xE4, 0xF5, 0x6E, 0x6A, 0xFD, 0xE8, 0xE7, 0xEB, 0xEC, 0xE9, 0xE8, 0xE9, 0xF6,
    0x7B, 0x72, 0x7D, 0xEF, 0xE4, 0xE0, 0xE5, 0xE9, 0xE7, 0xE0, 0xDB, 0xD8, 0xDA, 0xE4, 0xF6, 0x76,
    0x75, 0xFC, 0xF4, 0xEA, 0xE5, 0xE8, 0xFF, 0x69, 0x5B, 0x55, 0x58, 0x6B, 0xE6, 0xDD, 0xE2, 0x77,
    0x60, 0x56, 0x54, 0x58, 0x5F, 0x74, 0xE8, 0xDD, 0xDB, 0xDD, 0xF6, 0x75, 0xF1, 0xDD, 0xD1, 0xCF,
    0xD7, 0xE7, 0x6B, 0x59, 0x57, 0x5D, 0x6F, 0xFE, 0xF7, 0x6F, 0x5E, 0x59, 0x58, 0x5C, 0x5C, 0x5C,
    0x5D, 0x61, 0x6C, 0x6A, 0x60, 0x59, 0x56, 0x5A, 0x62, 0x6F, 0xFD, 0xF6, 0xFF, 0x72, 0xFF, 0xFE,
    0x78, 0x61, 0x59, 0x58, 0x5D, 0x65, 0x68, 0x5E, 0x5A, 0x58, 0x5A, 0x5E, 0x5F, 0x62, 0x5F, 0x5D,
    0x61, 0x65, 0x6E, 0x69, 0x63, 0x5B, 0x5A, 0x5E, 0x65, 0x6A, 0x66, 0x62, 0x5D, 0x59, 0x5A, 0x5D,
    0x60, 0x63, 0x5F, 0x59, 0x55, 0x55, 0x57, 0x5C, 0x63, 0x6C, 0x7E, 0xF7, 0xF1, 0xF3, 0x6D, 0x64,
    0x61, 0xFB, 0xDA, 0xD8, 0xDF, 0xFF, 0x6E, 0x76, 0xF2, 0xE7, 0xE7, 0xEA, 0xFC, 0x6F, 0x75, 0x76,
    0x7B, 0x77, 0x7D, 0xEC, 0xDE, 0xDC, 0xDF, 0xEB, 0xF0, 0xE8, 0xE3, 0xE1, 0xDF, 0xDE, 0xDC, 0xDD,
    0xE2, 0xE9, 0xEA, 0xE7, 0xE2, 0xDE, 0xDF, 0xE7, 0xFB, 0x6B, 0x61, 0x63, 0x6E, 0xFF, 0xF1, 0xFC,
    0x71, 0x62, 0x5D, 0x5C, 0x62, 0x6E, 0xFE, 0x7B, 0xFF, 0xF1, 0xEE, 0xF6, 0x6F, 0x68, 0x6E, 0xF2,
    0xE0, 0xE0, 0xE9, 0xFE, 0x6F, 0x7D, 0xEC, 0xE5, 0xE7, 0xF7, 0x6E, 0x6D, 0xFD, 0xF2, 0xEE, 0xF1,
    0xF4, 0xF0, 0xEC, 0xE9, 0xEA, 0xF5, 0x6E, 0x68, 0x74, 0xED, 0xEA, 0x71, 0x5F, 0x5F, 0x6A, 0xFF,
    0xF5, 0xFE, 0xFE, 0xEF, 0xE9, 0xEA, 0xFB, 0x66, 0x5E, 0x66, 0xF6, 0xE0, 0xE0, 0xEC, 0x7C, 0x76,
    0xFD, 0xFB, 0xFE, 0x7E, 0xF7, 0xE9, 0xE2, 0xE6, 0xF0, 0x79, 0x72, 0x73, 0x71, 0x71, 0x69, 0x67,
    0x6D, 0x76, 0xF9, 0xFD, 0xFC, 0x78, 0x6E, 0x70, 0x72, 0xF7, 0xEC, 0xEC, 0xF8, 0x77, 0x74, 0xF1,
    0xEB, 0xE6, 0xEB, 0x78, 0x6C, 0x78, 0xE5, 0xDD, 0xDD, 0xF5, 0x68, 0x6B, 0xFC, 0xE6, 0xDF, 0xE2,
    0xEC, 0xF4, 0xFF, 0x78, 0x76, 0xF7, 0xE9, 0xE3, 0xE5, 0xE6, 0xE4, 0xE7, 0xE8, 0xEB, 0xF3, 0xF3,
    0xEE, 0xE7, 0xE5, 0xF3, 0x70, 0x6C, 0xFF, 0xED, 0xE9, 0xEF, 0x7D, 0x72, 0x6C, 0x6C, 0x6C, 0x6E,
    0x6E, 0x6D, 0x6C, 0x6F, 0x6F, 0x7D, 0x7C, 0x7E, 0xF5, 0xFC, 0xFB, 0xF5, 0xEC, 0xE8, 0xEE, 0xF9,
    0x77, 0x7D, 0xEA, 0xE7, 0xE9, 0xF9, 0x7E, 0x7B, 0x75, 0x7C, 0xFB, 0xF5, 0x7E, 0x78, 0x75, 0x74,
    0xFD, 0xF6, 0xEC, 0xEF, 0xF7, 0xFB, 0xFE, 0xFC, 0xF5, 0xF1, 0xFE, 0x77, 0xFD, 0xE9, 0xE0, 0xDF,
    0xE5, 0xFB, 0x68, 0x61, 0x65, 0x6F, 0x7D, 0xF8, 0xF2, 0xF5, 0x7C, 0x65, 0x5F, 0x60, 0x69, 0x6C,
    0x6C, 0x6F, 0x75, 0x7B, 0x70, 0x68, 0x6A, 0x74, 0xF2, 0xF4, 0x7A, 0x6B, 0x65, 0x6E, 0xF5, 0xE3,
    0xE2, 0xEF, 0x73, 0x6B, 0x6C, 0x7A, 0xF6, 0xEE, 0xEE, 0xEF, 0xF9, 0xFE, 0x78, 0x7B, 0xF9, 0xF6,
    0xFA, 0x7C, 0xFF, 0xF6, 0xEF, 0xF2, 0xFE, 0xFF, 0xFE, 0xF8, 0xFA, 0x7E, 0xFC, 0xF0, 0xE9, 0xEC,
    0xF5, 0x76, 0x6E, 0x6D, 0x75, 0xF4, 0xEA, 0xF2, 0x72, 0x65, 0x67, 0xFD, 0xEB, 0xED, 0x7D, 0x69,
    0x63, 0x65, 0x6D, 0xFD, 0xF7, 0x7D, 0x6D, 0x6A, 0x71, 0xF7, 0xF1, 0xFD, 0x6F, 0x6B, 0x6A, 0x6E,
    0x6F, 0x6E, 0x6E, 0x6E, 0x6F, 0x6F, 0x74, 0x7B, 0xFE, 0xF4, 0xF6, 0xFE, 0x7A, 0xFF, 0xF3, 0xF1,
    0xF4, 0xFD, 0xFF, 0xF8, 0xEB, 0xE9, 0xEC, 0xFA, 0x79, 0xFC, 0xEE, 0xEB, 0xF3, 0x7D, 0x7C, 0xFA,
    0xF2, 0xF2, 0xF1, 0xF4, 0xF5, 0xFB, 0x7D, 0x7D, 0x7B, 0x7A, 0x78, 0x78, 0x7C, 0x7D, 0x7C, 0x76,
    0x71, 0x71, 0x71, 0x72, 0x73, 0x6F, 0x6D, 0x6D, 0x6D, 0x71, 0x74, 0x75, 0x6F, 0x6A, 0x64, 0x5F,
    0x60, 0x6A, 0x70, 0x6C, 0x64, 0x61, 0x64, 0x65, 0x66, 0x66, 0x67, 0x67, 0x6A, 0x6E, 0x76, 0x77,
    0x75, 0x6F, 0x6A, 0x6D, 0x77, 0xF8, 0xEC, 0xE9, 0xEC, 0xF7, 0xFB, 0xEE, 0xE4, 0xDF, 0xE2, 0xE8,
    0xE9, 0xE5, 0xE2, 0xDF, 0xE1, 0xE4, 0xE6, 0xE6, 0xE5, 0xDE, 0xDD, 0xDE, 0xE2, 0xE9, 0xED, 0xEB,
    0xE9, 0xE7, 0xE7, 0xE9, 0xEC, 0xEC, 0xEC, 0xEF, 0xF6, 0x7D, 0x75, 0x71, 0x6F, 0x6F, 0x6D, 0x69,
    0x63, 0x5E, 0x5D, 0x5D, 0x5E, 0x5E, 0x5C, 0x5A, 0x5B, 0x5C, 0x5A, 0x58, 0x58, 0x5B, 0x5C, 0x5A,
    0x57, 0x58, 0x5B, 0x5F, 0x60, 0x5F, 0x5E, 0x61, 0x67, 0x6D, 0x71, 0x72, 0x73, 0x7B, 0xF2, 0xEA,
    0xE6, 0xE2, 0xDE, 0xDC, 0xDB, 0xD9, 0xD6, 0xD2, 0xD0, 0xD1, 0xD1, 0xCF, 0xCD, 0xCC, 0xCC, 0xCE,
    0xCE, 0xCD, 0xCC, 0xCD, 0xCF, 0xD2, 0xD2, 0xD2, 0xD4, 0xD5, 0xD8, 0xD9, 0xDD, 0xE6, 0xF1, 0xFC,
    0x7D, 0x6F, 0x65, 0x5E, 0x5B, 0x5B, 0x59, 0x53, 0x4E, 0x4C, 0x4B, 0x4A, 0x49, 0x48, 0x46, 0x46,
    0x46, 0x46, 0x45, 0x44, 0x44, 0x45, 0x45, 0x45, 0x46, 0x47, 0x49, 0x4A, 0x4A, 0x4B, 0x4D, 0x53,
    0x5A, 0x5F, 0x67, 0x74, 0xEE, 0xDE, 0xD7, 0xD2, 0xCE, 0xCB, 0xC7, 0xC3, 0xBF, 0xBE, 0xBD, 0xBC,
    0xBB, 0xBA, 0xBA, 0xB9, 0xB9, 0xB9, 0xBA, 0xBB, 0xBC, 0xBD, 0xBE, 0xBF, 0xC2, 0xC5, 0xC8, 0xCC,
    0xCF, 0xD6, 0xDE, 0xF2, 0x6A, 0x5D, 0x57, 0x51, 0x4D, 0x4A, 0x48, 0x46, 0x44, 0x42, 0x40, 0x3F,
    0x3E, 0x3E, 0x3D, 0x3C, 0x3B, 0x3A, 0x3A, 0x3A, 0x39, 0x38, 0x38, 0x38, 0x38, 0x39, 0x3A, 0x3D,
    0x40, 0x46, 0x4B, 0x4F, 0x54, 0x59, 0x5D, 0x6B, 0xF6, 0xDE, 0xD2, 0xCA, 0xC4, 0xC0, 0xBD, 0xBC,
    0xBA, 0xB9, 0xB8, 0xB7, 0xB6, 0xB5, 0xB4, 0xB4, 0xB4, 0xB5, 0xB7, 0xB9, 0xBA, 0xBC, 0xBE, 0xBF,
    0xC1, 0xC3, 0xC6, 0xC9, 0xCC, 0xCE, 0xD3, 0xD9, 0xDF, 0xE5, 0xEB, 0xFC, 0x69, 0x5B, 0x53, 0x4E,
    0x4B, 0x48, 0x45, 0x43, 0x41, 0x3F, 0x3E, 0x3C, 0x3A, 0x39, 0x38, 0x37, 0x35, 0x34, 0x33, 0x32,
    0x32, 0x31, 0x31, 0x33, 0x36, 0x3A, 0x3D, 0x3F, 0x44, 0x49, 0x4D, 0x50, 0x55, 0x5D, 0xFB, 0xD7,
    0xCB, 0xC5, 0xC0, 0xBD, 0xBB, 0xB9, 0xB9, 0xB9, 0xB8, 0xB7, 0xB6, 0xB5, 0xB6, 0xB6, 0xB7, 0xB8,
    0xB9, 0xBC, 0xBE, 0xBF, 0xBF, 0xC0, 0xC2, 0xC4, 0xC7, 0xC8, 0xC9, 0xCB, 0xCD, 0xCF, 0xD0, 0xD1,
    0xD1, 0xD3, 0xD7, 0xDD, 0xE8, 0x7D, 0x65, 0x59, 0x50, 0x4C, 0x49, 0x46, 0x43, 0x40, 0x3E, 0x3C,
    0x3A, 0x37, 0x35, 0x33, 0x31, 0x2F, 0x2F, 0x2E, 0x2D, 0x2D, 0x2F, 0x32, 0x37, 0x3A, 0x3D, 0x3F,
    0x45, 0x4A, 0x4E, 0x53, 0x5D, 0xF0, 0xD1, 0xC7, 0xBF, 0xBC, 0xB9, 0xB7, 0xB5, 0xB5, 0xB6, 0xB5,
    0xB4, 0xB3, 0xB3, 0xB4, 0xB6, 0xB7, 0xB8, 0xBA, 0xBD, 0xC0, 0xC3, 0xC4, 0xC4, 0xC5, 0xC7, 0xC8,
    0xC9, 0xCA, 0xCB, 0xCD, 0xCF, 0xCF, 0xCE, 0xCD, 0xCE, 0xD0, 0xD5, 0xD8, 0xDC, 0xEA, 0x6F, 0x5C,
    0x52, 0x4D, 0x49, 0x44, 0x3F, 0x3D, 0x3B, 0x39, 0x36, 0x34, 0x31, 0x2F, 0x2E, 0x2D, 0x2C, 0x2B,
    0x2B, 0x2D, 0x2F, 0x35, 0x39, 0x3C, 0x40, 0x46, 0x4A, 0x4D, 0x4F, 0x59, 0xFA, 0xD0, 0xC4, 0xBE,
    0xBA, 0xB7, 0xB4, 0xB3, 0xB4, 0xB6, 0xB7, 0xB6, 0xB4, 0xB4, 0xB5, 0xB7, 0xB7, 0xB8, 0xBA, 0xBE,
    0xC5, 0xC9, 0xCA, 0xC9, 0xC9, 0xCB, 0xCB, 0xC8, 0xC6, 0xC6, 0xC8, 0xCA, 0xCB, 0xCB, 0xCB, 0xCB,
    0xCD, 0xCE, 0xCE, 0xD0, 0xD8, 0xEA, 0x6B, 0x59, 0x4F, 0x49, 0x43, 0x3E, 0x3D, 0x3B, 0x39, 0x36,
    0x32, 0x2F, 0x2E, 0x2D, 0x2C, 0x2B, 0x2A, 0x2A, 0x2B, 0x2D, 0x31, 0x36, 0x3A, 0x3D, 0x44, 0x4A,
    0x4F, 0x53, 0x5A, 0x7B, 0xD2, 0xC4, 0xBD, 0xBA, 0xB6, 0xB3, 0xB1, 0xB1, 0xB3, 0xB5, 0xB6, 0xB5,
    0xB6, 0xB7, 0xB8, 0xB8, 0xB8, 0xB9, 0xBD, 0xC2, 0xCA, 0xCC, 0xCB, 0xCB, 0xCC, 0xCC, 0xC8, 0xC3,
    0xC1, 0xC1, 0xC3, 0xC5, 0xC4, 0xC5, 0xC7, 0xC9, 0xCA, 0xCA, 0xCB, 0xCF, 0xDB, 0xF9, 0x5E, 0x4E,
    0x47, 0x40, 0x3D, 0x3A, 0x38, 0x35, 0x32, 0x2F, 0x2D, 0x2C, 0x2A, 0x29, 0x28, 0x26, 0x26, 0x27,
    0x2B, 0x32, 0x3B, 0x45, 0x50, 0x69, 0xEA, 0xE1, 0xE6, 0xE7, 0xD7, 0xC5, 0xBB, 0xB6, 0xB2, 0xAF,
    0xAD, 0xAE, 0xB0, 0xB6, 0xBB, 0xBE, 0xBE, 0xC0, 0xC5, 0xC6, 0xC2, 0xBF, 0xC1, 0xCB, 0xDB, 0xE8,
    0xE3, 0xD9, 0xD2, 0xCD, 0xC4, 0xBB, 0xB6, 0xB4, 0xB5, 0xB6, 0xB7, 0xB8, 0xBA, 0xBE, 0xC2, 0xC4,
    0xC5, 0xC9, 0xD4, 0xF2, 0x59, 0x48, 0x3D, 0x36, 0x32, 0x2F, 0x2F, 0x2E, 0x2C, 0x2A, 0x29, 0x28,
    0x27, 0x25, 0x23, 0x22, 0x22, 0x24, 0x29, 0x33, 0x4B, 0xDB, 0xC3, 0xBA, 0xB5, 0xB3, 0xB6, 0xBC,
    0xC3, 0xC1, 0xBA, 0xB6, 0xB5, 0xB5, 0xB4, 0xB4, 0xB8, 0xC1, 0xD3, 0xEE, 0xF6, 0xF5, 0x77, 0x6E,
    0xEA, 0xCF, 0xC7, 0xC7, 0xCB, 0xCD, 0xCA, 0xC4, 0xBF, 0xBB, 0xB6, 0xB0, 0xAD, 0xAC, 0xAC, 0xAD,
    0xB0, 0xB5, 0xBA, 0xC0, 0xCA, 0xD1, 0xDA, 0xE4, 0x6E, 0x53, 0x48, 0x3F, 0x3A, 0x35, 0x30, 0x2E,
    0x2E, 0x2E, 0x2E, 0x2D, 0x2D, 0x2C, 0x2B, 0x2A, 0x28, 0x27, 0x25, 0x25, 0x25, 0x2A, 0x36, 0x54,
    0xCF, 0xBE, 0xB7, 0xB2, 0xB1, 0xB8, 0xC3, 0xD2, 0xCF, 0xC7, 0xC1, 0xC0, 0xBD, 0xB9, 0xB6, 0xB9,
    0xC2, 0xD1, 0xE2, 0xE0, 0xE1, 0xE8, 0xE3, 0xCE, 0xC3, 0xBE, 0xBD, 0xBE, 0xBE, 0xBE, 0xBD, 0xBC,
    0xBA, 0xB6, 0xB1, 0xAE, 0xAD, 0xAD, 0xAE, 0xB2, 0xB7, 0xBC, 0xC6, 0xD7, 0xF2, 0x70, 0x68, 0x5D,
    0x52, 0x4A, 0x44, 0x3E, 0x39, 0x34, 0x2F, 0x2E, 0x2E, 0x2D, 0x2D, 0x2D, 0x2D, 0x2C, 0x2A, 0x28,
    0x27, 0x25, 0x24, 0x25, 0x2A, 0x36, 0x58, 0xCE, 0xBC, 0xB4, 0xAE, 0xAF, 0xB7, 0xC5, 0xD6, 0xD3,
    0xCE, 0xCE, 0xCD, 0xC1, 0xBA, 0xB6, 0xBA, 0xBF, 0xCA, 0xD2, 0xDC, 0xF1, 0x70, 0xEF, 0xD1, 0xC5,
    0xBD, 0xBB, 0xB9, 0xBA, 0xB9, 0xBA, 0xBA, 0xBA, 0xB8, 0xB5, 0xB0, 0xAE, 0xAE, 0xAF, 0xB1, 0xB4,
    0xBA, 0xC5, 0xDC, 0x6A, 0x58, 0x53, 0x4D, 0x49, 0x45, 0x43, 0x3F, 0x3B, 0x36, 0x32, 0x2F, 0x2F,
    0x2E, 0x2D, 0x2C, 0x2C, 0x2C, 0x2B, 0x29, 0x27, 0x25, 0x24, 0x25, 0x2A, 0x36, 0x53, 0xD0, 0xBD,
    0xB2, 0xAE, 0xAE, 0xB6, 0xC3, 0xCE, 0xD3, 0xD8, 0xE3, 0xDB, 0xC8, 0xBD, 0xBA, 0xBB, 0xBE, 0xC2,
    0xC9, 0xD3, 0xE5, 0xF9, 0xEE, 0xD9, 0xCB, 0xBF, 0xBB, 0xB9, 0xB8, 0xB7, 0xB6, 0xB7, 0xB9, 0xB9,
    0xB6, 0xB2, 0xAF, 0xB0, 0xB1, 0xB1, 0xB4, 0xB9, 0xC4, 0xD8, 0x6F, 0x57, 0x4E, 0x48, 0x45, 0x44,
    0x44, 0x40, 0x3D, 0x39, 0x35, 0x31, 0x2F, 0x2E, 0x2D, 0x2C, 0x2C, 0x2C, 0x2B, 0x29, 0x28, 0x26,
    0x25, 0x25, 0x29, 0x33, 0x4A, 0xDF, 0xC1, 0xB4, 0xAD, 0xAD, 0xB3, 0xBE, 0xC9, 0xD0, 0xDB, 0x7B,
    0xFC, 0xD3, 0xC1, 0xBB, 0xBA, 0xBC, 0xBE, 0xC1, 0xCA, 0xDB, 0x78, 0x6D, 0xF1, 0xD8, 0xC9, 0xC0,
    0xBC, 0xB9, 0xB6, 0xB5, 0xB6, 0xB7, 0xB8, 0xB5, 0xB3, 0xB1, 0xB1, 0xB1, 0xB0, 0xB1, 0xB6, 0xBD,
    0xC9, 0xD9, 0x74, 0x55, 0x49, 0x44, 0x42, 0x41, 0x3F, 0x3C, 0x3A, 0x37, 0x34, 0x31, 0x2F, 0x2E,
    0x2D, 0x2C, 0x2C, 0x2B, 0x29, 0x28, 0x27, 0x25, 0x24, 0x27, 0x2F, 0x41, 0xF6, 0xC8, 0xB8, 0xAF,
    0xAD, 0xB1, 0xBC, 0xC8, 0xCE, 0xD6, 0x7D, 0x65, 0xE9, 0xC8, 0xBD, 0xBC, 0xBD, 0xBE, 0xBE, 0xC3,
    0xCE, 0xEE, 0x6B, 0xFE, 0xE3, 0xD1, 0xC9, 0xBF, 0xBB, 0xB7, 0xB4, 0xB4, 0xB5, 0xB5, 0xB4, 0xB2,
    0xB1, 0xB2, 0xB2, 0xB1, 0xB1, 0xB5, 0xBB, 0xC2, 0xCC, 0xDD, 0x66, 0x4D, 0x46, 0x44, 0x43, 0x3F,
    0x3C, 0x3B, 0x39, 0x37, 0x34, 0x31, 0x2F, 0x2E, 0x2D, 0x2C, 0x2B, 0x29, 0x28, 0x27, 0x26, 0x24,
    0x26, 0x2C, 0x3B, 0x57, 0xD0, 0xBD, 0xB1, 0xAE, 0xB0, 0xB9, 0xC4, 0xCD, 0xD6, 0x79, 0x5E, 0x74,
    0xCF, 0xC2, 0xBE, 0xBD, 0xBD, 0xBD, 0xBE, 0xC9, 0xDC, 0xFA, 0x7C, 0xF0, 0xE0, 0xD2, 0xC7, 0xBE,
    0xB8, 0xB5, 0xB4, 0xB3, 0xB3, 0xB2, 0xB2, 0xB2, 0xB3, 0xB3, 0xB3, 0xB3, 0xB5, 0xB9, 0xBD, 0xC4,
    0xCD, 0xE5, 0x5D, 0x4E, 0x48, 0x44, 0x3F, 0x3D, 0x3B, 0x3A, 0x39, 0x36, 0x33, 0x31, 0x2F, 0x2E,
    0x2D, 0x2C, 0x2A, 0x29, 0x27, 0x26, 0x24, 0x25, 0x28, 0x32, 0x43, 0xF6, 0xC7, 0xB6, 0xAE, 0xAE,
    0xB4, 0xBC, 0xC6, 0xCC, 0xE3, 0x5E, 0x59, 0xED, 0xCC, 0xC4, 0xC1, 0xBE, 0xBC, 0xBC, 0xC0, 0xCB,
    0xDA, 0xE4, 0xEF, 0xF2, 0xE3, 0xD0, 0xC6, 0xBE, 0xB9, 0xB6, 0xB3, 0xB1, 0xB0, 0xB0, 0xAF, 0xB0,
    0xB1, 0xB3, 0xB4, 0xB6, 0xB9, 0xBD, 0xC3, 0xCB, 0xD8, 0xFC, 0x5A, 0x4E, 0x47, 0x42, 0x3E, 0x3B,
    0x39, 0x37, 0x35, 0x33, 0x32, 0x30, 0x2F, 0x2E, 0x2C, 0x2B, 0x2A, 0x28, 0x26, 0x24, 0x24, 0x27,
    0x2D, 0x3C, 0x55, 0xCF, 0xBB, 0xB0, 0xAE, 0xB2, 0xBA, 0xC2, 0xCA, 0xDE, 0x5C, 0x51, 0x67, 0xD7,
    0xC9, 0xC5, 0xC0, 0xBC, 0xBA, 0xBD, 0xC6, 0xCF, 0xDB, 0xE6, 0xFF, 0xF6, 0xDE, 0xCD, 0xC3, 0xBC,
    0xB8, 0xB5, 0xB2, 0xB0, 0xAF, 0xAF, 0xB0, 0xB0, 0xB1, 0xB3, 0xB5, 0xB9, 0xBC, 0xBF, 0xC5, 0xCE,
    0xDF, 0x70, 0x5A, 0x4E, 0x47, 0x41, 0x3E, 0x3B, 0x3A, 0x37, 0x35, 0x33, 0x32, 0x30, 0x2F, 0x2D,
    0x2C, 0x2B, 0x2A, 0x28, 0x26, 0x25, 0x25, 0x28, 0x2F, 0x3E, 0x60, 0xCD, 0xB8, 0xB0, 0xAF, 0xB4,
    0xBB, 0xC2, 0xCA, 0xE2, 0x5A, 0x56, 0x71, 0xD7, 0xCC, 0xC8, 0xC1, 0xBC, 0xBB, 0xBD, 0xC5, 0xCD,
    0xD3, 0xD9, 0xE6, 0xE8, 0xDC, 0xCC, 0xC3, 0xBD, 0xB9, 0xB5, 0xB1, 0xAF, 0xAE, 0xAF, 0xAF, 0xAF,
    0xB0, 0xB3, 0xB7, 0xBA, 0xBD, 0xC1, 0xC9, 0xD5, 0xEC, 0x67, 0x57, 0x4C, 0x45, 0x3F, 0x3D, 0x3B,
    0x39, 0x36, 0x34, 0x33, 0x32, 0x30, 0x2E, 0x2D, 0x2C, 0x2B, 0x29, 0x27, 0x26, 0x25, 0x26, 0x2C,
    0x36, 0x47, 0xF4, 0xC2, 0xB6, 0xB0, 0xB3, 0xB8, 0xBD, 0xC3, 0xCE, 0x7B, 0x56, 0x5E, 0xE7, 0xD5,
    0xCE, 0xC9, 0xC0, 0xBC, 0xBB, 0xBE, 0xC5, 0xC9, 0xCD, 0xD6, 0xE5, 0xE6, 0xD6, 0xCA, 0xC3, 0xBE,
    0xB9, 0xB4, 0xB0, 0xAF, 0xAE, 0xAE, 0xAE, 0xAF, 0xB1, 0xB5, 0xB9, 0xBD, 0xC1, 0xC9, 0xD3, 0xE5,
    0x7C, 0x63, 0x57, 0x4D, 0x47, 0x42, 0x3E, 0x3B, 0x37, 0x34, 0x33, 0x31, 0x30, 0x2E, 0x2D, 0x2C,
    0x2C, 0x2A, 0x29, 0x27, 0x25, 0x25, 0x28, 0x2E, 0x3B, 0x50, 0xDB, 0xBD, 0xB4, 0xB1, 0xB5, 0xBA,
    0xBE, 0xC5, 0xD5, 0x6D, 0x5C, 0x72, 0xDF, 0xD5, 0xCF, 0xC8, 0xBF, 0xBC, 0xBD, 0xC2, 0xC8, 0xCB,
    0xCE, 0xD9, 0xE4, 0xDF, 0xD0, 0xC9, 0xC3, 0xBD, 0xB8, 0xB3, 0xB0, 0xAF, 0xAE, 0xAE, 0xAE, 0xAF,
    0xB2, 0xB5, 0xB9, 0xBD, 0xC2, 0xCA, 0xD5, 0xE4, 0x7E, 0x63, 0x55, 0x4B, 0x46, 0x40, 0x3E, 0x3A,
    0x38, 0x35, 0x33, 0x31, 0x2F, 0x2E, 0x2D, 0x2C, 0x2B, 0x2A, 0x28, 0x26, 0x25, 0x25, 0x29, 0x30,
    0x3F, 0x56, 0xD0, 0xBB, 0xB4, 0xB3, 0xB7, 0xBB, 0xBE, 0xC7, 0xDD, 0x66, 0x64, 0xED, 0xDB, 0xD8,
    0xD0, 0xC7, 0xBE, 0xBD, 0xBF, 0xC4, 0xC6, 0xC8, 0xCD, 0xDA, 0xE2, 0xD9, 0xCE, 0xC9, 0xC4, 0xBD,
    0xB7, 0xB3, 0xB0, 0xAF, 0xAE, 0xAD, 0xAD, 0xAF, 0xB2, 0xB6, 0xB9, 0xBD, 0xC5, 0xCE, 0xDA, 0xE6,
    0x7D, 0x60, 0x53, 0x4C, 0x47, 0x41, 0x3C, 0x39, 0x36, 0x34, 0x32, 0x30, 0x2F, 0x2E, 0x2E, 0x2C,
    0x2B, 0x2A, 0x28, 0x26, 0x25, 0x26, 0x2A, 0x33, 0x41, 0x61, 0xCB, 0xBA, 0xB4, 0xB5, 0xB9, 0xBD,
    0xC1, 0xCC, 0xE9, 0x62, 0x68, 0xEB, 0xDA, 0xD6, 0xCD, 0xC4, 0xBD, 0xBD, 0xBF, 0xC3, 0xC5, 0xC8,
    0xCE, 0xDB, 0xE1, 0xD7, 0xCD, 0xCA, 0xC4, 0xBD, 0xB7, 0xB2, 0xAF, 0xAE, 0xAD, 0xAD, 0xAD, 0xAF,
    0xB1, 0xB5, 0xB8, 0xBD, 0xC4, 0xCD, 0xD9, 0xE7, 0x77, 0x5D, 0x4F, 0x4B, 0x46, 0x40, 0x3D, 0x3A,
    0x37, 0x35, 0x33, 0x30, 0x2F, 0x2E, 0x2D, 0x2C, 0x2B, 0x29, 0x28, 0x26, 0x25, 0x26, 0x2B, 0x35,
    0x43, 0x6B, 0xCA, 0xB9, 0xB4, 0xB5, 0xBA, 0xBD, 0xC0, 0xCB, 0xEB, 0x64, 0x6F, 0xE5, 0xDB, 0xDA,
    0xCF, 0xC4, 0xBE, 0xBE, 0xC1, 0xC3, 0xC3, 0xC7, 0xCE, 0xDA, 0xDA, 0xD1, 0xCD, 0xCA, 0xC3, 0xBC,
    0xB7, 0xB3, 0xB0, 0xAE, 0xAD, 0xAD, 0xAD, 0xAF, 0xB1, 0xB5, 0xB9, 0xBE, 0xC7, 0xCF, 0xDC, 0xEF,
    0x66, 0x58, 0x4E, 0x49, 0x44, 0x3F, 0x3C, 0x39, 0x37, 0x35, 0x33, 0x31, 0x2F, 0x2E, 0x2D, 0x2B,
    0x2A, 0x29, 0x27, 0x25, 0x25, 0x27, 0x2D, 0x39, 0x48, 0xEC, 0xC4, 0xB7, 0xB4, 0xB6, 0xBB, 0xBE,
    0xC4, 0xD1, 0x76, 0x5F, 0x74, 0xE3, 0xDB, 0xD7, 0xCC, 0xC2, 0xBD, 0xBE, 0xC1, 0xC3, 0xC4, 0xCA,
    0xD5, 0xDF, 0xDD, 0xD4, 0xCE, 0xCA, 0xC2, 0xBB, 0xB6, 0xB2, 0xAF, 0xAE, 0xAD, 0xAD, 0xAE, 0xAF,
    0xB2, 0xB5, 0xBA, 0xBF, 0xC7, 0xCE, 0xD7, 0xE6, 0x71, 0x5D, 0x53, 0x4C, 0x45, 0x3F, 0x3C, 0x39,
    0x37, 0x34, 0x31, 0x2F, 0x2F, 0x2E, 0x2D, 0x2B, 0x2B, 0x29, 0x27, 0x25, 0x24, 0x26, 0x2B, 0x36,
    0x44, 0x6E, 0xC7, 0xB8, 0xB4, 0xB6, 0xBB, 0xBD, 0xC1, 0xCD, 0xF9, 0x5F, 0x74, 0xDF, 0xDA, 0xD8,
    0xCD, 0xC1, 0xBC, 0xBD, 0xBF, 0xC2, 0xC4, 0xC9, 0xD4, 0xE4, 0xE1, 0xD7, 0xD0, 0xCC, 0xC5, 0xBC,
    0xB6, 0xB2, 0xAF, 0xAE, 0xAD, 0xAC, 0xAD, 0xAF, 0xB2, 0xB5, 0xB9, 0xBE, 0xC7, 0xCE, 0xD9, 0xE7,
    0x70, 0x5B, 0x51, 0x4B, 0x45, 0x3F, 0x3B, 0x39, 0x36, 0x34, 0x31, 0x30, 0x2F, 0x2E, 0x2D, 0x2B,
    0x2A, 0x29, 0x27, 0x25, 0x24, 0x26, 0x2C, 0x38, 0x47, 0xFE, 0xC4, 0xB7, 0xB3, 0xB6, 0xBB, 0xBD,
    0xC3, 0xD0, 0x6E, 0x5C, 0x6F, 0xDF, 0xDB, 0xD7, 0xCB, 0xBF, 0xBB, 0xBD, 0xBF, 0xC2, 0xC4, 0xCA,
    0xD9, 0xEB, 0xE5, 0xD9, 0xD2, 0xCD, 0xC4, 0xBC, 0xB6, 0xB2, 0xAF, 0xAE, 0xAD, 0xAD, 0xAD, 0xAF,
    0xB2, 0xB6, 0xBA, 0xBE, 0xC6, 0xCD, 0xD6, 0xE1, 0x7C, 0x5F, 0x53, 0x4C, 0x45, 0x3F, 0x3C, 0x38,
    0x36, 0x34, 0x32, 0x30, 0x2F, 0x2E, 0x2D, 0x2C, 0x2A, 0x29, 0x27, 0x25, 0x24, 0x26, 0x2B, 0x36,
    0x44, 0x6C, 0xC8, 0xB8, 0xB3, 0xB5, 0xBA, 0xBE, 0xC3, 0xCE, 0xF6, 0x5E, 0x6C, 0xDE, 0xD5, 0xD2,
    0xCB, 0xBF, 0xBB, 0xBC, 0xBF, 0xC4, 0xC6, 0xCB, 0xD8, 0xED, 0xEB, 0xDA, 0xCF, 0xCB, 0xC3, 0xBC,
    0xB6, 0xB2, 0xAF, 0xAE, 0xAE, 0xAD, 0xAE, 0xAF, 0xB2, 0xB5, 0xB8, 0xBD, 0xC2, 0xC9, 0xCF, 0xDA,
    0xEE, 0x64, 0x54, 0x4B, 0x45, 0x40, 0x3C, 0x39, 0x36, 0x35, 0x33, 0x31, 0x30, 0x2F, 0x2E, 0x2D,
    0x2B, 0x29, 0x28, 0x26, 0x24, 0x24, 0x28, 0x31, 0x3E, 0x58, 0xCF, 0xBB, 0xB3, 0xB5, 0xB9, 0xBD,
    0xC1, 0xCB, 0xE7, 0x5B, 0x61, 0xE7, 0xD4, 0xD1, 0xCB, 0xC0, 0xBB, 0xBA, 0xBD, 0xC2, 0xC5, 0xC9,
    0xD4, 0xEF, 0x7D, 0xE2, 0xD2, 0xCC, 0xC5, 0xBD, 0xB6, 0xB2, 0xAF, 0xAF, 0xAD, 0xAD, 0xAE, 0xAF,
    0xB3, 0xB6, 0xB8, 0xBC, 0xC0, 0xC7, 0xCD, 0xD3, 0xE1, 0x74, 0x5A, 0x4E, 0x47, 0x40, 0x3C, 0x39,
    0x36, 0x33, 0x32, 0x30, 0x2F, 0x2F, 0x2E, 0x2D, 0x2B, 0x29, 0x28, 0x26, 0x24, 0x24, 0x27, 0x2E,
    0x3C, 0x51, 0xD7, 0xBD, 0xB3, 0xB3, 0xB8, 0xBD, 0xC0, 0xCA, 0xDD, 0x60, 0x5D, 0xEA, 0xD1, 0xCC,
    0xC9, 0xBF, 0xBA, 0xB9, 0xBC, 0xC1, 0xC7, 0xCC, 0xD7, 0xF4, 0x6D, 0xEF, 0xD6, 0xCC, 0xC4, 0xBD,
    0xB7, 0xB2, 0xAF, 0xAF, 0xAE, 0xAE, 0xAE, 0xB0, 0xB3, 0xB5, 0xB7, 0xB9, 0xBD, 0xC2, 0xC8, 0xCE,
    0xD9, 0xF3, 0x5D, 0x4F, 0x48, 0x41, 0x3C, 0x39, 0x37, 0x35, 0x33, 0x32, 0x31, 0x30, 0x2F, 0x2E,
    0x2C, 0x2A, 0x28, 0x26, 0x24, 0x23, 0x24, 0x2B, 0x35, 0x48, 0x79, 0xC4, 0xB7, 0xB2, 0xB6, 0xBB,
    0xC1, 0xC7, 0xD5, 0x6D, 0x58, 0x6C, 0xD5, 0xCC, 0xC9, 0xC3, 0xBC, 0xB8, 0xBA, 0xBE, 0xC6, 0xCB,
    0xD3, 0xE5, 0x69, 0x73, 0xE0, 0xCE, 0xC7, 0xBE, 0xB9, 0xB4, 0xB0, 0xAF, 0xAE, 0xAE, 0xAE, 0xAF,
    0xB2, 0xB5, 0xB6, 0xB8, 0xBB, 0xBE, 0xC4, 0xCA, 0xD1, 0xE0, 0x6E, 0x56, 0x4C, 0x44, 0x3E, 0x3B,
    0x38, 0x36, 0x34, 0x33, 0x32, 0x31, 0x2F, 0x2E, 0x2D, 0x2C, 0x2A, 0x27, 0x26, 0x23, 0x23, 0x26,
    0x2D, 0x3A, 0x4E, 0xE7, 0xC0, 0xB6, 0xB3, 0xB8, 0xBF, 0xC9, 0xCE, 0xDE, 0x63, 0x5A, 0xF8, 0xCD,
    0xC2, 0xBF, 0xBC, 0xB8, 0xB6, 0xB9, 0xBF, 0xCA, 0xD2, 0xDC, 0xF8, 0x6A, 0xFB, 0xD4, 0xC7, 0xBF,
    0xBB, 0xB6, 0xB1, 0xAF, 0xAF, 0xB1, 0xB1, 0xB2, 0xB3, 0xB5, 0xB6, 0xB6, 0xB6, 0xB9, 0xBD, 0xC1,
    0xC7, 0xCF, 0xE4, 0x61, 0x4E, 0x47, 0x41, 0x3D, 0x3A, 0x38, 0x36, 0x34, 0x33, 0x31, 0x30, 0x2F,
    0x2E, 0x2C, 0x2A, 0x29, 0x27, 0x25, 0x23, 0x24, 0x28, 0x2F, 0x3E, 0x58, 0xD9, 0xBE, 0xB5, 0xB6,
    0xBB, 0xC8, 0xD3, 0xDA, 0xF1, 0x5D, 0x5B, 0xDF, 0xC5, 0xBD, 0xBC, 0xBA, 0xB8, 0xB7, 0xBB, 0xC4,
    0xD1, 0xDF, 0xE9, 0x75, 0x6C, 0xE4, 0xCC, 0xC1, 0xBC, 0xB8, 0xB5, 0xB2, 0xB2, 0xB2, 0xB4, 0xB3,
    0xB3, 0xB4, 0xB4, 0xB4, 0xB3, 0xB4, 0xB6, 0xBC, 0xC0, 0xC8, 0xD1, 0xED, 0x5D, 0x4F, 0x4A, 0x45,
    0x3F, 0x3C, 0x3A, 0x38, 0x36, 0x34, 0x32, 0x30, 0x2F, 0x2E, 0x2C, 0x2A, 0x29, 0x27, 0x26, 0x24,
    0x23, 0x27, 0x2E, 0x3B, 0x54, 0xE8, 0xC6, 0xBA, 0xB6, 0xBB, 0xC9, 0xDC, 0xEA, 0xE6, 0xF2, 0x7E,
    0xE0, 0xC7, 0xBB, 0xB8, 0xB8, 0xB9, 0xB9, 0xBB, 0xC1, 0xCF, 0xE3, 0xF3, 0xF5, 0xE9, 0xD9, 0xCA,
    0xBF, 0xBB, 0xB8, 0xB5, 0xB4, 0xB4, 0xB5, 0xB6, 0xB6, 0xB4, 0xB3, 0xB3, 0xB2, 0xB1, 0xB1, 0xB4,
    0xB9, 0xBF, 0xC8, 0xD0, 0xE6, 0x5F, 0x4F, 0x49, 0x46, 0x43, 0x3F, 0x3C, 0x3A, 0x37, 0x35, 0x32,
    0x2F, 0x2E, 0x2E, 0x2C, 0x2B, 0x29, 0x28, 0x27, 0x25, 0x24, 0x25, 0x2C, 0x37, 0x48, 0x5E, 0xD4,
    0xC2, 0xBA, 0xBC, 0xC7, 0xDB, 0xE9, 0xE0, 0xE3, 0xE8, 0xDB, 0xC6, 0xBC, 0xB8, 0xB9, 0xB9, 0xBA,
    0xBB, 0xC0, 0xCC, 0xDB, 0xE5, 0xDF, 0xDE, 0xD6, 0xCB, 0xC1, 0xBC, 0xBA, 0xB9, 0xB7, 0xB7, 0xB6,
    0xB7, 0xB7, 0xB6, 0xB3, 0xB0, 0xB0, 0xB0, 0xB1, 0xB4, 0xB8, 0xBE, 0xC8, 0xD4, 0xE7, 0x6D, 0x5A,
    0x4F, 0x4B, 0x48, 0x42, 0x3E, 0x3A, 0x37, 0x34, 0x31, 0x2F, 0x2F, 0x2E, 0x2D, 0x2C, 0x2B, 0x2A,
    0x29, 0x27, 0x25, 0x25, 0x28, 0x2F, 0x3D, 0x51, 0x7A, 0xCE, 0xC2, 0xBE, 0xC4, 0xD4, 0x7B, 0x6E,
    0xEE, 0xDE, 0xD6, 0xCB, 0xBF, 0xBA, 0xB7, 0xB8, 0xBA, 0xBD, 0xC0, 0xC9, 0xD4, 0xDE, 0xDC, 0xD3,
    0xCD, 0xC7, 0xC1, 0xBD, 0xBB, 0xBB, 0xBB, 0xBB, 0xBB, 0xBA, 0xB9, 0xB7, 0xB4, 0xB0, 0xAF, 0xAF,
    0xAF, 0xB2, 0xB6, 0xBB, 0xC1, 0xCB, 0xD7, 0xE3, 0xF9, 0x65, 0x5A, 0x4F, 0x4A, 0x43, 0x3E, 0x3A,
    0x36, 0x34, 0x32, 0x30, 0x2F, 0x2E, 0x2E, 0x2D, 0x2C, 0x2A, 0x29, 0x28, 0x26, 0x25, 0x27, 0x2D,
    0x39, 0x4A, 0x64, 0xDF, 0xCD, 0xC5, 0xC8, 0xD7, 0x6C, 0x5F, 0xF7, 0xD8, 0xCD, 0xC7, 0xBE, 0xB9,
    0xB6, 0xB7, 0xBA, 0xBD, 0xC1, 0xC7, 0xCD, 0xD0, 0xCF, 0xCB, 0xC7, 0xC2, 0xBF, 0xBD, 0xBC, 0xBD,
    0xBD, 0xBD, 0xBC, 0xBA, 0xB9, 0xB7, 0xB4, 0xB0, 0xAE, 0xAE, 0xAF, 0xB3, 0xB7, 0xBC, 0xC2, 0xCB,
    0xD3, 0xDC, 0xE2, 0xF7, 0x66, 0x57, 0x4C, 0x43, 0x3D, 0x39, 0x36, 0x34, 0x33, 0x32, 0x31, 0x30,
    0x2F, 0x2E, 0x2C, 0x2B, 0x2A, 0x28, 0x26, 0x25, 0x27, 0x2C, 0x37, 0x46, 0x5B, 0xFA, 0xD9, 0xCF,
    0xD1, 0xE6, 0x5E, 0x59, 0x69, 0xDC, 0xCC, 0xC3, 0xBD, 0xB9, 0xB8, 0xB9, 0xBB, 0xBF, 0xC3, 0xC7,
    0xCA, 0xCB, 0xC9, 0xC5, 0xC1, 0xC0, 0xBF, 0xBF, 0xBF, 0xBF, 0xC1, 0xC0, 0xBE, 0xBB, 0xB9, 0xB6,
    0xB4, 0xB1, 0xAF, 0xAF, 0xB1, 0xB5, 0xB8, 0xBC, 0xBF, 0xC5, 0xCB, 0xCF, 0xD4, 0xDD, 0xF7, 0x5E,
    0x4F, 0x47, 0x3F, 0x3B, 0x38, 0x36, 0x36, 0x35, 0x33, 0x32, 0x2F, 0x2E, 0x2D, 0x2C, 0x2B, 0x2A,
    0x28, 0x28, 0x27, 0x29, 0x2E, 0x39, 0x47, 0x55, 0x5F, 0xFF, 0xE6, 0xE6, 0xF8, 0x61, 0x64, 0xE6,
    0xCC, 0xC2, 0xBE, 0xBC, 0xBA, 0xB9, 0xBB, 0xBD, 0xBF, 0xC2, 0xC5, 0xC5, 0xC5, 0xC2, 0xBF, 0xBF,
    0xBF, 0xC0, 0xC0, 0xC2, 0xC3, 0xC5, 0xC4, 0xBF, 0xBC, 0xB7, 0xB4, 0xB3, 0xB1, 0xB1, 0xB2, 0xB4,
    0xB7, 0xBA, 0xBC, 0xBE, 0xC2, 0xC7, 0xCA, 0xCE, 0xD8, 0xFA, 0x59, 0x4C, 0x45, 0x3F, 0x3C, 0x39,
    0x38, 0x37, 0x36, 0x33, 0x30, 0x2F, 0x2E, 0x2E, 0x2D, 0x2C, 0x2B, 0x2A, 0x29, 0x28, 0x29, 0x2D,
    0x36, 0x40, 0x4B, 0x53, 0x5C, 0x65, 0x68, 0x5F, 0x5A, 0x5E, 0xEF, 0xD0, 0xC6, 0xBF, 0xBC, 0xBA,
    0xBA, 0xBC, 0xBF, 0xC1, 0xC0, 0xBF, 0xBF, 0xBF, 0xBF, 0xBC, 0xBC, 0xBD, 0xC2, 0xC6, 0xC6, 0xC4,
    0xC2, 0xC0, 0xBE, 0xBB, 0xB7, 0xB5, 0xB4, 0xB4, 0xB4, 0xB5, 0xB6, 0xB8, 0xBA, 0xBB, 0xBC, 0xBE,
    0xC1, 0xC7, 0xCE, 0xDB, 0xFE, 0x5A, 0x4D, 0x47, 0x42, 0x3F, 0x3C, 0x39, 0x37, 0x36, 0x34, 0x32,
    0x30, 0x2E, 0x2D, 0x2C, 0x2C, 0x2B, 0x2B, 0x2A, 0x29, 0x29, 0x2C, 0x32, 0x3C, 0x44, 0x48, 0x4C,
    0x52, 0x5E, 0x63, 0x5C, 0x59, 0x6C, 0xD8, 0xC8, 0xC0, 0xBE, 0xBC, 0xBB, 0xBB, 0xBC, 0xBE, 0xBF,
    0xBE, 0xBE, 0xBD, 0xBD, 0xBD, 0xBD, 0xBE, 0xBF, 0xC2, 0xC3, 0xC4, 0xC4, 0xC1, 0xBE, 0xBB, 0xB8,
    0xB6, 0xB6, 0xB6, 0xB5, 0xB5, 0xB6, 0xB8, 0xBA, 0xBB, 0xBC, 0xBD, 0xBF, 0xC6, 0xCE, 0xDC, 0xFF,
    0x5F, 0x55, 0x4D, 0x46, 0x3F, 0x3C, 0x3A, 0x39, 0x37, 0x35, 0x32, 0x31, 0x30, 0x2F, 0x2E, 0x2D,
    0x2C, 0x2C, 0x2B, 0x2A, 0x2B, 0x2C, 0x31, 0x39, 0x3E, 0x43, 0x48, 0x4D, 0x54, 0x57, 0x54, 0x55,
    0x5F, 0xDF, 0xCB, 0xC2, 0xBE, 0xBD, 0xBC, 0xBC, 0xBD, 0xBE, 0xBE, 0xBD, 0xBD, 0xBC, 0xBB, 0xBB,
    0xBB, 0xBD, 0xBF, 0xC3, 0xC5, 0xC4, 0xC2, 0xBF, 0xBE, 0xBC, 0xBA, 0xB9, 0xB9, 0xB9, 0xB9, 0xB8,
    0xB7, 0xB8, 0xB9, 0xBB, 0xBD, 0xBE, 0xC0, 0xC4, 0xCB, 0xD8, 0xEF, 0x6A, 0x5C, 0x56, 0x52, 0x4A,
    0x42, 0x3E, 0x3B, 0x38, 0x36, 0x36, 0x34, 0x31, 0x2F, 0x2F, 0x2F, 0x2F, 0x2E, 0x2E, 0x2C, 0x2C,
    0x2C, 0x2D, 0x31, 0x39, 0x3F, 0x42, 0x42, 0x44, 0x4B, 0x53, 0x5B, 0x5B, 0x5E, 0xEF, 0xCD, 0xC1,
    0xBD, 0xBD, 0xBF, 0xBF, 0xBF, 0xBD, 0xBC, 0xBB, 0xBA, 0xB9, 0xB8, 0xBA, 0xBC, 0xBE, 0xC0, 0xC1,
    0xC0, 0xC0, 0xBE, 0xBD, 0xBC, 0xBC, 0xBC, 0xBC, 0xBB, 0xBA, 0xB9, 0xBA, 0xBB, 0xBC, 0xBB, 0xBB,
    0xBC, 0xBE, 0xC1, 0xC6, 0xCB, 0xD6, 0xE3, 0xF3, 0x67, 0x55, 0x4A, 0x47, 0x45, 0x42, 0x3D, 0x38,
    0x37, 0x35, 0x35, 0x34, 0x32, 0x31, 0x2F, 0x2F, 0x2F, 0x2E, 0x2D, 0x2D, 0x2D, 0x2E, 0x31, 0x38,
    0x3E, 0x42, 0x43, 0x44, 0x48, 0x4C, 0x4F, 0x54, 0x5E, 0xEF, 0xD2, 0xC8, 0xC4, 0xC4, 0xC3, 0xC1,
    0xBF, 0xBE, 0xBD, 0xBC, 0xBA, 0xB9, 0xB8, 0xB9, 0xBB, 0xBE, 0xBF, 0xC0, 0xC1, 0xC0, 0xBF, 0xBD,
    0xBB, 0xBB, 0xBB, 0xBB, 0xBB, 0xBC, 0xBD, 0xBD, 0xBC, 0xBC, 0xBC, 0xBD, 0xBE, 0xC1, 0xC7, 0xC9,
    0xCC, 0xCF, 0xDC, 0x7B, 0x5B, 0x5A, 0x5D, 0x4E, 0x45, 0x3F, 0x3C, 0x3E, 0x3E, 0x3B, 0x34, 0x34,
    0x35, 0x37, 0x37, 0x30, 0x2F, 0x2F, 0x30, 0x30, 0x2F, 0x2F, 0x30, 0x33, 0x39, 0x3D, 0x3F, 0x3F,
    0x40, 0x47, 0x4D, 0x51, 0x4F, 0x56, 0x75, 0xD8, 0xCA, 0xC7, 0xC9, 0xC8, 0xC3, 0xBE, 0xBD, 0xBD,
    0xBD, 0xBB, 0xB9, 0xB9, 0xBC, 0xBE, 0xBF, 0xBE, 0xBD, 0xBD, 0xBE, 0xBE, 0xBD, 0xBD, 0xBD, 0xBC,
    0xBD, 0xBF, 0xC0, 0xBD, 0xBB, 0xBB, 0xBF, 0xC5, 0xC3, 0xBE, 0xBE, 0xC4, 0xD7, 0xE5, 0xDC, 0xD3,
    0xD3, 0x7E, 0x51, 0x4D, 0x50, 0x51, 0x4D, 0x46, 0x3E, 0x39, 0x3B, 0x3F, 0x3D, 0x3A, 0x32, 0x33,
    0x37, 0x37, 0x35, 0x35, 0x33, 0x33, 0x30, 0x30, 0x34, 0x3B, 0x3D, 0x3B, 0x3C, 0x3F, 0x4D, 0x53,
    0x4B, 0x47, 0x4C, 0x6C, 0xD7, 0xCE, 0xD1, 0xCC, 0xC9, 0xC5, 0xC3, 0xC1, 0xBF, 0xBC, 0xBB, 0xBB,
    0xBB, 0xBB, 0xBC, 0xBD, 0xBE, 0xBE, 0xBC, 0xBB, 0xBE, 0xC0, 0xC1, 0xBE, 0xBC, 0xBD, 0xC0, 0xC5,
    0xC3, 0xBD, 0xBC, 0xBC, 0xC2, 0xC9, 0xC9, 0xCA, 0xC3, 0xC5, 0xD0, 0xDE, 0xDD, 0xDC, 0x72, 0x6F,
    0x6F, 0x57, 0x44, 0x3F, 0x48, 0x5B, 0x49, 0x3B, 0x38, 0x38, 0x43, 0x42, 0x37, 0x32, 0x36, 0x37,
    0x3B, 0x38, 0x37, 0x34, 0x33, 0x3A, 0x3A, 0x39, 0x3A, 0x41, 0x48, 0x44, 0x40, 0x47, 0x50, 0x5F,
    0x6B, 0x62, 0x5C, 0x62, 0xDB, 0xC8, 0xC4, 0xCA, 0xD0, 0xCB, 0xC2, 0xBC, 0xBB, 0xBE, 0xC0, 0xC2,
    0xBF, 0xBA, 0xB9, 0xBC, 0xC4, 0xC6, 0xC0, 0xBC, 0xBC, 0xBF, 0xC4, 0xC5, 0xC0, 0xBE, 0xC1, 0xC5,
    0xC9, 0xC4, 0xC5, 0xC6, 0xC8, 0xCC, 0xCA, 0xD6, 0x77, 0xD9, 0xCE, 0xCC, 0xE8, 0x4A, 0x4F, 0x7C,
    0xDF, 0x51, 0x40, 0x41, 0x45, 0x4B, 0x4D, 0x45, 0x3B, 0x3C, 0x38, 0x39, 0x42, 0x44, 0x41, 0x34,
    0x32, 0x3C, 0x43, 0x40, 0x35, 0x31, 0x38, 0x49, 0x55, 0x41, 0x3B, 0x3F, 0x4D, 0x66, 0x59, 0x4C,
    0x4F, 0x65, 0xDC, 0xD7, 0xDC, 0xE0, 0xD7, 0xCA, 0xC6, 0xC7, 0xC8, 0xC3, 0xBE, 0xBE, 0xBE, 0xBF,
    0xC0, 0xC1, 0xBD, 0xBB, 0xBD, 0xC3, 0xC7, 0xC4, 0xBD, 0xBE, 0xC3, 0xC8, 0xC6, 0xC5, 0xC6, 0xC3,
    0xC6, 0xC4, 0xD0, 0xDD, 0xCF, 0xC1, 0xC8, 0xDE, 0x58, 0xF7, 0xCA, 0xDD, 0x6A, 0x51, 0x57, 0x6A,
    0xEA, 0x57, 0x3D, 0x3E, 0x46, 0x6B, 0x7E, 0x3F, 0x2F, 0x3F, 0x51, 0x5D, 0x44, 0x33, 0x38, 0x46,
    0x4D, 0x52, 0x3D, 0x3A, 0x3B, 0x42, 0x4F, 0x5C, 0x49, 0x40, 0x3F, 0x4F, 0x78, 0x5D, 0x5F, 0x4E,
    0x66, 0x6A, 0xE5, 0xDC, 0xDC, 0xDC, 0x71, 0xE3, 0xC8, 0xC5, 0xC3, 0xCE, 0xD8, 0xCE, 0xC3, 0xBE,
    0xC1, 0xC7, 0xD1, 0xCC, 0xBC, 0xBE, 0xC4, 0xCB, 0xD6, 0xCA, 0xCE, 0xBE, 0xC2, 0xCF, 0xD8, 0xD8,
    0xC3, 0xC3, 0xD4, 0x62, 0x7C, 0xC8, 0xC1, 0xD7, 0x49, 0x51, 0xE5, 0xC8, 0xCF, 0x4A, 0x46, 0x4B,
    0x5D, 0xC1, 0x5F, 0x41, 0x38, 0x3F, 0xC9, 0xDD, 0x45, 0x3A, 0x38, 0x5D, 0xDB, 0x4B, 0x41, 0x3B,
    0x43, 0x58, 0x49, 0x61, 0x40, 0x3C, 0x43, 0x59, 0x68, 0x4F, 0x3E, 0x46, 0x52, 0xD4, 0x62, 0x49,
    0x4B, 0xEC, 0xEF, 0x64, 0xE8, 0xDC, 0xD4, 0xF3, 0xE2, 0xD7, 0xD4, 0xCF, 0xC3, 0xD2, 0xF3, 0xDB,
    0xC8, 0xBF, 0xBF, 0xD8, 0xEF, 0xE6, 0xC1, 0xBD, 0xC5, 0xF4, 0xDF, 0xCA, 0xCF, 0xC1, 0xCA, 0xD8,
    0xDA, 0xEB, 0xD9, 0xCC, 0xC8, 0xCD, 0x58, 0x57, 0xCB, 0xC1, 0xCA, 0x52, 0x41, 0x61, 0xD3, 0xC2,
    0x64, 0x44, 0x3F, 0x62, 0xCD, 0xD2, 0x45, 0x3D, 0x6E, 0x4C, 0xD6, 0x59, 0xF5, 0x3D, 0x39, 0x50,
    0xE3, 0xCD, 0x4A, 0x3C, 0x39, 0x5E, 0xC8, 0xEE, 0x4A, 0x3C, 0x3B, 0xED, 0xD8, 0xCA, 0x4A, 0x3C,
    0x3E, 0xDE, 0xBE, 0xCB, 0x45, 0x3D, 0x4C, 0xC0, 0xBD, 0xE5, 0x45, 0x4C, 0xDF, 0xC6, 0xBC, 0xEC,
    0x6F, 0x55, 0xDC, 0xC9, 0xCB, 0xCB, 0xE1, 0x67, 0xE9, 0xCF, 0xC9, 0xC1, 0xE9, 0x4D, 0x6D, 0xCB,
    0xB7, 0xC7, 0x49, 0x50, 0x74, 0xC3, 0xBE, 0xE3, 0x52, 0x50, 0x5E, 0xC0, 0xC4, 0x5C, 0x42, 0x59,
    0xE1, 0xCB, 0xCA, 0x57, 0x46, 0x43, 0xCD, 0xBF, 0x5E, 0x3D, 0x3D, 0xCF, 0xBF, 0x79, 0x39, 0x45,
    0x55, 0xC2, 0xEB, 0x3D, 0x57, 0x65, 0xC9, 0x52, 0x3F, 0x59, 0xD6, 0xEB, 0x4A, 0x4B, 0x63, 0xCE,
    0xC7, 0x4D, 0x4B, 0x43, 0xD4, 0xCE, 0xD0, 0x5C, 0x41, 0xE3, 0xD7, 0xD3, 0xCC, 0x50, 0x4B, 0x5C,
    0xD0, 0xBA, 0x79, 0x4D, 0x4A, 0xE5, 0xBE, 0xD2, 0x53, 0x6F, 0x66, 0xCC, 0xC0, 0x5F, 0xD8, 0x5B,
    0x65, 0xBE, 0x65, 0xE1, 0x6D, 0x6C, 0xC5, 0xE1, 0xF7, 0x70, 0x5D, 0xEC, 0xDD, 0xC7, 0x53, 0x45,
    0x5C, 0xCA, 0xC8, 0x4F, 0x4E, 0x50, 0xEA, 0xC2, 0x68, 0x4F, 0x3F, 0x57, 0xC6, 0xD2, 0xDD, 0x3F,
    0x44, 0xF5, 0xC5, 0xD1, 0x42, 0x51, 0x56, 0xE5, 0xC1, 0x5E, 0x43, 0x4B, 0x6C, 0xD2, 0xBD, 0x4E,
    0x42, 0x57, 0xE1, 0xC8, 0xE5, 0x4D, 0x4C, 0xE2, 0xCA, 0x7C, 0xCE, 0x4A, 0x5E, 0x7D, 0x57, 0xCA,
    0xDC, 0x55, 0x4C, 0xD0, 0xDA, 0xD7, 0x46, 0x5E, 0xDB, 0xCD, 0xCF, 0x4B, 0x5E, 0x6E, 0xC7, 0xCC,
    0x45, 0x55, 0x4F, 0xC3, 0xD8, 0xE8, 0x5A, 0x51, 0x5E, 0xE5, 0xBD, 0x5B, 0x4E, 0x42, 0xE8, 0xBC,
    0xCE, 0x3F, 0x3A, 0xD6, 0xBA, 0xCF, 0x3A, 0x4E, 0xE7, 0xCD, 0xD6, 0x3F, 0x66, 0xD8, 0x72, 0xCD,
    0x43, 0x5C, 0x50, 0xC9, 0xD4, 0x43, 0x4A, 0xDD, 0xBF, 0xD6, 0x42, 0x45, 0xFD, 0xC8, 0xCC, 0x51,
    0x60, 0x5C, 0xCD, 0xDD, 0x67, 0x5B, 0x45, 0xE9, 0xC8, 0xCD, 0x64, 0x47, 0x48, 0xD3, 0xCF, 0xC4,
    0x48, 0x41, 0xEC, 0xBF, 0xCF, 0xEF, 0x3B, 0x58, 0xBF, 0xCF, 0x68, 0x56, 0xDF, 0x77, 0x52, 0xC9,
    0x4F, 0x5D, 0xD7, 0xD6, 0xEB, 0x4D, 0xF6, 0xCE, 0xD6, 0x5D, 0x3C, 0xD4, 0xBC, 0xEB, 0x48, 0x49,
    0xEC, 0xC4, 0xCD, 0x4C, 0x44, 0x61, 0xC1, 0xC4, 0xEC, 0x35, 0xE3, 0xCC, 0xC5, 0xFB, 0x37, 0x66,
    0xD1, 0xCB, 0xC5, 0x3E, 0x42, 0xD4, 0xCC, 0xC3, 0x3E, 0x42, 0xE8, 0xBD, 0xCD, 0x54, 0x46, 0x5A,
    0xCE, 0xC6, 0x7E, 0x4D, 0x4C, 0xDA, 0xE9, 0xCC, 0xE2, 0x4A, 0x5E, 0x5A, 0xC4, 0xC2, 0x56, 0x3D,
    0x60, 0xC5, 0xC3, 0xDF, 0x3D, 0x3E, 0xC8, 0xBB, 0xC9, 0x3D, 0x39, 0xE4, 0xCB, 0xBB, 0x44, 0x40,
    0x53, 0xDE, 0xB2, 0xD9, 0x3E, 0x3B, 0x57, 0xB8, 0xBC, 0x48, 0x39, 0x58, 0xCB, 0xC5, 0xD9, 0x46,
    0x4D, 0xFC, 0xCE, 0xE9, 0x4C, 0xCF, 0x5F, 0x5A, 0x4F, 0xFA, 0xC3, 0xDB, 0x42, 0x52, 0xCD, 0xD5,
    0xE7, 0x51, 0x4B, 0x70, 0xC4, 0xCD, 0x53, 0x47, 0x4D, 0xBD, 0xD5, 0x53, 0x45, 0x7E, 0xC5, 0xDC,
    0xEF, 0x56, 0xD3, 0x54, 0x5F, 0xEF, 0xCB, 0xD7, 0x5E, 0x3D, 0xF5, 0xBD, 0xCE, 0x43, 0x48, 0xE3,
    0xCA, 0xCB, 0x43, 0x56, 0xE7, 0xE6, 0xC4, 0x5C, 0x64, 0x4A, 0xEF, 0xC4, 0xD7, 0x4C, 0x4C, 0xEE,
    0x52, 0xC8, 0xD3, 0x50, 0x76, 0x4C, 0xEC, 0xC1, 0x5B, 0x4F, 0x5E, 0x52, 0xB8, 0xDA, 0x43, 0x48,
    0x4D, 0xC7, 0xBE, 0xF9, 0x3F, 0x40, 0xEF, 0xB5, 0xD6, 0x40, 0x3D, 0x5C, 0xB3, 0xC4, 0x47, 0x3A,
    0x4A, 0xC6, 0xB8, 0x6A, 0x3C, 0x49, 0xDA, 0xBC, 0xEF, 0x42, 0x42, 0xD7, 0xD5, 0xC8, 0x62, 0x3F,
    0x55, 0xD5, 0xD0, 0xC5, 0x43, 0x4E, 0x48, 0xC4, 0xBC, 0x4C, 0x45, 0x49, 0xBA, 0xC6, 0x4A, 0x5E,
    0x3D, 0xC8, 0xD7, 0xDE, 0xEF, 0x45, 0xED, 0xCE, 0xE3, 0xDD, 0x4B, 0x47, 0xCC, 0xCE, 0xC9, 0x5E,
    0x3A, 0x63, 0xBE, 0xD1, 0xE3, 0x3D, 0xF4, 0xDE, 0xC7, 0xCA, 0x3E, 0x6A, 0xE4, 0x59, 0xCF, 0xDE,
    0xCC, 0x49, 0x3C, 0xF4, 0xB8, 0xC2, 0x3B, 0x3A, 0xBE, 0xC2, 0xC4, 0x3C, 0x3D, 0xD1, 0xBF, 0xE9,
    0x45, 0x4B, 0xCD, 0xDB, 0xF9, 0x5A, 0x50, 0xEA, 0xC8, 0xCB, 0x4D, 0x4B, 0xD4, 0xC8, 0xD8, 0x42,
    0x6D, 0xEB, 0xC0, 0xFD, 0x4B, 0x5B, 0xE3, 0xF6, 0x5B, 0xD0, 0x63, 0x66, 0xE1, 0x6B, 0xEC, 0x4C,
    0x4E, 0xBE, 0xD3, 0x43, 0x4D, 0xDD, 0xCB, 0xC0, 0x41, 0x4A, 0x4C, 0xD1, 0xB4, 0x7B, 0x5A, 0x3C,
    0x76, 0xC4, 0xE2, 0xCE, 0x4C, 0x3C, 0xC9, 0xC7, 0xC7, 0x5D, 0x3B, 0x4E, 0xBE, 0xCB, 0xCC, 0x44,
    0x45, 0xDB, 0xBD, 0xD1, 0x66, 0x3A, 0x5F, 0xC6, 0xBE, 0xD3, 0x37, 0x3A, 0xBE, 0xB1, 0x77, 0x35,
    0x3D, 0xC3, 0xB8, 0xD0, 0x40, 0x3C, 0xE2, 0xBE, 0xC3, 0x4E, 0x3D, 0xE8, 0xDD, 0xC8, 0xE9, 0x4D,
    0x4C, 0xFF, 0xCF, 0xCB, 0x51, 0x50, 0x5B, 0xD0, 0xEA, 0x5D, 0xE9, 0xCF, 0x4B, 0x52, 0x4E, 0xBD,
    0xC9, 0x40, 0x3C, 0xDF, 0xB9, 0xC2, 0x38, 0x3E, 0xCC, 0xC3, 0xD7, 0x3F, 0x3C, 0xC2, 0xCC, 0xD1,
    0x44, 0x40, 0xCB, 0xD1, 0xE2, 0x6D, 0x59, 0x62, 0x5E, 0xDB, 0xC8, 0x5F, 0x48, 0x47, 0xE5, 0xBF,
    0xC7, 0x65, 0x2E, 0x4C, 0xBA, 0xB8, 0xE4, 0x30, 0x4C, 0xBC, 0xB4, 0x52, 0x38, 0x3E, 0xCF, 0xB3,
    0xDC, 0x3F, 0x3E, 0x6D, 0xB4, 0xD3, 0x48, 0x43, 0x42, 0xC2, 0xBD, 0xE4, 0x5B, 0x3D, 0x4B, 0xCE,
    0xC6, 0xC6, 0x42, 0x3F, 0x55, 0xBB, 0xBB, 0x4B, 0x32, 0x48, 0xB7, 0xB6, 0x56, 0x39, 0x3D, 0xD2,
    0xB3, 0xD2, 0x47, 0x38, 0x7C, 0xB6, 0xD2, 0x67, 0x40, 0x48, 0xDB, 0xC4, 0xC1, 0xFA, 0x3B, 0x4A,
    0xCE, 0xBF, 0xDB, 0x3D, 0x59, 0xD0, 0xC8, 0x56, 0x4C, 0xEF, 0xD8, 0x6E, 0x4C, 0x7A, 0xF2, 0xC0,
    0x4B, 0x4D, 0xF2, 0xE0, 0xD1, 0x73, 0x52, 0xE3, 0xDA, 0x62, 0x58, 0xF5, 0xC5, 0xEB, 0x40, 0x4A,
    0xC6, 0xC5, 0xCE, 0x3D, 0x49, 0xDA, 0xBD, 0xC8, 0x3C, 0x44, 0x68, 0xC7, 0xC6, 0xEE, 0x4A, 0x49,
    0x60, 0xC4, 0xD0, 0x5E, 0x4A, 0x4B, 0xCF, 0xBF, 0xDD, 0x47, 0x48, 0xF0, 0xC9, 0xDA, 0x70, 0x47,
    0xD7, 0xD4, 0xDD, 0x5C, 0x45, 0xDB, 0xCC, 0xD3, 0x51, 0x40, 0xC5, 0xC7, 0xCE, 0x49, 0x3E, 0xE2,
    0xC1, 0xC9, 0x65, 0x3D, 0x44, 0xD1, 0xB8, 0xD0, 0x3F, 0x3C, 0x58, 0xBD, 0xBD, 0x56, 0x3D, 0x49,
    0xC7, 0xC3, 0xCE, 0x47, 0x3C, 0x63, 0xBE, 0xBB, 0x5D, 0x38, 0x40, 0xC2, 0xB4, 0xE7, 0x36, 0x3F,
    0xC2, 0xB7, 0x6A, 0x3C, 0x3F, 0xCD, 0xBC, 0xDC, 0x49, 0x47, 0xD6, 0xD5, 0x6C, 0x5C, 0x68, 0xEE,
    0xDE, 0xD5, 0xF8, 0x5F, 0x57, 0x6C, 0xFF, 0xDC, 0xD0, 0xD3, 0x4A, 0x4D, 0x6F, 0xC7, 0xD2, 0x49,
    0x47, 0xF3, 0xC0, 0xC7, 0x4E, 0x3F, 0x4E, 0xD0, 0xC7, 0xD3, 0x57, 0x4A, 0x60, 0xDB, 0xCC, 0x61,
    0x4F, 0x5E, 0xF0, 0xCF, 0xCF, 0x6B, 0x55, 0x5A, 0x5F, 0xDF, 0xE0, 0xFF, 0x69, 0x5A, 0x6B, 0xEB,
    0xE3, 0xE7, 0x5B, 0x55, 0xF3, 0xDD, 0xD1, 0x6A, 0x59, 0x66, 0xD9, 0xDF, 0xF2, 0x5C, 0x6C, 0xE8,
    0xDA, 0xDB, 0x64, 0x5B, 0x5C, 0xDA, 0xD9, 0xF8, 0x5B, 0x5C, 0xDD, 0xD9, 0x79, 0x58, 0x59, 0xEA,
    0xD8, 0xEA, 0xEF, 0x68, 0x64, 0xFD, 0xEC, 0xDF, 0xE9, 0xFC, 0x6C, 0xFB, 0xDD, 0xDA, 0x69, 0x53,
    0x60, 0xD9, 0xD4, 0xFC, 0x55, 0x53, 0x7C, 0xDC, 0xED, 0x5F, 0x56, 0x6C, 0xDD, 0xE6, 0x73, 0x59,
    0x61, 0xFD, 0xDA, 0xDD, 0x60, 0x58, 0x6A, 0xE3, 0xD4, 0xF7, 0x60, 0x6B, 0xE9, 0xDA, 0xEC, 0x77,
    0x69, 0x6D, 0xE4, 0xDD, 0xEC, 0x76, 0x62, 0x6A, 0xE7, 0xE5, 0xF0, 0xF6, 0x6C, 0x7D, 0xF3, 0xF9,
    0x6F, 0x6A, 0x71, 0xEB, 0xDF, 0x7A, 0x60, 0x5F, 0x6B, 0xED, 0x74, 0x63, 0x6A, 0xFE, 0xFA, 0x67,
    0x5D, 0x5E, 0x6C, 0xFB, 0xFD, 0x7B, 0x75, 0x6D, 0x6C, 0x65, 0xFF, 0x77, 0x71, 0x6D, 0x6C, 0xF8,
    0xEF, 0xFC, 0xF9, 0x7C, 0xF3, 0xF4, 0x76, 0x7D, 0x79, 0xF2, 0xEC, 0xE5, 0xF4, 0xF8, 0xED, 0xE7,
    0xE9, 0x6F, 0x6F, 0xE9, 0xD9, 0xDC, 0xF7, 0x6F, 0xFA, 0xDF, 0xE2, 0xED, 0xFD, 0xFA, 0xE2, 0xE3,
    0xEF, 0x6E, 0x61, 0x61, 0x6A, 0x71, 0x64, 0x54, 0x4E, 0x4F, 0x50, 0x4D, 0x49, 0x46, 0x49, 0x4C,
    0x4B, 0x46, 0x42, 0x42, 0x45, 0x4A, 0x4B, 0x4D, 0x4F, 0x54, 0x5C, 0x68, 0xF6, 0xE8, 0xD9, 0xCF,
    0xC7, 0xC4, 0xC2, 0xBF, 0xBE, 0xBB, 0xBB, 0xBC, 0xBB, 0xBA, 0xB9, 0xBA, 0xBD, 0xBD, 0xBD, 0xBD,
    0xBF, 0xC1, 0xC4, 0xC7, 0xCB, 0xD3, 0xDF, 0xE7, 0xEC, 0x7C, 0x65, 0x5C, 0x57, 0x4E, 0x47, 0x42,
    0x42, 0x43, 0x40, 0x3D, 0x3B, 0x3B, 0x3A, 0x37, 0x34, 0x33, 0x33, 0x31, 0x2F, 0x2E, 0x2D, 0x2D,
    0x2F, 0x35, 0x3E, 0x4E, 0x5D, 0xFB, 0xDB, 0xCC, 0xC5, 0xBF, 0xBA, 0xB4, 0xAF, 0xAE, 0xAF, 0xB0,
    0xB2, 0xB5, 0xB5, 0xB4, 0xB4, 0xB6, 0xBB, 0xBE, 0xC2, 0xC9, 0xCF, 0xD7, 0xD7, 0xD2, 0xD2, 0xD6,
    0xD9, 0xDD, 0xDE, 0xDC, 0xD8, 0xCE, 0xC8, 0xC5, 0xC5, 0xC9, 0xCC, 0xCF, 0xD3, 0xD8, 0xE1, 0x78,
    0x5B, 0x4E, 0x46, 0x3D, 0x37, 0x33, 0x31, 0x30, 0x2E, 0x2B, 0x28, 0x26, 0x25, 0x24, 0x24, 0x25,
    0x2A, 0x34, 0x48, 0x5F, 0x79, 0xDB, 0xC5, 0xBA, 0xB6, 0xB4, 0xAF, 0xAC, 0xA9, 0xA9, 0xAD, 0xB1,
    0xB4, 0xB5, 0xB4, 0xB6, 0xBA, 0xBE, 0xC5, 0xD0, 0x71, 0x4E, 0x49, 0x4E, 0x5E, 0x69, 0x5F, 0x5B,
    0x63, 0xE7, 0xD1, 0xCA, 0xC4, 0xBE, 0xB9, 0xB5, 0xB5, 0xB8, 0xBB, 0xBC, 0xBC, 0xBD, 0xC6, 0xD9,
    0x64, 0x4D, 0x42, 0x3A, 0x34, 0x30, 0x2F, 0x2D, 0x2B, 0x29, 0x27, 0x24, 0x23, 0x22, 0x22, 0x22,
    0x23, 0x28, 0x35, 0x50, 0xDB, 0xCD, 0xC4, 0xB9, 0xB1, 0xAE, 0xAE, 0xAC, 0xA8, 0xA6, 0xA7, 0xAC,
    0xB2, 0xB9, 0xBD, 0xBE, 0xBF, 0xC6, 0xCE, 0xDA, 0x7A, 0x56, 0x46, 0x3F, 0x3F, 0x4A, 0x60, 0x75,
    0x77, 0xEB, 0xD1, 0xC6, 0xBF, 0xBC, 0xB8, 0xB3, 0xAF, 0xB0, 0xB4, 0xB8, 0xBA, 0xBB, 0xBE, 0xCA,
    0xE6, 0x57, 0x47, 0x3D, 0x36, 0x30, 0x2E, 0x2C, 0x2C, 0x2B, 0x29, 0x27, 0x25, 0x24, 0x24, 0x24,
    0x23, 0x24, 0x2A, 0x39, 0xFF, 0xC3, 0xBE, 0xBA, 0xB5, 0xAF, 0xAD, 0xAD, 0xAC, 0xA9, 0xA6, 0xA8,
    0xAD, 0xB6, 0xC0, 0xC7, 0xC7, 0xC7, 0xCC, 0xD4, 0xE3, 0x67, 0x4E, 0x43, 0x3F, 0x44, 0x53, 0xF4,
    0xDB, 0xD8, 0xD1, 0xCB, 0xC5, 0xBE, 0xB9, 0xB4, 0xAF, 0xAE, 0xAF, 0xB4, 0xBA, 0xBD, 0xBF, 0xC1,
    0xC8, 0xDB, 0x5B, 0x47, 0x3C, 0x35, 0x30, 0x2E, 0x2E, 0x2D, 0x2B, 0x2A, 0x29, 0x28, 0x26, 0x25,
    0x25, 0x25, 0x26, 0x29, 0x35, 0x6D, 0xBF, 0xBB, 0xB9, 0xB6, 0xAF, 0xAD, 0xAD, 0xAD, 0xAB, 0xA9,
    0xA9, 0xAD, 0xB8, 0xC7, 0xD7, 0xD6, 0xCE, 0xCE, 0xDA, 0xE7, 0x74, 0x54, 0x45, 0x3F, 0x42, 0x52,
    0xE2, 0xCE, 0xCC, 0xCC, 0xCA, 0xC5, 0xBF, 0xBA, 0xB5, 0xB2, 0xAF, 0xB0, 0xB4, 0xBB, 0xC2, 0xC5,
    0xC7, 0xC9, 0xD7, 0x62, 0x49, 0x3D, 0x37, 0x31, 0x2F, 0x2E, 0x2E, 0x2D, 0x2C, 0x2A, 0x28, 0x27,
    0x28, 0x27, 0x26, 0x25, 0x26, 0x2E, 0x4C, 0xC7, 0xBA, 0xB8, 0xB6, 0xB1, 0xAE, 0xAE, 0xAF, 0xAD,
    0xAA, 0xA9, 0xAC, 0xB5, 0xC6, 0xDE, 0xE2, 0xDA, 0xD6, 0xDD, 0xE1, 0xE8, 0x6A, 0x4E, 0x41, 0x40,
    0x4C, 0xE6, 0xC9, 0xC6, 0xC8, 0xC8, 0xC4, 0xBD, 0xBB, 0xB9, 0xB6, 0xB1, 0xAF, 0xB4, 0xBD, 0xC8,
    0xCD, 0xCB, 0xCD, 0xDD, 0x5E, 0x4B, 0x3F, 0x39, 0x32, 0x2E, 0x2E, 0x2E, 0x2F, 0x2E, 0x2C, 0x2A,
    0x29, 0x29, 0x28, 0x26, 0x24, 0x26, 0x2D, 0x47, 0xCA, 0xB9, 0xB8, 0xB6, 0xB3, 0xAF, 0xAF, 0xAF,
    0xAE, 0xAC, 0xAA, 0xAC, 0xB5, 0xC9, 0x7C, 0x6B, 0xEC, 0xDC, 0xE3, 0xED, 0xF8, 0x65, 0x52, 0x46,
    0x43, 0x4C, 0xEA, 0xC9, 0xC3, 0xC6, 0xC7, 0xC0, 0xBC, 0xB9, 0xB9, 0xB7, 0xB3, 0xB2, 0xB6, 0xBD,
    0xC8, 0xCC, 0xCC, 0xCD, 0xD9, 0x62, 0x4B, 0x41, 0x3B, 0x36, 0x30, 0x2F, 0x30, 0x30, 0x2F, 0x2D,
    0x2B, 0x2A, 0x2A, 0x29, 0x28, 0x27, 0x26, 0x28, 0x30, 0x5A, 0xBD, 0xB5, 0xB2, 0xB0, 0xAE, 0xAD,
    0xAF, 0xB1, 0xAF, 0xAC, 0xAB, 0xAE, 0xBA, 0xCF, 0x6D, 0x64, 0x76, 0xF7, 0x7A, 0xF2, 0xEA, 0x6E,
    0x50, 0x44, 0x46, 0x5C, 0xD2, 0xC4, 0xC0, 0xBF, 0xBF, 0xBC, 0xBB, 0xBB, 0xB9, 0xB6, 0xB2, 0xB3,
    0xB9, 0xC5, 0xCF, 0xD3, 0xD2, 0xDA, 0x7E, 0x58, 0x4B, 0x40, 0x39, 0x33, 0x30, 0x2F, 0x2F, 0x2F,
    0x2F, 0x2E, 0x2D, 0x2B, 0x2A, 0x29, 0x28, 0x26, 0x26, 0x2C, 0x3F, 0xCC, 0xB7, 0xB4, 0xB1, 0xB0,
    0xAE, 0xAF, 0xB3, 0xB1, 0xAE, 0xAC, 0xAD, 0xB5, 0xC9, 0x73, 0x55, 0x5D, 0x77, 0xF2, 0xE3, 0xDE,
    0xEC, 0x5D, 0x4B, 0x49, 0x56, 0xDC, 0xC8, 0xC0, 0xBE, 0xBD, 0xBD, 0xBD, 0xBF, 0xBD, 0xB8, 0xB3,
    0xB1, 0xB7, 0xBF, 0xCF, 0xD6, 0xD7, 0xD7, 0xDF, 0x6F, 0x53, 0x48, 0x3E, 0x38, 0x32, 0x31, 0x32,
    0x33, 0x32, 0x2F, 0x2D, 0x2D, 0x2C, 0x2B, 0x2A, 0x29, 0x27, 0x26, 0x2B, 0x3A, 0xD1, 0xB7, 0xB1,
    0xAF, 0xAF, 0xAE, 0xAF, 0xB1, 0xB3, 0xAF, 0xAD, 0xAD, 0xB3, 0xC6, 0x67, 0x4E, 0x59, 0x6F, 0xFC,
    0xEC, 0xDF, 0xE4, 0x68, 0x4F, 0x4B, 0x56, 0xDF, 0xC8, 0xBF, 0xBC, 0xBB, 0xBC, 0xBD, 0xBE, 0xBC,
    0xB8, 0xB4, 0xB4, 0xB8, 0xC1, 0xD1, 0xDF, 0xE1, 0xDD, 0xE1, 0x7C, 0x56, 0x47, 0x3E, 0x38, 0x32,
    0x2F, 0x31, 0x34, 0x36, 0x33, 0x2E, 0x2C, 0x2B, 0x2A, 0x28, 0x27, 0x26, 0x26, 0x2D, 0x44, 0xC6,
    0xB4, 0xB0, 0xAF, 0xAD, 0xAD, 0xAE, 0xB2, 0xB2, 0xAF, 0xAD, 0xAF, 0xBA, 0xD3, 0x5A, 0x50, 0x57,
    0x5C, 0x5F, 0xFF, 0xE4, 0xE5, 0x65, 0x50, 0x4D, 0x63, 0xD5, 0xC4, 0xBE, 0xBC, 0xBB, 0xBB, 0xBC,
    0xBD, 0xBC, 0xB9, 0xB7, 0xB8, 0xBD, 0xC8, 0xD6, 0xDD, 0xDD, 0xDD, 0xED, 0x6D, 0x58, 0x4C, 0x41,
    0x3A, 0x35, 0x33, 0x35, 0x37, 0x36, 0x32, 0x2E, 0x2E, 0x2D, 0x2C, 0x2A, 0x28, 0x27, 0x26, 0x2A,
    0x36, 0xDF, 0xB6, 0xAF, 0xAD, 0xAE, 0xAE, 0xAF, 0xAF, 0xB1, 0xAF, 0xAE, 0xAF, 0xB5, 0xC5, 0x5D,
    0x47, 0x4A, 0x59, 0x72, 0xE2, 0xDD, 0xE0, 0x70, 0x53, 0x4C, 0x56, 0xDF, 0xC4, 0xBD, 0xBA, 0xBB,
    0xBC, 0xBD, 0xBE, 0xBD, 0xBC, 0xB9, 0xB7, 0xB8, 0xBF, 0xCF, 0xE2, 0xE3, 0xDE, 0xE6, 0xFF, 0x68,
    0x58, 0x4A, 0x3D, 0x37, 0x33, 0x32, 0x34, 0x35, 0x35, 0x32, 0x2F, 0x2D, 0x2C, 0x2B, 0x29, 0x28,
    0x26, 0x26, 0x2A, 0x3D, 0xC9, 0xB3, 0xAE, 0xAE, 0xAD, 0xAD, 0xAE, 0xB1, 0xB3, 0xB0, 0xAE, 0xAF,
    0xB9, 0xD5, 0x4F, 0x47, 0x4A, 0x51, 0x5A, 0x79, 0xDB, 0xD3, 0xDE, 0x62, 0x55, 0x62, 0xDB, 0xC4,
    0xBC, 0xBB, 0xBB, 0xBC, 0xBC, 0xBD, 0xBE, 0xBC, 0xBA, 0xB8, 0xBB, 0xC4, 0xD7, 0xE5, 0xEA, 0xE8,
    0xEE, 0x6E, 0x5E, 0x56, 0x4A, 0x3D, 0x36, 0x34, 0x34, 0x36, 0x35, 0x34, 0x33, 0x32, 0x2F, 0x2D,
    0x2A, 0x28, 0x27, 0x26, 0x26, 0x2C, 0x44, 0xC1, 0xB1, 0xAD, 0xAD, 0xAC, 0xAD, 0xAF, 0xB3, 0xB4,
    0xB2, 0xB0, 0xB3, 0xBD, 0xEA, 0x4B, 0x43, 0x49, 0x4F, 0x61, 0xE6, 0xD2, 0xD4, 0xEC, 0x59, 0x56,
    0xFE, 0xCB, 0xBE, 0xBC, 0xBB, 0xBB, 0xBC, 0xBF, 0xC4, 0xC2, 0xBD, 0xBA, 0xB9, 0xBC, 0xC5, 0xD7,
    0xF3, 0xF6, 0xEB, 0xEC, 0xFE, 0x6F, 0x5C, 0x4B, 0x3E, 0x39, 0x37, 0x39, 0x3B, 0x3C, 0x39, 0x34,
    0x31, 0x2F, 0x2E, 0x2C, 0x2A, 0x29, 0x28, 0x26, 0x26, 0x2D, 0x50, 0xBA, 0xAE, 0xAC, 0xAB, 0xAB,
    0xAC, 0xAE, 0xB3, 0xB8, 0xB5, 0xB1, 0xB4, 0xC5, 0x59, 0x40, 0x40, 0x47, 0x4F, 0x5E, 0xE6, 0xD4,
    0xD2, 0xEC, 0x5C, 0x5A, 0xE7, 0xC5, 0xBB, 0xB8, 0xBA, 0xBB, 0xBC, 0xBF, 0xC5, 0xC6, 0xC0, 0xBB,
    0xB9, 0xBE, 0xCC, 0xE1, 0xFF, 0xF0, 0xEA, 0xEC, 0xF2, 0x7E, 0x65, 0x4D, 0x40, 0x3B, 0x3A, 0x3D,
    0x3E, 0x3C, 0x39, 0x37, 0x34, 0x30, 0x2E, 0x2C, 0x2B, 0x29, 0x27, 0x24, 0x24, 0x2A, 0x44, 0xBD,
    0xAE, 0xAB, 0xAB, 0xAB, 0xAC, 0xAF, 0xB5, 0xB8, 0xB3, 0xB0, 0xB2, 0xC2, 0x5D, 0x3F, 0x3C, 0x41,
    0x49, 0x55, 0xEE, 0xD0, 0xCB, 0xD7, 0x6F, 0x64, 0xE7, 0xC9, 0xBD, 0xB9, 0xB9, 0xBB, 0xBB, 0xBC,
    0xC1, 0xC9, 0xC6, 0xBD, 0xBB, 0xBE, 0xCC, 0xDC, 0xEB, 0xE7, 0xEC, 0xFB, 0x6F, 0xF5, 0xEC, 0x67,
    0x4C, 0x40, 0x3D, 0x3E, 0x3F, 0x3E, 0x3B, 0x38, 0x35, 0x33, 0x31, 0x2E, 0x2B, 0x2A, 0x29, 0x28,
    0x25, 0x23, 0x2B, 0x49, 0xB7, 0xAC, 0xA9, 0xAA, 0xAA, 0xAB, 0xAE, 0xB6, 0xBB, 0xB8, 0xB3, 0xB6,
    0xC5, 0x58, 0x3E, 0x3C, 0x41, 0x4A, 0x53, 0xF4, 0xD0, 0xCB, 0xD2, 0xF3, 0x6E, 0xDC, 0xC4, 0xBB,
    0xB8, 0xB9, 0xBB, 0xBD, 0xC0, 0xC9, 0xCF, 0xCB, 0xBF, 0xBD, 0xBF, 0xC9, 0xD4, 0xDC, 0xE3, 0xEA,
    0x7E, 0xEE, 0xE0, 0xE1, 0x6F, 0x4E, 0x44, 0x41, 0x42, 0x44, 0x44, 0x40, 0x3D, 0x3A, 0x36, 0x31,
    0x2E, 0x2D, 0x2C, 0x2B, 0x29, 0x26, 0x24, 0x23, 0x2B, 0x4F, 0xB6, 0xAB, 0xA8, 0xA7, 0xA8, 0xAB,
    0xB0, 0xB8, 0xBB, 0xB8, 0xB5, 0xB9, 0xCE, 0x4C, 0x3B, 0x39, 0x3C, 0x46, 0x5C, 0xDA, 0xC7, 0xC6,
    0xCC, 0xE0, 0x7E, 0xDD, 0xC6, 0xBB, 0xB7, 0xB7, 0xB9, 0xBD, 0xC6, 0xD1, 0xDB, 0xCE, 0xC1, 0xBC,
    0xBF, 0xCC, 0xDC, 0xE5, 0xDF, 0xE2, 0xE7, 0xE8, 0xE0, 0xDE, 0xEC, 0x5D, 0x4C, 0x46, 0x46, 0x49,
    0x4A, 0x45, 0x3F, 0x3A, 0x36, 0x32, 0x2F, 0x2E, 0x2D, 0x2C, 0x2A, 0x27, 0x25, 0x23, 0x25, 0x30,
    0xDE, 0xAE, 0xA7, 0xA7, 0xA9, 0xAA, 0xAE, 0xB3, 0xBA, 0xBB, 0xB7, 0xB7, 0xC0, 0x65, 0x3D, 0x37,
    0x3A, 0x42, 0x4F, 0x6D, 0xD6, 0xCA, 0xCB, 0xDA, 0xF8, 0xE3, 0xC7, 0xB8, 0xB2, 0xB4, 0xB8, 0xBC,
    0xC0, 0xC9, 0xD2, 0xD5, 0xCB, 0xC0, 0xC0, 0xCB, 0xE9, 0x69, 0x7A, 0xE0, 0xDB, 0xE0, 0xE6, 0xE2,
    0xDC, 0xE7, 0x69, 0x56, 0x56, 0x68, 0xF8, 0x63, 0x4B, 0x3D, 0x38, 0x35, 0x34, 0x32, 0x2F, 0x2D,
    0x2B, 0x28, 0x24, 0x21, 0x1F, 0x22, 0x2B, 0x4E, 0xB6, 0xA9, 0xA7, 0xA8, 0xAA, 0xAB, 0xAE, 0xB3,
    0xB8, 0xB8, 0xB5, 0xB9, 0xCF, 0x45, 0x35, 0x35, 0x3D, 0x4B, 0x59, 0xFF, 0xDB, 0xCD, 0xCF, 0xDE,
    0xF4, 0xD4, 0xBE, 0xB2, 0xAF, 0xB3, 0xBA, 0xBE, 0xC4, 0xC8, 0xCE, 0xD4, 0xD1, 0xCB, 0xCB, 0xD9,
    0xFE, 0x6E, 0xDF, 0xD1, 0xCF, 0xD7, 0xE0, 0xE3, 0xE2, 0xEA, 0x6E, 0x64, 0x7C, 0xDE, 0xD9, 0x78,
    0x4C, 0x3E, 0x39, 0x37, 0x35, 0x34, 0x32, 0x30, 0x2E, 0x2A, 0x26, 0x22, 0x21, 0x21, 0x23, 0x2A,
    0x44, 0xB9, 0xA9, 0xA6, 0xA7, 0xA9, 0xAB, 0xAD, 0xB2, 0xB8, 0xBB, 0xBB, 0xBC, 0xCD, 0x4B, 0x36,
    0x33, 0x3B, 0x4A, 0x61, 0xEA, 0xD8, 0xCD, 0xCD, 0xD5, 0xDF, 0xCF, 0xBD, 0xB1, 0xAF, 0xB2, 0xBA,
    0xBE, 0xC3, 0xC7, 0xD3, 0xE5, 0xDF, 0xD0, 0xCC, 0xD6, 0x73, 0x66, 0xE7, 0xCC, 0xC9, 0xCC, 0xD2,
    0xD1, 0xCF, 0xD7, 0xF7, 0x68, 0xF1, 0xD1, 0xCC, 0xD9, 0x5D, 0x49, 0x43, 0x3F, 0x3A, 0x35, 0x32,
    0x32, 0x32, 0x2E, 0x29, 0x25, 0x23, 0x23, 0x25, 0x24, 0x25, 0x2D, 0x5D, 0xAF, 0xA7, 0xA6, 0xA8,
    0xA8, 0xA9, 0xAC, 0xB4, 0xC0, 0xC2, 0xBE, 0xBF, 0xD9, 0x40, 0x32, 0x33, 0x3D, 0x49, 0x57, 0x6C,
    0xD7, 0xC3, 0xBF, 0xC5, 0xCF, 0xC9, 0xBB, 0xB1, 0xAF, 0xB4, 0xBB, 0xBF, 0xC3, 0xCB, 0xE5, 0x6C,
    0xF9, 0xD3, 0xCE, 0xDE, 0x5F, 0x5D, 0xED, 0xCD, 0xC8, 0xCB, 0xCE, 0xCB, 0xC8, 0xCC, 0xDD, 0x7E,
    0xED, 0xD3, 0xCB, 0xD3, 0x72, 0x50, 0x4A, 0x46, 0x3F, 0x39, 0x32, 0x2F, 0x2E, 0x2D, 0x2B, 0x27,
    0x25, 0x26, 0x27, 0x27, 0x26, 0x26, 0x2C, 0x49, 0xB8, 0xA9, 0xA5, 0xA6, 0xA7, 0xA8, 0xAC, 0xB5,
    0xC2, 0xC9, 0xC3, 0xC0, 0xD1, 0x48, 0x35, 0x32, 0x37, 0x42, 0x54, 0xEB, 0xCC, 0xBE, 0xBD, 0xC3,
    0xCE, 0xCC, 0xBD, 0xB3, 0xAF, 0xB2, 0xB7, 0xBC, 0xC5, 0xCF, 0xE5, 0x78, 0xF7, 0xD7, 0xD2, 0xDD,
    0x68, 0x58, 0x5D, 0xE7, 0xCE, 0xC7, 0xC5, 0xC4, 0xC3, 0xC7, 0xCE, 0xDE, 0xE7, 0xD6, 0xC9, 0xC8,
    0xD0, 0x7B, 0x53, 0x4B, 0x46, 0x3E, 0x39, 0x35, 0x31, 0x2F, 0x2C, 0x29, 0x27, 0x27, 0x28, 0x29,
    0x29, 0x28, 0x28, 0x28, 0x2E, 0x4F, 0xB7, 0xA7, 0xA3, 0xA4, 0xA7, 0xAB, 0xAF, 0xBA, 0xC5, 0xC9,
    0xC5, 0xC4, 0xDA, 0x47, 0x35, 0x32, 0x37, 0x46, 0x6B, 0xD0, 0xC3, 0xBC, 0xBC, 0xC0, 0xCB, 0xCA,
    0xBD, 0xB2, 0xAE, 0xAF, 0xB6, 0xBE, 0xCA, 0xD6, 0xFB, 0x5E, 0x61, 0xEE, 0xDB, 0xE5, 0x64, 0x58,
    0x66, 0xDA, 0xCA, 0xC3, 0xC1, 0xC0, 0xC0, 0xC5, 0xCE, 0xDC, 0xDD, 0xD1, 0xCB, 0xCC, 0xD9, 0x78,
    0x5C, 0x52, 0x4B, 0x44, 0x3D, 0x3B, 0x38, 0x32, 0x2D, 0x29, 0x29, 0x2B, 0x2D, 0x2D, 0x2C, 0x2B,
    0x2A, 0x2A, 0x29, 0x2A, 0x33, 0xD5, 0xAC, 0xA2, 0xA2, 0xA6, 0xAC, 0xB0, 0xBA, 0xC5, 0xD8, 0xCE,
    0xC6, 0xC7, 0xF2, 0x3E, 0x31, 0x33, 0x3C, 0x5B, 0xD0, 0xC1, 0xBB, 0xB8, 0xBA, 0xC0, 0xCD, 0xCC,
    0xBD, 0xB2, 0xAF, 0xB5, 0xBE, 0xC9, 0xD3, 0xE0, 0x63, 0x58, 0x62, 0xDF, 0xD3, 0xDE, 0x69, 0x5C,
    0x73, 0xD7, 0xCB, 0xC7, 0xC5, 0xC0, 0xBF, 0xC1, 0xCC, 0xDD, 0xDD, 0xCE, 0xC7, 0xCC, 0xDE, 0x6B,
    0x65, 0x6A, 0x5D, 0x4C, 0x41, 0x3D, 0x3B, 0x35, 0x2E, 0x2B, 0x29, 0x2C, 0x2E, 0x2F, 0x2E, 0x2C,
    0x2B, 0x2B, 0x2A, 0x29, 0x28, 0x2F, 0x55, 0xB2, 0xA7, 0xA5, 0xA8, 0xAA, 0xAD, 0xB2, 0xBD, 0xCE,
    0xD5, 0xC6, 0xC1, 0xD2, 0x49, 0x37, 0x34, 0x3D, 0x4E, 0xF1, 0xCE, 0xC2, 0xBB, 0xB9, 0xBD, 0xC9,
    0xCC, 0xBF, 0xB5, 0xAF, 0xB4, 0xBD, 0xC9, 0xCF, 0xDE, 0x65, 0x51, 0x5A, 0xE1, 0xCE, 0xD3, 0x7D,
    0x53, 0x58, 0xFC, 0xD3, 0xCA, 0xC6, 0xC1, 0xBE, 0xBD, 0xC1, 0xCA, 0xCF, 0xCE, 0xC9, 0xC8, 0xCF,
    0xE2, 0x6C, 0x5F, 0x5B, 0x55, 0x4D, 0x4A, 0x47, 0x3F, 0x38, 0x2F, 0x2C, 0x2B, 0x2C, 0x2D, 0x2F,
    0x30, 0x30, 0x2F, 0x2E, 0x2C, 0x2A, 0x2A, 0x2A, 0x2E, 0x47, 0xBB, 0xAA, 0xA6, 0xA8, 0xAC, 0xAE,
    0xB3, 0xBB, 0xC8, 0xCF, 0xCC, 0xC6, 0xCC, 0x5B, 0x3C, 0x37, 0x3C, 0x4D, 0xE9, 0xCB, 0xC1, 0xBB,
    0xBA, 0xBE, 0xC8, 0xCC, 0xC4, 0xBA, 0xB5, 0xB7, 0xBD, 0xC7, 0xD0, 0xE2, 0x69, 0x5C, 0x65, 0xE1,
    0xD2, 0xD6, 0xFA, 0x5A, 0x5A, 0xFD, 0xD5, 0xCA, 0xC5, 0xC0, 0xBE, 0xBE, 0xC4, 0xCC, 0xD0, 0xCC,
    0xC5, 0xC4, 0xCB, 0xDF, 0x6F, 0x62, 0x61, 0x63, 0x60, 0x5B, 0x56, 0x4B, 0x40, 0x37, 0x31, 0x2F,
    0x30, 0x32, 0x34, 0x35, 0x34, 0x33, 0x31, 0x2F, 0x2D, 0x2B, 0x2B, 0x2B, 0x2B, 0x2C, 0x37, 0xE0,
    0xB1, 0xA9, 0xA8, 0xAA, 0xAE, 0xAF, 0xB6, 0xBF, 0xCD, 0xD0, 0xC7, 0xC5, 0xDC, 0x48, 0x39, 0x3B,
    0x47, 0x77, 0xD2, 0xC5, 0xBE, 0xBB, 0xBB, 0xBF, 0xC8, 0xC7, 0xBE, 0xB6, 0xB3, 0xB7, 0xC0, 0xCF,
    0xE7, 0x6D, 0x5D, 0x5C, 0x66, 0xE2, 0xD7, 0xDB, 0x7E, 0x61, 0x70, 0xDC, 0xCB, 0xC8, 0xC7, 0xC5,
    0xC0, 0xC0, 0xC4, 0xCC, 0xCF, 0xCB, 0xC5, 0xC8, 0xD3, 0x7E, 0x66, 0x67, 0x6F, 0x6D, 0x62, 0x5F,
    0x5C, 0x4F, 0x42, 0x38, 0x32, 0x32, 0x35, 0x36, 0x36, 0x34, 0x34, 0x35, 0x35, 0x32, 0x2F, 0x2D,
    0x2D, 0x2C, 0x2C, 0x2A, 0x2B, 0x37, 0xDE, 0xB0, 0xA9, 0xA7, 0xAA, 0xAD, 0xB2, 0xBB, 0xCA, 0xD8,
    0xD2, 0xC5, 0xC2, 0xD6, 0x4B, 0x3C, 0x3C, 0x49, 0x72, 0xD0, 0xC5, 0xBD, 0xBB, 0xBC, 0xC3, 0xCE,
    0xCE, 0xBF, 0xB7, 0xB5, 0xBA, 0xC3, 0xCF, 0xDA, 0xEA, 0x6C, 0x5E, 0x6C, 0xDD, 0xCF, 0xD2, 0xEF,
    0x66, 0x6E, 0xDE, 0xCF, 0xCC, 0xCC, 0xCA, 0xC7, 0xC6, 0xCB, 0xD4, 0xD4, 0xCC, 0xC4, 0xC4, 0xCD,
    0xDF, 0xFD, 0xFC, 0xF8, 0x73, 0x64, 0x65, 0x6C, 0x62, 0x4C, 0x3E, 0x38, 0x36, 0x37, 0x38, 0x37,
    0x35, 0x34, 0x35, 0x36, 0x35, 0x31, 0x2F, 0x2E, 0x2D, 0x2D, 0x2C, 0x2B, 0x2B, 0x2F, 0x45, 0xBF,
    0xAD, 0xA9, 0xA9, 0xAB, 0xAE, 0xB3, 0xBB, 0xC6, 0xCB, 0xC7, 0xC2, 0xCA, 0x6E, 0x41, 0x3B, 0x3F,
    0x50, 0xEB, 0xCE, 0xC3, 0xBC, 0xBA, 0xBE, 0xC7, 0xCE, 0xC7, 0xBB, 0xB5, 0xB6, 0xBC, 0xC7, 0xD2,
    0xDF, 0x77, 0x5F, 0x62, 0xEA, 0xD2, 0xCE, 0xDF, 0x62, 0x59, 0x67, 0xE2, 0xD1, 0xCC, 0xCA, 0xC8,
    0xC8, 0xCA, 0xCC, 0xD1, 0xCF, 0xCA, 0xC3, 0xC5, 0xCE, 0xE7, 0x6F, 0x68, 0x6F, 0x75, 0x7E, 0xF7,
    0xFE, 0x61, 0x4C, 0x3F, 0x3A, 0x39, 0x3B, 0x3B, 0x3A, 0x38, 0x38, 0x38, 0x37, 0x35, 0x34, 0x34,
    0x35, 0x33, 0x2F, 0x2D, 0x2B, 0x2A, 0x2B, 0x2E, 0x3B, 0xDA, 0xB3, 0xAA, 0xA8, 0xAA, 0xAE, 0xB2,
    0xB9, 0xC0, 0xCA, 0xCC, 0xC9, 0xCA, 0xE1, 0x4D, 0x3F, 0x3F, 0x4D, 0xEE, 0xCB, 0xC1, 0xBC, 0xBC,
    0xBF, 0xC8, 0xCF, 0xCC, 0xC0, 0xBB, 0xB9, 0xBB, 0xC2, 0xCD, 0xDF, 0x6D, 0x60, 0x69, 0xEF, 0xDB,
    0xD6, 0xE1, 0x6D, 0x5B, 0x62, 0xEB, 0xD1, 0xCA, 0xC8, 0xC8, 0xC8, 0xCA, 0xCF, 0xD8, 0xD9, 0xCE,
    0xC6, 0xC2, 0xC8, 0xD3, 0xED, 0x77, 0x75, 0x7B, 0x75, 0x7B, 0xF8, 0xFF, 0x5F, 0x4C, 0x43, 0x40,
    0x42, 0x43, 0x40, 0x3D, 0x3A, 0x3A, 0x3A, 0x38, 0x37, 0x37, 0x38, 0x39, 0x35, 0x2F, 0x2D, 0x2B,
    0x2B, 0x2B, 0x2C, 0x2E, 0x3B, 0xD6, 0xB1, 0xA9, 0xA9, 0xAB, 0xAD, 0xB0, 0xB6, 0xBE, 0xC9, 0xCE,
    0xC8, 0xC7, 0xDB, 0x4D, 0x3D, 0x3D, 0x4B, 0xF9, 0xCF, 0xC8, 0xC1, 0xBE, 0xBD, 0xC0, 0xC9, 0xCA,
    0xC2, 0xBA, 0xB7, 0xBB, 0xC5, 0xD1, 0xDE, 0xF1, 0x6B, 0x5F, 0x5F, 0x76, 0xE9, 0xE9, 0xFC, 0x6F,
    0x7B, 0xDD, 0xD0, 0xCD, 0xCD, 0xCD, 0xCB, 0xCA, 0xCC, 0xD1, 0xD4, 0xCE, 0xC7, 0xC5, 0xC7, 0xD3,
    0xE0, 0xEC, 0xE9, 0xF4, 0x72, 0x6F, 0xFE, 0xF6, 0x69, 0x52, 0x47, 0x43, 0x44, 0x48, 0x47, 0x43,
    0x3E, 0x3C, 0x3A, 0x38, 0x36, 0x35, 0x36, 0x37, 0x37, 0x35, 0x31, 0x2D, 0x2C, 0x2B, 0x2C, 0x2C,
    0x2E, 0x39, 0xE2, 0xB4, 0xAA, 0xA9, 0xAB, 0xAE, 0xB1, 0xB7, 0xC0, 0xCC, 0xD0, 0xC9, 0xC5, 0xD1,
    0x56, 0x3F, 0x3D, 0x47, 0x68, 0xD3, 0xC7, 0xBF, 0xBB, 0xBC, 0xC1, 0xCC, 0xD1, 0xC6, 0xBB, 0xB6,
    0xB8, 0xBF, 0xCF, 0xE9, 0x72, 0x61, 0x5B, 0x64, 0xEA, 0xD3, 0xCF, 0xDD, 0x6D, 0x5F, 0x75, 0xDD,
    0xD1, 0xCD, 0xCB, 0xC8, 0xC8, 0xCD, 0xDA, 0xE5, 0xDC, 0xCD, 0xC6, 0xC8, 0xD0, 0xDF, 0xE9, 0xE4,
    0xE3, 0xEB, 0xFA, 0xF0, 0xE8, 0xEA, 0x66, 0x4E, 0x46, 0x46, 0x4C, 0x50, 0x4D, 0x46, 0x40, 0x3E,
    0x3C, 0x3A, 0x38, 0x38, 0x39, 0x39, 0x37, 0x33, 0x2F, 0x2E, 0x2D, 0x2C, 0x2C, 0x2C, 0x2D, 0x30,
    0x3F, 0xCF, 0xB2, 0xAA, 0xA9, 0xAB, 0xAD, 0xB1, 0xBA, 0xC3, 0xCD, 0xCF, 0xCA, 0xCA, 0xDF, 0x4E,
    0x3E, 0x3E, 0x48, 0x6F, 0xD1, 0xC5, 0xBE, 0xBC, 0xBC, 0xC1, 0xCC, 0xCE, 0xC6, 0xBC, 0xB9, 0xBC,
    0xC4, 0xCF, 0xDE, 0x7E, 0x5F, 0x59, 0x5E, 0xEE, 0xD8, 0xD8, 0xED, 0x62, 0x5E, 0x7A, 0xDF, 0xD4,
    0xCE, 0xCC, 0xCB, 0xCB, 0xCE, 0xD8, 0xE0, 0xDB, 0xCE, 0xC8, 0xC9, 0xCF, 0xDC, 0xE0, 0xE0, 0xDF,
    0xE3, 0xE7, 0xEB, 0xEE, 0x6F, 0x59, 0x4B, 0x48, 0x48, 0x4D, 0x51, 0x51, 0x4D, 0x48, 0x44, 0x42,
    0x41, 0x40, 0x40, 0x41, 0x3F, 0x3C, 0x37, 0x31, 0x2E, 0x2D, 0x2D, 0x2C, 0x2C, 0x2C, 0x2D, 0x2F,
    0x3A, 0xED, 0xB5, 0xAA, 0xA8, 0xA9, 0xAB, 0xAF, 0xB6, 0xBE, 0xCE, 0xD3, 0xD2, 0xCE, 0xE1, 0x4F,
    0x3D, 0x3B, 0x3F, 0x53, 0xE2, 0xC9, 0xBF, 0xBB, 0xBB, 0xBD, 0xC6, 0xCD, 0xCA, 0xBF, 0xBA, 0xBB,
    0xC0, 0xCD, 0xDF, 0xFF, 0x64, 0x5B, 0x5A, 0x68, 0xEB, 0xDC, 0xE1, 0x74, 0x5E, 0x63, 0xEC, 0xD7,
    0xCF, 0xCD, 0xCD, 0xCD, 0xCE, 0xD0, 0xDA, 0xDD, 0xDB, 0xCF, 0xCB, 0xCC, 0xD1, 0xD7, 0xD9, 0xD7,
    0xD9, 0xDC, 0xE0, 0xE8, 0xFD, 0x64, 0x56, 0x4D, 0x4A, 0x4A, 0x4C, 0x4E, 0x50, 0x50, 0x4E, 0x4B,
    0x46, 0x42, 0x40, 0x40, 0x3F, 0x3D, 0x3A, 0x36, 0x32, 0x2F, 0x2E, 0x2D, 0x2D, 0x2D, 0x2D, 0x2E,
    0x2F, 0x39, 0x6F, 0xB8, 0xAA, 0xA8, 0xA8, 0xAC, 0xAF, 0xB7, 0xBE, 0xCD, 0xDD, 0xD8, 0xCE, 0xD6,
    0x5E, 0x42, 0x3B, 0x3F, 0x50, 0xE9, 0xCD, 0xC5, 0xBE, 0xBB, 0xBC, 0xC0, 0xC9, 0xC9, 0xC0, 0xBB,
    0xBA, 0xBF, 0xCD, 0xDC, 0xEF, 0x6F, 0x5B, 0x53, 0x57, 0x71, 0xDF, 0xDD, 0xF2, 0x6F, 0x79, 0xE4,
    0xD7, 0xD4, 0xD4, 0xD1, 0xCD, 0xCB, 0xCE, 0xD7, 0xDE, 0xD8, 0xCE, 0xCB, 0xCE, 0xDC, 0xE9, 0xE4,
    0xDA, 0xD8, 0xDB, 0xDF, 0xDF, 0xE0, 0xEE, 0x5F, 0x4F, 0x4B, 0x4E, 0x56, 0x5B, 0x56, 0x50, 0x4E,
    0x4E, 0x4C, 0x47, 0x43, 0x41, 0x42, 0x42, 0x3E, 0x3A, 0x34, 0x32, 0x30, 0x2F, 0x2E, 0x2E, 0x2D,
    0x2E, 0x2F, 0x31, 0x3A, 0x6A, 0xB8, 0xAB, 0xA7, 0xA9, 0xAC, 0xAF, 0xB7, 0xBF, 0xCF, 0xDD, 0xDD,
    0xD2, 0xDE, 0x56, 0x3F, 0x3A, 0x3E, 0x4D, 0xF8, 0xCD, 0xC2, 0xBD, 0xBC, 0xBE, 0xC6, 0xCE, 0xCC,
    0xC2, 0xBC, 0xBC, 0xBF, 0xCA, 0xD9, 0x7D, 0x5E, 0x58, 0x60, 0xF7, 0xDD, 0xDA, 0xE5, 0x72, 0x60,
    0x60, 0x76, 0xE3, 0xD3, 0xCD, 0xCB, 0xCD, 0xD3, 0xDC, 0xEE, 0xF7, 0xEF, 0xDB, 0xD2, 0xCE, 0xD5,
    0xDF, 0xEA, 0xE7, 0xDC, 0xD8, 0xD4, 0xD2, 0xD5, 0xDC, 0xFA, 0x5D, 0x53, 0x53, 0x5B, 0x5F, 0x60,
    0x56, 0x52, 0x4C, 0x4B, 0x48, 0x47, 0x47, 0x48, 0x49, 0x46, 0x3F, 0x3A, 0x36, 0x33, 0x31, 0x2F,
    0x2F, 0x2F, 0x2F, 0x30, 0x30, 0x30, 0x33, 0x3F, 0xD7, 0xB2, 0xAA, 0xA8, 0xAA, 0xAD, 0xB2, 0xBA,
    0xC5, 0xD6, 0xE6, 0xDD, 0xD8, 0xF3, 0x4C, 0x3E, 0x3B, 0x42, 0x5A, 0xDA, 0xC8, 0xC0, 0xBD, 0xBD,
    0xBF, 0xC8, 0xCF, 0xCC, 0xC2, 0xBC, 0xBD, 0xC3, 0xCF, 0xE2, 0x7B, 0x65, 0x5C, 0x5D, 0x71, 0xE0,
    0xD7, 0xDD, 0xF6, 0x6D, 0x7D, 0xE4, 0xD8, 0xD3, 0xD1, 0xD1, 0xD0, 0xD3, 0xD8, 0xE0, 0xEF, 0xE9,
    0xDC, 0xD4, 0xD5, 0xDC, 0xE9, 0xE7, 0xDB, 0xD5, 0xD4, 0xD7, 0xD8, 0xD9, 0xDD, 0xFC, 0x5E, 0x55,
    0x59, 0x5F, 0x65, 0x5E, 0x57, 0x54, 0x55, 0x52, 0x4D, 0x49, 0x48, 0x49, 0x4A, 0x48, 0x41, 0x3C,
    0x39, 0x38, 0x36, 0x34, 0x31, 0x2F, 0x2F, 0x2F, 0x2F, 0x2F, 0x2F, 0x39, 0x67, 0xB8, 0xAC, 0xA9,
    0xAA, 0xAD, 0xB0, 0xB8, 0xC1, 0xD7, 0xEC, 0xE9, 0xD8, 0xE9, 0x53, 0x3E, 0x3B, 0x3F, 0x53, 0xE7,
    0xCD, 0xC5, 0xBE, 0xBD, 0xBE, 0xC6, 0xCF, 0xCE, 0xC4, 0xBD, 0xBD, 0xC5, 0xD5, 0xE9, 0x7D, 0x6E,
    0x5F, 0x5B, 0x5F, 0xF7, 0xDF, 0xDF, 0xFB, 0x6A, 0x71, 0xE6, 0xD8, 0xD7, 0xD9, 0xDB, 0xD6, 0xD3,
    0xD5, 0xE0, 0xEF, 0xEF, 0xE2, 0xDC, 0xDB, 0xE2, 0xEC, 0xEA, 0xE4, 0xDC, 0xDC, 0xDC, 0xDB, 0xD4,
    0xD4, 0xDC, 0xF7, 0x6A, 0x65, 0x69, 0x68, 0x5E, 0x59, 0x5A, 0x5D, 0x5F, 0x5A, 0x53, 0x4F, 0x50,
    0x51, 0x4F, 0x4A, 0x44, 0x3F, 0x3E, 0x3D, 0x3B, 0x39, 0x37, 0x36, 0x34, 0x33, 0x31, 0x30, 0x31,
    0x33, 0x37, 0x41, 0xEC, 0xB8, 0xAD, 0xAA, 0xAC, 0xAF, 0xB5, 0xBC, 0xC6, 0xD7, 0xE9, 0xEA, 0xDA,
    0xDF, 0x5D, 0x45, 0x3E, 0x41, 0x50, 0xF2, 0xD0, 0xC7, 0xC1, 0xBF, 0xBF, 0xC6, 0xCC, 0xCD, 0xC7,
    0xC0, 0xBF, 0xC3, 0xCC, 0xDA, 0xF8, 0x66, 0x5C, 0x5E, 0x6A, 0xF3, 0xE6, 0xE8, 0xFE, 0x6A, 0x68,
    0x76, 0xEA, 0xDD, 0xD8, 0xD5, 0xD4, 0xD7, 0xDD, 0xE8, 0xEF, 0xEA, 0xDC, 0xD8, 0xD5, 0xDE, 0xE9,
    0x7B, 0xEF, 0xE5, 0xDA, 0xD7, 0xD3, 0xD3, 0xD7, 0xE6, 0x6C, 0x5A, 0x57, 0x5A, 0x5F, 0x65, 0x60,
    0x5F, 0x5B, 0x59, 0x55, 0x50, 0x4F, 0x50, 0x52, 0x4F, 0x4A, 0x43, 0x3E, 0x3C, 0x3B, 0x3A, 0x38,
    0x37, 0x36, 0x35, 0x34, 0x32, 0x32, 0x32, 0x35, 0x3D, 0x6F, 0xBC, 0xAE, 0xAB, 0xAC, 0xAF, 0xB4,
    0xBB, 0xC5, 0xD3, 0xE0, 0xE1, 0xD8, 0xDD, 0x62, 0x48, 0x3F, 0x42, 0x4F, 0x78, 0xD5, 0xCA, 0xC3,
    0xBF, 0xC0, 0xC6, 0xCC, 0xCD, 0xC8, 0xC1, 0xBF, 0xC2, 0xCC, 0xDB, 0xFB, 0x65, 0x5C, 0x5B, 0x64,
    0xF5, 0xDE, 0xDB, 0xE6, 0x79, 0x6A, 0x7A, 0xE3, 0xD7, 0xD3, 0xD3, 0xD6, 0xD8, 0xDE, 0xEC, 0x7E,
    0x77, 0xEB, 0xDF, 0xDB, 0xE0, 0xF4, 0x75, 0x7C, 0xEB, 0xDF, 0xD6, 0xD2, 0xCF, 0xD2, 0xDC, 0x7E,
    0x5E, 0x58, 0x59, 0x5F, 0x66, 0x64, 0x60, 0x5D, 0x5C, 0x5A, 0x54, 0x51, 0x50, 0x54, 0x55, 0x4F,
    0x48, 0x42, 0x3F, 0x3D, 0x3C, 0x3B, 0x39, 0x37, 0x36, 0x35, 0x35, 0x34, 0x34, 0x34, 0x38, 0x3F,
    0x6D, 0xBD, 0xB0, 0xAD, 0xAD, 0xAF, 0xB5, 0xBA, 0xC3, 0xCE, 0xDE, 0xE3, 0xDE, 0xE9, 0x5B, 0x47,
    0x3F, 0x42, 0x4E, 0xFD, 0xD3, 0xC9, 0xC4, 0xC1, 0xC2, 0xC7, 0xCD, 0xCF, 0xCA, 0xC3, 0xC0, 0xC6,
    0xCE, 0xDD, 0xF1, 0x74, 0x69, 0x63, 0x68, 0xF7, 0xE1, 0xDD, 0xE8, 0x7D, 0x71, 0xF5, 0xE0, 0xD9,
    0xD8, 0xD8, 0xD8, 0xD7, 0xD9, 0xE1, 0xEF, 0xF9, 0xEE, 0xE4, 0xE1, 0xE6, 0xF1, 0xF1, 0xEA, 0xE2,
    0xE2, 0xEC, 0xED, 0xE6, 0xDE, 0xE2, 0xFC, 0x67, 0x5C, 0x5F, 0x66, 0x6A, 0x65, 0x5F, 0x5E, 0x60,
    0x5F, 0x58, 0x50, 0x4E, 0x4F, 0x51, 0x50, 0x4C, 0x46, 0x40, 0x3E, 0x3D, 0x3B, 0x39, 0x37, 0x36,
    0x36, 0x36, 0x36, 0x36, 0x36, 0x38, 0x3C, 0x56, 0xC7, 0xB3, 0xAD, 0xAD, 0xB0, 0xB5, 0xBB, 0xC1,
    0xCC, 0xD9, 0xDF, 0xDC, 0xDC, 0x7C, 0x4D, 0x41, 0x3F, 0x49, 0x60, 0xDA, 0xCB, 0xC5, 0xC2, 0xC3,
    0xC7, 0xCF, 0xD6, 0xCF, 0xC7, 0xC1, 0xC1, 0xC9, 0xD4, 0xE5, 0xFA, 0x6C, 0x64, 0x68, 0xFA, 0xDE,
    0xDA, 0xE2, 0x79, 0x65, 0x6A, 0xF6, 0xDF, 0xDC, 0xDC, 0xDC, 0xD8, 0xD7, 0xDE, 0xEF, 0x7D, 0xF0,
    0xE1, 0xDD, 0xE2, 0xF5, 0x78, 0xFF, 0xE4, 0xE3, 0xE2, 0xE9, 0xE3, 0xDD, 0xDF, 0xED, 0x67, 0x5D,
    0x5C, 0x64, 0x6C, 0x73, 0x6C, 0x69, 0x64, 0x5F, 0x59, 0x56, 0x54, 0x56, 0x57, 0x54, 0x4F, 0x4B,
    0x47, 0x45, 0x42, 0x3F, 0x3D, 0x3C, 0x3C, 0x3B, 0x3A, 0x38, 0x37, 0x37, 0x38, 0x3A, 0x3D, 0x49,
    0xDF, 0xBD, 0xB2, 0xAF, 0xB0, 0xB5, 0xB9, 0xBE, 0xC6, 0xD4, 0xDF, 0xE0, 0xDD, 0xE8, 0x5F, 0x4C,
    0x46, 0x4B, 0x5B, 0xEB, 0xD3, 0xCB, 0xC6, 0xC5, 0xC6, 0xCC, 0xD0, 0xD0, 0xCB, 0xC5, 0xC3, 0xC7,
    0xCF, 0xDD, 0xEF, 0x76, 0x68, 0x67, 0x72, 0xED, 0xE1, 0xEA, 0x7A, 0x67, 0x69, 0xFB, 0xE2, 0xD9,
    0xD6, 0xD5, 0xD6, 0xD8, 0xDD, 0xEA, 0xF8, 0xF5, 0xE4, 0xDC, 0xDA, 0xE4, 0xF8, 0x7B, 0xF5, 0xE6,
    0xDF, 0xDF, 0xDF, 0xDD, 0xE0, 0xED, 0x6E, 0x5E, 0x5B, 0x5E, 0x67, 0x6B, 0x6B, 0x66, 0x63, 0x5F,
    0x5D, 0x5A, 0x59, 0x5A, 0x5B, 0x57, 0x50, 0x4A, 0x46, 0x42, 0x40, 0x3F, 0x3E, 0x3D, 0x3D, 0x3C,
    0x3B, 0x39, 0x39, 0x3A, 0x3C, 0x3E, 0x40, 0x4D, 0xE6, 0xC0, 0xB7, 0xB4, 0xB5, 0xB8, 0xBB, 0xBF,
    0xC6, 0xD0, 0xDA, 0xDD, 0xDA, 0xE1, 0x6C, 0x51, 0x4C, 0x4F, 0x60, 0xEB, 0xD8, 0xCF, 0xCB, 0xC8,
    0xC7, 0xCA, 0xCE, 0xCF, 0xCB, 0xC6, 0xC5, 0xC9, 0xCF, 0xDB, 0xE6, 0xF1, 0x77, 0x69, 0x66, 0x6B,
    0xFD, 0xF2, 0xF9, 0x73, 0x76, 0xF2, 0xDF, 0xD9, 0xD6, 0xD8, 0xDA, 0xDB, 0xDD, 0xE2, 0xE9, 0xE8,
    0xDF, 0xD9, 0xD8, 0xDC, 0xE3, 0xE9, 0xEA, 0xEB, 0xEC, 0xF3, 0xF1, 0xF2, 0xF9, 0x6F, 0x5F, 0x58,
    0x58, 0x5D, 0x68, 0x6A, 0x64, 0x5C, 0x59, 0x57, 0x56, 0x53, 0x51, 0x51, 0x52, 0x4F, 0x4B, 0x44,
    0x3F, 0x3D, 0x3D, 0x3C, 0x3B, 0x3B, 0x3A, 0x3A, 0x3A, 0x3A, 0x3A, 0x3A, 0x41, 0x5A, 0xC9, 0xB9,
    0xB2, 0xB3, 0xB6, 0xBA, 0xBE, 0xC4, 0xCD, 0xD3, 0xDA, 0xD6, 0xDA, 0xF2, 0x56, 0x4A, 0x48, 0x52,
    0x6E, 0xDC, 0xD2, 0xCC, 0xCB, 0xCA, 0xCD, 0xCF, 0xD3, 0xCD, 0xC8, 0xC3, 0xC5, 0xCC, 0xDA, 0xEA,
    0xF8, 0x7D, 0x77, 0x78, 0xFD, 0xED, 0xE9, 0xF0, 0x73, 0x6A, 0x6E, 0xF1, 0xE2, 0xDE, 0xDE, 0xDF,
    0xE0, 0xE2, 0xE6, 0xE9, 0xEA, 0xE3, 0xDC, 0xDB, 0xDF, 0xEE, 0xFF, 0x73, 0xFF, 0xF7, 0xEB, 0xE8,
    0xE8, 0xEB, 0xF5, 0x73, 0x65, 0x5F, 0x61, 0x6C, 0xFD, 0xF4, 0xF7, 0x6F, 0x63, 0x5D, 0x5D, 0x5F,
    0x62, 0x5F, 0x5E, 0x59, 0x54, 0x4E, 0x4B, 0x47, 0x44, 0x44, 0x44, 0x44, 0x42, 0x3F, 0x3E, 0x3E,
    0x3E, 0x3E, 0x3D, 0x3C, 0x3C, 0x3D, 0x3D, 0x3E, 0x3F, 0x4C, 0xE9, 0xC4, 0xB9, 0xB7, 0xB7, 0xBA,
    0xBD, 0xC3, 0xCB, 0xD1, 0xD7, 0xD5, 0xD4, 0xDC, 0x7D, 0x5A, 0x52, 0x57, 0x6A, 0xE4, 0xD1, 0xCB,
    0xC6, 0xC6, 0xC8, 0xCD, 0xD1, 0xD2, 0xCE, 0xC9, 0xC8, 0xCB, 0xD0, 0xDC, 0xEB, 0xFF, 0x73, 0x75,
    0xF9, 0xE8, 0xDE, 0xDE, 0xE5, 0xF7, 0x7E, 0xF5, 0xE7, 0xDF, 0xDD, 0xDB, 0xDA, 0xD9, 0xDA, 0xDF,
    0xE6, 0xE9, 0xDE, 0xD7, 0xD3, 0xD8, 0xDD, 0xE0, 0xE1, 0xDE, 0xE1, 0xE5, 0xEF, 0xF1, 0xFE, 0x6D,
    0x5C, 0x53, 0x50, 0x55, 0x5D, 0x63, 0x60, 0x5B, 0x56, 0x52, 0x4E, 0x4B, 0x48, 0x47, 0x47, 0x48,
    0x46, 0x42, 0x3E, 0x3C, 0x3C, 0x3B, 0x3C, 0x3B, 0x3B, 0x3C, 0x3C, 0x3D, 0x3E, 0x45, 0x5C, 0xCC,
    0xBB, 0xB6, 0xB6, 0xB9, 0xBC, 0xBF, 0xC4, 0xCD, 0xD3, 0xD9, 0xD4, 0xD5, 0xDE, 0x6A, 0x55, 0x51,
    0x5B, 0x7D, 0xDC, 0xD1, 0xCD, 0xCA, 0xCA, 0xCC, 0xD0, 0xD7, 0xD3, 0xCD, 0xC9, 0xC9, 0xCE, 0xD9,
    0xE6, 0xF2, 0xFD, 0x77, 0x74, 0x7E, 0xEC, 0xE3, 0xE1, 0xEF, 0x79, 0x74, 0xF3, 0xE3, 0xDC, 0xDB,
    0xDC, 0xDD, 0xDD, 0xDE, 0xE4, 0xED, 0xF7, 0xF3, 0xEA, 0xE5, 0xE7, 0xED, 0xF6, 0xEF, 0xEA, 0xE0,
    0xDF, 0xDF, 0xE2, 0xE6, 0xEB, 0xF7, 0x70, 0x67, 0x66, 0x6F, 0xFE, 0xF8, 0x7C, 0x70, 0x68, 0x60,
    0x5A, 0x56, 0x53, 0x52, 0x51, 0x50, 0x4D, 0x4A, 0x47, 0x44, 0x42, 0x40, 0x3F, 0x3F, 0x3F, 0x3E,
    0x3E, 0x3D, 0x3D, 0x3D, 0x3D, 0x3E, 0x3E, 0x40, 0x48, 0x6C, 0xCB, 0xBD, 0xBA, 0xBA, 0xBB, 0xBD,
    0xC2, 0xC9, 0xD2, 0xD8, 0xD9, 0xD3, 0xD5, 0xE3, 0x67, 0x56, 0x55, 0x5E, 0xFF, 0xE0, 0xD5, 0xCE,
    0xCB, 0xCA, 0xCC, 0xD2, 0xD7, 0xD4, 0xCE, 0xCB, 0xCC, 0xCF, 0xD8, 0xDD, 0xE2, 0xE9, 0xF3, 0xFD,
    0xF8, 0xE9, 0xE3, 0xE8, 0xF5, 0x79, 0xF8, 0xEC, 0xE1, 0xDF, 0xE0, 0xE1, 0xE0, 0xDE, 0xE0, 0xE5,
    0xEA, 0xE9, 0xE3, 0xE1, 0xDF, 0xDF, 0xDD, 0xDC, 0xDB, 0xDC, 0xE0, 0xE7, 0xEA, 0xEE, 0xEF, 0x7E,
    0x6A, 0x60, 0x5D, 0x5E, 0x62, 0x68, 0x69, 0x63, 0x5D, 0x59, 0x54, 0x4F, 0x4D, 0x4C, 0x4B, 0x4B,
    0x4B, 0x49, 0x46, 0x43, 0x3F, 0x3E, 0x3E, 0x3E, 0x3E, 0x3E, 0x3F, 0x3F, 0x3F, 0x3F, 0x41, 0x47,
    0x58, 0xDC, 0xC6, 0xBD, 0xBB, 0xBB, 0xBC, 0xBF, 0xC4, 0xCC, 0xCF, 0xD4, 0xD3, 0xD5, 0xDC, 0xF9,
    0x65, 0x5C, 0x60, 0x6F, 0xE6, 0xDA, 0xCF, 0xCD, 0xCC, 0xCE, 0xD2, 0xD7, 0xD6, 0xD2, 0xCD, 0xCD,
    0xCD, 0xD0, 0xD6, 0xDE, 0xE9, 0xF3, 0xF7, 0xED, 0xE3, 0xDE, 0xDF, 0xE7, 0xEE, 0xF5, 0xEF, 0xEC,
    0xE5, 0xDE, 0xDC, 0xDB, 0xDD, 0xE1, 0xEA, 0xF4, 0xF8, 0xF0, 0xE7, 0xE2, 0xDF, 0xE0, 0xE3, 0xE2,
    0xE2, 0xE2, 0xE4, 0xEB, 0xED, 0xEE, 0xEF, 0xFD, 0x6E, 0x63, 0x5F, 0x60, 0x63, 0x66, 0x66, 0x65,
    0x63, 0x62, 0x5D, 0x58, 0x51, 0x4E, 0x4D, 0x4C, 0x4A, 0x49, 0x48, 0x47, 0x46, 0x45, 0x43, 0x42,
    0x41, 0x3F, 0x3E, 0x3E, 0x3E, 0x3E, 0x3F, 0x3F, 0x41, 0x4A, 0x61, 0xD4, 0xC4, 0xBE, 0xBD, 0xBD,
    0xBE, 0xC1, 0xC6, 0xCD, 0xD3, 0xD7, 0xD6, 0xD9, 0xE2, 0x75, 0x63, 0x61, 0x6C, 0xF2, 0xE1, 0xD8,
    0xD0, 0xCD, 0xCB, 0xCD, 0xD1, 0xD4, 0xD2, 0xCE, 0xCD, 0xCE, 0xD0, 0xD4, 0xD7, 0xDA, 0xDE, 0xE8,
    0xF6, 0xFA, 0xF3, 0xEB, 0xEC, 0xF1, 0xFB, 0xF6, 0xEB, 0xE5, 0xE1, 0xE5, 0xE5, 0xE2, 0xDE, 0xDB,
    0xDD, 0xE0, 0xE6, 0xE4, 0xDF, 0xDA, 0xD9, 0xDA, 0xDD, 0xDD, 0xDF, 0xE7, 0xF6, 0x71, 0x6D, 0x70,
    0x72, 0x6C, 0x60, 0x5B, 0x59, 0x5A, 0x5C, 0x5C, 0x5D, 0x5E, 0x5E, 0x5B, 0x55, 0x4F, 0x4B, 0x4A,
    0x49, 0x49, 0x48, 0x45, 0x43, 0x41, 0x40, 0x3F, 0x3E, 0x3D, 0x3D, 0x3E, 0x3F, 0x3F, 0x41, 0x46,
    0x54, 0xEC, 0xCC, 0xC3, 0xBF, 0xBE, 0xBF, 0xC0, 0xC5, 0xCB, 0xCE, 0xD2, 0xD0, 0xD0, 0xD4, 0xDF,
    0xFC, 0x6A, 0x68, 0x74, 0xF0, 0xE4, 0xDB, 0xD5, 0xCF, 0xCE, 0xCF, 0xD3, 0xD4, 0xD1, 0xCE, 0xCD,
    0xCE, 0xD0, 0xD3, 0xD5, 0xD9, 0xDE, 0xEA, 0xF4, 0xF7, 0xEC, 0xEA, 0xEB, 0xF9, 0xFF, 0xFF, 0xF5,
    0xF2, 0xF4, 0xF8, 0xED, 0xE5, 0xDD, 0xDD, 0xDF, 0xE6, 0xE9, 0xE2, 0xDC, 0xD8, 0xD7, 0xD8, 0xD7,
    0xD7, 0xD7, 0xDC, 0xE5, 0xFA, 0x7A, 0x73, 0x6F, 0x69, 0x62, 0x5E, 0x5C, 0x5B, 0x5B, 0x59, 0x5A,
    0x5C, 0x5D, 0x5C, 0x56, 0x50, 0x4D, 0x4C, 0x4B, 0x4A, 0x48, 0x45, 0x43, 0x41, 0x41, 0x3F, 0x3E,
    0x3D, 0x3E, 0x3E, 0x3E, 0x3E, 0x3F, 0x41, 0x49, 0x5B, 0xDF, 0xCC, 0xC4, 0xC0, 0xBE, 0xBF, 0xC1,
    0xC6, 0xCA, 0xCE, 0xCF, 0xD0, 0xD1, 0xD8, 0xE4, 0x7E, 0x6F, 0x6C, 0x7A, 0xF2, 0xE4, 0xDA, 0xD4,
    0xD1, 0xD0, 0xD4, 0xD8, 0xD9, 0xD8, 0xD5, 0xD1, 0xD0, 0xD1, 0xD3, 0xD7, 0xDE, 0xE7, 0xEF, 0xF0,
    0xEC, 0xE9, 0xE8, 0xED, 0xF5, 0xFE, 0x76, 0x70, 0x6E, 0x76, 0xF7, 0xE7, 0xDF, 0xDD, 0xDE, 0xE5,
    0xED, 0xEE, 0xEB, 0xE5, 0xE0, 0xDD, 0xDA, 0xD8, 0xD7, 0xDA, 0xDF, 0xEA, 0xF2, 0xF6, 0xF3, 0xFD,
    0x77, 0x6B, 0x66, 0x61, 0x5E, 0x5B, 0x5A, 0x5B, 0x5E, 0x64, 0x69, 0x66, 0x5E, 0x58, 0x54, 0x4F,
    0x4D, 0x4B, 0x4A, 0x49, 0x49, 0x49, 0x47, 0x45, 0x42, 0x40, 0x3F, 0x3F, 0x3F, 0x40, 0x42, 0x43,
    0x46, 0x4B, 0x56, 0x75, 0xDC, 0xCE, 0xC8, 0xC4, 0xC1, 0xC2, 0xC4, 0xC8, 0xCB, 0xCE, 0xCF, 0xD1,
    0xD4, 0xDA, 0xDF, 0xE7, 0xEB, 0xEE, 0xEE, 0xEC, 0xE5, 0xDE, 0xDA, 0xD6, 0xD5, 0xD5, 0xD6, 0xD5,
    0xD3, 0xD2, 0xD1, 0xD2, 0xD3, 0xD4, 0xD6, 0xD9, 0xDD, 0xE2, 0xE7, 0xE8, 0xE8, 0xEA, 0xEE, 0xF4,
    0xFA, 0xF7, 0xF8, 0xF7, 0xF9, 0xF3, 0xED, 0xE6, 0xE0, 0xDE, 0xDE, 0xDD, 0xDC, 0xDA, 0xD8, 0xD8,
    0xD8, 0xD9, 0xDA, 0xDE, 0xE6, 0xF7, 0x70, 0x66, 0x62, 0x61, 0x62, 0x61, 0x5F, 0x5E, 0x5C, 0x59,
    0x56, 0x54, 0x53, 0x54, 0x55, 0x56, 0x56, 0x54, 0x4F, 0x4D, 0x4B, 0x49, 0x47, 0x46, 0x45, 0x45,
    0x44, 0x43, 0x42, 0x41, 0x40, 0x41, 0x43, 0x47, 0x4D, 0x5C, 0xFD, 0xDC, 0xD1, 0xCD, 0xCB, 0xCA,
    0xCA, 0xCB, 0xCB, 0xCB, 0xCC, 0xCC, 0xCD, 0xCF, 0xD5, 0xDB, 0xE2, 0xE3, 0xE3, 0xE2, 0xDF, 0xDE,
    0xDD, 0xDC, 0xDC, 0xDD, 0xDE, 0xDD, 0xDC, 0xD9, 0xD6, 0xD5, 0xD4, 0xD4, 0xD5, 0xD6, 0xD8, 0xDA,
    0xDD, 0xDF, 0xDF, 0xE0, 0xE1, 0xE5, 0xE9, 0xEE, 0xF3, 0xFB, 0xFF, 0x79, 0x76, 0x75, 0x7C, 0xF2,
    0xEA, 0xE4, 0xE2, 0xE0, 0xDE, 0xDC, 0xDB, 0xDA, 0xDB, 0xDC, 0xDD, 0xE0, 0xE6, 0xF1, 0x75, 0x68,
    0x61, 0x5F, 0x5F, 0x5F, 0x5F, 0x5F, 0x5F, 0x5F, 0x5E, 0x5C, 0x5A, 0x58, 0x57, 0x56, 0x55, 0x54,
    0x53, 0x52, 0x53, 0x52, 0x51, 0x4F, 0x4D, 0x4C, 0x4C, 0x4C, 0x4B, 0x4A, 0x4A, 0x4A, 0x4A, 0x4A,
    0x4B, 0x4C, 0x4E, 0x54, 0x5D, 0x6B, 0xFB, 0xE8, 0xDD, 0xD7, 0xD3, 0xD1, 0xD3, 0xD3, 0xD2, 0xD1,
    0xCF, 0xD0, 0xD2, 0xD4, 0xD6, 0xD8, 0xDA, 0xDD, 0xDF, 0xDF, 0xDE, 0xDC, 0xDB, 0xDB, 0xDC, 0xDD,
    0xDE, 0xDE, 0xDF, 0xDE, 0xDC, 0xDA, 0xD7, 0xD5, 0xD5, 0xD6, 0xD7, 0xD8, 0xD9, 0xDA, 0xDC, 0xDD,
    0xDD, 0xDE, 0xE0, 0xE3, 0xE7, 0xEC, 0xF0, 0xF5, 0xF9, 0xF9, 0xF8, 0xF4, 0xF0, 0xEF, 0xF3, 0xF9,
    0x7E, 0x78, 0x72, 0x6F, 0x6D, 0x6A, 0x67, 0x64, 0x60, 0x5D, 0x5A, 0x58, 0x55, 0x54, 0x53, 0x52,
    0x52, 0x52, 0x51, 0x50, 0x51, 0x51, 0x51, 0x51, 0x51, 0x51, 0x52, 0x52, 0x52, 0x51, 0x51, 0x52,
    0x54, 0x56, 0x58, 0x59, 0x5B, 0x5E, 0x60, 0x66, 0x6B, 0x71, 0xFE, 0xEE, 0xE5, 0xDF, 0xDD, 0xDC,
    0xDA, 0xD9, 0xD8, 0xD8, 0xD7, 0xD7, 0xD7, 0xD5, 0xD3, 0xD3, 0xD4, 0xD6, 0xD7, 0xD9, 0xD9, 0xDB,
    0xDB, 0xDB, 0xDA, 0xD9, 0xD9, 0xDB, 0xDC, 0xDE, 0xDF, 0xDF, 0xDF, 0xDF, 0xDE, 0xDD, 0xDE, 0xDF,
    0xE2, 0xE5, 0xE8, 0xE9, 0xEA, 0xEB, 0xED, 0xEF, 0xF4, 0xF9, 0xFF, 0x77, 0x6F, 0x6D, 0x6C, 0x6B,
    0x6B, 0x6B, 0x6B, 0x6A, 0x69, 0x68, 0x67, 0x66, 0x66, 0x67, 0x69, 0x6A, 0x6A, 0x69, 0x69, 0x68,
    0x67, 0x66, 0x65, 0x65, 0x65, 0x65, 0x66, 0x66, 0x66, 0x66, 0x66, 0x66, 0x67, 0x67, 0x68, 0x69,
    0x6A, 0x6B, 0x6B, 0x6B, 0x6B, 0x6B, 0x6C, 0x6C, 0x6D, 0x6E, 0x70, 0x73, 0x78, 0x79, 0x78, 0x77,
    0x76, 0x77, 0x78, 0x79, 0x7B, 0x7E, 0xFD, 0xF9, 0xF6, 0xF5, 0xF3, 0xF2, 0xF1, 0xF0, 0xEF, 0xEE,
    0xEE, 0xED, 0xED, 0xEC, 0xED, 0xED, 0xED, 0xEC, 0xEC, 0xED, 0xED, 0xED, 0xED, 0xED, 0xED, 0xED,
    0xED, 0xEE, 0xEE, 0xEE, 0xEE, 0xEE, 0xEE, 0xEE, 0xEE, 0xEF, 0xEF, 0xF1, 0xF3, 0xF5, 0xF7, 0xF9,
    0xFB, 0xFC, 0xFD, 0xFE, 0xFF, 0x7E, 0x7D, 0x7C, 0x7C, 0x7C, 0x7B, 0x7A, 0x79, 0x77, 0x76, 0x74,
    0x73, 0x72, 0x73, 0x72, 0x73, 0x74, 0x76, 0x76, 0x76, 0x75, 0x74, 0x74, 0x74, 0x74, 0x74, 0x74,
    0x75, 0x75, 0x75, 0x75, 0x76, 0x76, 0x77, 0x78, 0x78, 0x78, 0x78, 0x77, 0x76, 0x76, 0x77, 0x78,
    0x79, 0x7A, 0x7C, 0x7D, 0xFF, 0xFF, 0xFF, 0xFE, 0xFE, 0xFD, 0xFC, 0xFB, 0xFA, 0xFA, 0xF9, 0xF8,
    0xF7, 0xF7, 0xF7, 0xF6, 0xF6, 0xF6, 0xF7, 0xF7, 0xF8, 0xF9, 0xF9, 0xFA, 0xFA, 0xFB, 0xFC, 0xFD,
    0xFE, 0xFF, 0x7E, 0x7E, 0x7E, 0x7E, 0x7E, 0x7E, 0x7E, 0x7E, 0x7D, 0x7D, 0x7D, 0x7C, 0x7C, 0x7C,
    0x7C, 0x7C, 0x7C, 0x7D, 0x7D, 0x7D, 0x7C, 0x7D, 0x7D, 0x7C, 0x7C, 0x7C, 0x7C, 0x7C, 0x7C, 0x7C,
    0x7C, 0x7C, 0x7C, 0x7C, 0x7C, 0x7C, 0x7C, 0x7B, 0x7B, 0x7B, 0x7B, 0x7A, 0x7B, 0x7C, 0x7D, 0x7D,
    0x7E, 0x7E, 0x7E, 0x7E, 0xFF, 0xFF, 0xFF, 0xFF, 0xFF, 0xFF, 0xFF, 0xFF, 0xFE, 0xFE, 0xFF, 0xFF,
    0xFF, 0xFF, 0x7E, 0x7E, 0x7E, 0x7E, 0x7E, 0x7D, 0x7D, 0x7D, 0x7D, 0x7D, 0x7D, 0x7D, 0x7D, 0x7D,
    0x7D, 0x7D, 0x7E, 0x7E, 0x7E, 0x7E, 0xFF, 0xFF, 0xFF, 0xFF, 0xFF, 0xFF, 0xFF, 0xFF, 0xFF, 0xFF,
    0xFF, 0xFF, 0xFF, 0xFF, 0xFF, 0xFF, 0xFF, 0xFF, 0xFE, 0xFE, 0xFF, 0xFE, 0xFE, 0xFE, 0xFE, 0xFD,
    0xFD, 0xFD, 0xFC, 0xFC, 0xFC, 0xFB, 0xFB, 0xFB, 0xFB, 0xFB, 0xFB, 0xFB, 0xFB, 0xFB, 0xFB, 0xFA,
    0xFB, 0xFB, 0xFA, 0xFA, 0xFA, 0xFA, 0xFA, 0xFA, 0xFA, 0xFA, 0xFA, 0xFA, 0xFA, 0xFA, 0xFA, 0xFA,
    0xFA, 0xFA, 0xFB, 0xFB, 0xFB, 0xFA, 0xFA, 0xFA, 0xFA, 0xFA, 0xFB, 0xFB, 0xFB, 0xFB, 0xFB, 0xFC,
    0xFC, 0xFC, 0xFC, 0xFC, 0xFC, 0xFC, 0xFD, 0xFD, 0xFD, 0xFD, 0xFD, 0xFE, 0xFE, 0xFE, 0xFE, 0xFE,
    0xFF, 0xFF, 0xFE, 0xFF, 0xFF, 0xFF, 0xFF, 0xFF, 0xFF, 0xFF, 0xFE, 0xFF, 0xFE, 0xFE, 0xFE, 0xFE,
    0xFE, 0xFE, 0xFF, 0xFE, 0xFE, 0xFE, 0xFE, 0xFE, 0xFE, 0xFE, 0xFE, 0xFF, 0xFF, 0xFF, 0xFF, 0xFF,
    0xFF, 0xFF, 0xFF, 0x7E, 0x7E, 0x7E, 0x7E, 0x7E, 0x7E, 0xFF, 0xFF, 0xFF, 0xFF, 0xFF, 0xFF, 0xFF,
    0xFF, 0xFF, 0xFF, 0xFF, 0xFF, 0xFF, 0xFF, 0xFF, 0xFF, 0xFF, 0xFF, 0xFF, 0xFF, 0xFF, 0xFF, 0xFF,
    0xFF, 0xFF, 0xFF, 0xFF, 0xFF, 0xFF, 0xFF, 0xFF, 0xFF, 0xFF, 0xFF, 0xFF, 0xFF, 0xFF, 0xFF, 0xFF,
    0xFF, 0xFF, 0xFF, 0xFF, 0xFF, 0x7E, 0x7E, 0x7E, 0x7E, 0x7E, 0x7E, 0x7E, 0x7E, 0x7E, 0x7E, 0x7E,
    0x7E, 0x7D, 0x7D, 0x7D, 0x7D, 0x7D, 0x7D, 0x7D, 0x7D, 0x7D, 0x7D, 0x7D, 0x7D, 0x7D, 0x7D, 0x7D,
    0x7D, 0x7D, 0x7D, 0x7D, 0x7D, 0x7D, 0x7D, 0x7D, 0x7D, 0x7D, 0x7D, 0x7D, 0x7D, 0x7D, 0x7D, 0x7E,
    0x7E, 0x7E, 0x7E, 0x7E, 0x7D, 0x7D, 0x7D, 0x7D, 0x7D, 0x7D, 0x7D, 0x7D, 0x7D, 0x7D, 0x7D, 0x7D,
    0x7D, 0x7D, 0x7D, 0x7D, 0x7D, 0x7D, 0x7D, 0x7D, 0x7D, 0x7D, 0x7D, 0x7D, 0x7D, 0x7D, 0x7D, 0x7D,
    0x7E, 0x7E, 0x7D, 0x7D, 0x7D, 0x7D, 0x7D, 0x7D, 0x7D, 0x7E, 0x7D, 0x7E, 0x7E, 0x7E, 0x7E, 0x7E,
    0x7E, 0x7D, 0x7D, 0x7D, 0x7D, 0x7D, 0x7D, 0x7D, 0x7D, 0x7D, 0x7D, 0x7D, 0x7D, 0x7D, 0x7D, 0x7D,
    0x7E, 0x7D, 0x7D, 0x7E, 0x7E, 0x7E, 0x7E, 0x7E, 0x7E, 0x7E, 0x7E, 0x7E, 0x7E, 0x7E, 0x7E, 0x7E,
    0x7E, 0x7E, 0x7E, 0x7E, 0xFF, 0xFF, 0xFF, 0xFF, 0xFF, 0xFF, 0xFF, 0xFF, 0xFF, 0xFF, 0xFF, 0xFF,
    0xFF, 0xFE, 0xFF, 0xFE, 0xFE, 0xFE, 0xFE, 0xFE, 0xFE, 0xFE, 0xFE, 0xFE, 0xFE, 0xFE, 0xFE, 0xFE,
    0xFE, 0xFE, 0xFE, 0xFE, 0xFE, 0xFE, 0xFE, 0xFE, 0xFE, 0xFE, 0xFE, 0xFD, 0xFE, 0xFE, 0xFD, 0xFD,
    0xFE, 0xFD, 0xFD, 0xFD, 0xFD, 0xFD, 0xFD, 0xFD, 0xFD, 0xFD, 0xFD, 0xFD, 0xFD, 0xFD, 0xFD, 0xFD,
    0xFD, 0xFD, 0xFD, 0xFD, 0xFD, 0xFD, 0xFD, 0xFD, 0xFD, 0xFD, 0xFD, 0xFD, 0xFD, 0xFD, 0xFD, 0xFD,
    0xFD, 0xFD, 0xFD, 0xFD, 0xFD, 0xFD, 0xFD, 0xFD, 0xFD, 0xFD, 0xFD, 0xFD, 0xFD, 0xFD, 0xFE, 0xFE,
    0xFD, 0xFE, 0xFD, 0xFD, 0xFD, 0xFE, 0xFE, 0xFE, 0xFE, 0xFE, 0xFE, 0xFE, 0xFE, 0xFE, 0xFE, 0xFE,
    0xFE, 0xFE, 0xFE, 0xFE, 0xFE, 0xFE, 0xFE, 0xFE, 0xFE, 0xFE, 0xFE, 0xFE, 0xFE, 0xFE, 0xFE, 0xFE,
    0xFE, 0xFE, 0xFE, 0xFE, 0xFE, 0xFE, 0xFE, 0xFE, 0xFE, 0xFE, 0xFF, 0xFE, 0xFE, 0xFF, 0xFF, 0xFF,
    0xFF, 0xFF, 0xFF, 0xFF, 0xFF, 0xFF, 0xFF, 0xFF, 0xFF, 0xFF, 0xFF, 0xFF, 0xFF, 0xFF, 0xFF, 0xFF,
    0xFF, 0xFF, 0xFF, 0xFF, 0xFF, 0x7E, 0x7E, 0x7E, 0x7E, 0x7E, 0x7E, 0x7E, 0x7E, 0x7E, 0x7E, 0x7E,
    0x7E, 0x7E, 0x7E, 0x7E, 0x7E, 0x7E, 0x7E, 0x7E, 0x7E, 0x7E, 0x7E, 0x7D, 0x7D, 0x7D, 0x7D, 0x7D,
    0x7E, 0x7E, 0x7D, 0x7D, 0x7E, 0x7E, 0x7E, 0x7E, 0x7E, 0x7E, 0x7E, 0x7E, 0x7E, 0x7E, 0x7E, 0x7E,
    0x7E, 0x7D, 0x7E, 0x7E, 0x7E, 0x7E, 0x7E, 0x7E, 0x7E, 0x7E, 0x7E, 0x7E, 0x7E, 0x7E, 0x7E, 0x7E,
    0x7E, 0x7E, 0x7E, 0x7E, 0x7E, 0x7E, 0x7E, 0x7E, 0x7E, 0x7E, 0x7E, 0x7E, 0x7E, 0x7E, 0x7E, 0x7E,
    0x7E, 0x7E, 0x7E, 0x7E, 0x7E, 0x7E, 0x7E, 0x7E, 0x7E, 0x7E, 0x7E, 0x7E, 0x7E, 0x7E, 0x7E, 0x7E,
    0x7E, 0x7E, 0x7E, 0x7E, 0x7E, 0x7E, 0x7E, 0x7E, 0x7E, 0x7E, 0x7E, 0xFF, 0x7E, 0x7E, 0x7E, 0x7E,
    0x7E, 0x7E, 0x7E, 0x7E, 0x7E, 0x7E, 0x7E, 0x7E, 0x7E, 0x7E, 0xFF, 0xFF, 0xFF, 0xFF, 0xFF, 0xFF,
    0xFF, 0xFF, 0xFF, 0xFF, 0xFF, 0xFF, 0xFF, 0xFF, 0xFF, 0xFF, 0xFF, 0xFF, 0xFF, 0xFF, 0xFF, 0xFF,
    0xFF, 0xFF, 0xFE, 0xFF, 0xFF, 0xFE, 0xFF, 0xFE, 0xFF, 0xFF, 0xFF, 0xFF, 0xFE, 0xFE, 0xFE, 0xFE,
    0xFE, 0xFE, 0xFE, 0xFE, 0xFE, 0xFE, 0xFE, 0xFE, 0xFE, 0xFE, 0xFE, 0xFE, 0xFE, 0xFE, 0xFE, 0xFE,
    0xFE, 0xFE, 0xFE, 0xFE, 0xFE, 0xFE, 0xFE, 0xFE, 0xFE, 0xFE, 0xFE, 0xFE, 0xFE, 0xFE, 0xFE, 0xFE,
    0xFE, 0xFE, 0xFE, 0xFE, 0xFE, 0xFE, 0xFE, 0xFE, 0xFE, 0xFE, 0xFE, 0xFE, 0xFE, 0xFE, 0xFE, 0xFE,
    0xFE, 0xFE, 0xFE, 0xFE, 0xFE, 0xFE, 0xFE, 0xFE, 0xFE, 0xFE, 0xFE, 0xFE, 0xFE, 0xFE, 0xFE, 0xFE,
    0xFE, 0xFE, 0xFE, 0xFE, 0xFE, 0xFE, 0xFE, 0xFE, 0xFE, 0xFE, 0xFE, 0xFE, 0xFE, 0xFE, 0xFE, 0xFE,
    0xFF, 0xFE, 0xFE, 0xFF, 0xFF, 0xFF, 0xFF, 0xFF, 0xFF, 0xFF, 0xFF, 0xFF, 0xFF, 0xFF, 0xFF, 0xFF,
    0xFF, 0xFF, 0xFF, 0xFF, 0xFF, 0xFF, 0xFF, 0xFF, 0xFF, 0xFF, 0xFF, 0xFF, 0xFF, 0xFF, 0xFF, 0xFF,
    0xFF, 0xFF, 0xFF, 0xFF, 0xFF, 0xFF, 0xFF, 0xFF, 0xFF, 0xFF, 0xFF, 0xFF, 0xFF, 0xFF, 0xFF, 0xFF,
    0x7E, 0x7E, 0xFF, 0x7E, 0x7E, 0x7E, 0x7E, 0x7E, 0x7E, 0x7E, 0x7E, 0x7E, 0x7E, 0x7E, 0x7E, 0x7E,
    0x7E, 0x7E, 0x7E, 0x7E, 0x7E, 0x7E, 0x7E, 0x7E, 0x7E, 0x7E, 0xFF, 0x7E, 0x7E, 0x7E, 0x7E, 0x7E,
    0x7E, 0x7E, 0x7E, 0x7E, 0x7E, 0x7E, 0x7E, 0x7E, 0x7E, 0x7E, 0x7E, 0xFF, 0xFF, 0xFF, 0xFF, 0xFF,
    0xFF, 0xFF, 0xFF, 0xFF, 0xFF, 0xFF, 0xFF, 0xFF, 0xFF, 0xFF, 0xFF, 0xFF, 0x7E, 0xFF, 0xFF, 0xFF,
    0xFF, 0xFF, 0xFF, 0xFF, 0xFF, 0xFF, 0xFF, 0xFF, 0xFF, 0xFF, 0xFF, 0xFF, 0xFF, 0xFF, 0xFF, 0xFF,
    0xFF, 0xFF, 0xFF, 0xFF, 0xFF, 0xFF, 0xFF, 0xFF, 0xFF, 0xFF, 0xFF, 0xFF, 0xFF, 0xFF, 0xFF, 0xFF,
    0xFF, 0xFF, 0xFE, 0xFF, 0xFF, 0xFF, 0xFF, 0xFF, 0xFE, 0xFF, 0xFF, 0xFF, 0xFF, 0xFF, 0xFF, 0xFF,
    0xFF, 0xFF, 0xFE, 0xFE, 0xFE, 0xFE, 0xFE, 0xFE, 0xFE, 0xFF, 0xFE, 0xFE, 0xFF, 0xFE, 0xFE, 0xFE,
    0xFE, 0xFE, 0xFF, 0xFE, 0xFE, 0xFF, 0xFE, 0xFE, 0xFE, 0xFE, 0xFE, 0xFF, 0xFE, 0xFE, 0xFE, 0xFE,
    0xFE, 0xFE, 0xFE, 0xFF, 0xFF, 0xFE, 0xFE, 0xFE, 0xFE, 0xFE, 0xFE, 0xFF, 0xFE, 0xFE, 0xFF, 0xFE,
    0xFE, 0xFE, 0xFF, 0xFF, 0xFF, 0xFF, 0xFF, 0xFF, 0xFF, 0xFF, 0xFF, 0xFF, 0xFF, 0xFF, 0xFF, 0xFF,
    0xFF, 0xFF, 0xFF, 0xFF, 0xFF, 0xFF, 0xFF, 0xFF, 0xFF, 0xFF, 0xFF, 0xFF, 0xFF, 0xFF, 0xFF, 0xFF,
    0xFF, 0xFF, 0xFF, 0xFF, 0xFF, 0xFF, 0xFF, 0xFF, 0xFF, 0xFF, 0xFF, 0xFF, 0xFF, 0xFF, 0xFF, 0xFF,
    0xFF, 0xFF, 0xFF, 0xFF, 0xFF, 0xFF, 0xFF, 0xFF, 0xFF, 0xFF, 0xFF, 0xFF, 0x7E, 0x7E, 0x7E, 0x7E,
    0x7E, 0x7E, 0x7E, 0x7E, 0x7E, 0x7E, 0x7E, 0x7E, 0x7E, 0x7E, 0x7E, 0x7E, 0x7E, 0x7E, 0x7E, 0x7E,
    0x7E, 0x7E, 0x7E, 0x7E, 0x7E, 0x7E, 0x7E, 0x7E, 0x7E, 0x7E, 0x7E, 0x7E, 0x7E, 0x7E, 0x7E, 0x7E,
    0x7E, 0x7E, 0x7E, 0x7E, 0x7E, 0x7E, 0x7E, 0x7E, 0x7E, 0x7E, 0x7E, 0x7E, 0x7E, 0x7E, 0x7E, 0x7E,
    0x7E, 0x7E, 0x7E, 0x7E, 0x7E, 0x7E, 0x7E, 0x7E, 0x7E, 0x7E, 0x7E, 0x7E, 0x7E, 0x7E, 0x7E, 0x7E,
    0x7E, 0x7E, 0x7E, 0x7E, 0x7E, 0x7E, 0xFF, 0xFF, 0xFF, 0xFF, 0xFF, 0xFF, 0xFF, 0xFF, 0xFF, 0xFF,
    0xFF, 0xFF, 0xFF, 0xFF, 0xFF, 0xFF, 0xFF, 0xFF, 0xFF, 0xFF, 0xFF, 0xFF, 0xFF, 0xFF, 0xFF, 0xFF,
    0xFF, 0xFF, 0xFF, 0xFF, 0xFF, 0xFE, 0xFF, 0xFE, 0xFE, 0xFE, 0xFF, 0xFF, 0xFE, 0xFF, 0xFE, 0xFE,
    0xFE, 0xFF, 0xFF, 0xFF, 0xFF, 0xFF, 0xFF, 0xFF, 0xFF, 0xFF, 0xFF, 0xFF, 0xFF, 0xFE, 0xFE, 0xFE,
    0xFE, 0xFE, 0xFE, 0xFF, 0xFE, 0xFE, 0xFE, 0xFE, 0xFE, 0xFE, 0xFE, 0xFE, 0xFE, 0xFE, 0xFE, 0xFE,
    0xFE, 0xFE, 0xFE, 0xFE, 0xFE, 0xFE, 0xFE, 0xFE, 0xFE, 0xFE, 0xFE, 0xFE, 0xFE, 0xFE, 0xFE, 0xFE,
    0xFE, 0xFE, 0xFE, 0xFE, 0xFE, 0xFE, 0xFE, 0xFE, 0xFE, 0xFE, 0xFE, 0xFE, 0xFE, 0xFE, 0xFE, 0xFE,
    0xFE, 0xFE, 0xFE, 0xFE, 0xFE, 0xFE, 0xFE, 0xFE, 0xFE, 0xFE, 0xFE, 0xFE, 0xFE, 0xFE, 0xFE, 0xFE,
    0xFE, 0xFE, 0xFE, 0xFE, 0xFE, 0xFE, 0xFE, 0xFE, 0xFE, 0xFE, 0xFE, 0xFE, 0xFE, 0xFE, 0xFE, 0xFE,
    0xFF, 0xFE, 0xFE, 0xFF, 0xFE, 0xFF, 0xFF, 0xFE, 0xFF, 0xFF, 0xFF, 0xFF, 0xFF, 0xFF, 0xFF, 0xFF,
    0xFF, 0xFF, 0xFF, 0xFF, 0xFF, 0xFF, 0xFF, 0xFF, 0xFF, 0xFF, 0xFF, 0xFF, 0xFF, 0xFF, 0xFF, 0xFF,
    0xFF, 0xFF, 0xFF, 0xFF, 0xFF, 0xFF, 0xFF, 0xFF, 0xFF, 0xFF, 0xFF, 0xFF, 0xFF, 0xFF, 0xFF, 0x7E,
    0xFF, 0xFF, 0xFF, 0xFF, 0xFF, 0xFF, 0xFF, 0x7E, 0xFF, 0x7E, 0x7E, 0x7E, 0x7E, 0x7E, 0x7E, 0x7E,
    0x7E, 0x7E, 0x7E, 0x7E, 0x7E, 0x7E, 0x7E, 0x7E, 0x7E, 0x7E, 0x7E, 0x7E, 0x7E, 0x7E, 0x7E, 0x7E,
    0x7E, 0x7E, 0x7E, 0x7E, 0x7E, 0x7E, 0x7E, 0x7E, 0x7E, 0x7E, 0x7E, 0x7E, 0x7E, 0x7E, 0x7E, 0x7E,
    0x7E, 0x7E, 0x7E, 0x7E, 0x7E, 0x7E, 0x7E, 0x7E, 0x7E, 0x7E, 0x7E, 0x7E, 0x7E, 0x7E, 0x7E, 0x7E,
    0x7E, 0x7E, 0x7E, 0x7E, 0x7D, 0x7E, 0x7D, 0x7D, 0x7D, 0x7D, 0x7E, 0x7D, 0x7E, 0x7D, 0x7D, 0x7D,
    0x7D, 0x7E, 0x7D, 0x7D, 0x7D, 0x7E, 0x7E, 0x7E, 0x7E, 0x7E, 0x7E, 0x7E, 0x7E, 0x7E, 0x7E, 0x7E,
    0x7E, 0x7E, 0x7E, 0x7E, 0x7E, 0x7D, 0x7E, 0x7E, 0x7E, 0x7E, 0x7E, 0x7E, 0x7E, 0x7E, 0x7E, 0x7E,
    0x7E, 0x7E, 0x7E, 0x7E, 0x7E, 0x7E, 0x7E, 0x7E, 0x7E, 0x7E, 0x7E, 0x7E, 0x7E, 0xFF, 0xFF, 0xFF,
    0xFF, 0xFF, 0xFF, 0xFF, 0xFF, 0xFF, 0xFF, 0xFF, 0xFF, 0xFF, 0xFF, 0xFF, 0xFF, 0xFF, 0xFF, 0xFF,
    0xFF, 0xFF, 0xFF, 0xFF, 0xFF, 0xFF, 0xFF, 0xFF, 0xFF, 0xFF, 0xFF, 0xFF, 0xFF, 0xFF, 0xFF, 0xFE,
    0xFE, 0xFE, 0xFE, 0xFE, 0xFD, 0xFE, 0xFE, 0xFE, 0xFE, 0xFE, 0xFE, 0xFE, 0xFE, 0xFE, 0xFE, 0xFE,
    0xFE, 0xFE, 0xFE, 0xFE, 0xFE, 0xFE, 0xFE, 0xFE, 0xFD, 0xFD, 0xFD, 0xFD, 0xFD, 0xFD, 0xFE, 0xFD,
    0xFD, 0xFD, 0xFD, 0xFD, 0xFD, 0xFD, 0xFD, 0xFD, 0xFD, 0xFD, 0xFD, 0xFD, 0xFD, 0xFD, 0xFD, 0xFD,
    0xFD, 0xFD, 0xFD, 0xFD, 0xFD, 0xFD, 0xFE, 0xFE, 0xFD, 0xFD, 0xFD, 0xFD, 0xFD, 0xFD, 0xFD, 0xFD,
    0xFD, 0xFD, 0xFD, 0xFD, 0xFD, 0xFD, 0xFD, 0xFD, 0xFD, 0xFD, 0xFD, 0xFD, 0xFD, 0xFD, 0xFD, 0xFD,
    0xFD, 0xFD, 0xFD, 0xFD, 0xFD, 0xFD, 0xFD, 0xFD, 0xFD, 0xFE, 0xFD, 0xFD, 0xFD, 0xFD, 0xFE, 0xFD,
    0xFE, 0xFE, 0xFE, 0xFE, 0xFE, 0xFE, 0xFE, 0xFE, 0xFE, 0xFF, 0xFF, 0xFE, 0xFE, 0xFE, 0xFE, 0xFF,
    0xFF, 0xFF, 0xFF, 0xFF, 0xFF, 0xFF, 0xFF, 0xFF, 0xFF, 0xFF, 0xFF, 0xFF, 0xFF, 0xFF, 0xFF, 0xFF,
    0xFF, 0xFF, 0xFF, 0xFF, 0xFF, 0xFF, 0xFF, 0x7E, 0x7E, 0xFF, 0xFF, 0xFF, 0xFF, 0xFF, 0x7E, 0x7E,
    0x7E, 0x7E, 0x7D, 0x7D, 0x7D, 0x7D, 0x7E, 0x7D, 0x7D, 0x7D, 0x7D, 0x7D, 0x7D, 0x7D, 0x7D, 0x7E,
    0x7E, 0x7E, 0x7D, 0x7E, 0x7E, 0x7E, 0x7E, 0x7E, 0x7E, 0x7E, 0x7E, 0x7D, 0x7D, 0x7D, 0x7D, 0x7E,
    0x7E, 0x7D, 0x7D, 0x7D, 0x7D, 0x7C, 0x7C, 0x7C, 0x7C, 0x7C, 0x7C, 0x7C, 0x7C, 0x7D, 0x7D, 0x7D,
    0x7D, 0x7D, 0x7C, 0x7D, 0x7C, 0x7C, 0x7C, 0x7B, 0x7B, 0x7C, 0x7C, 0x7C, 0x7B, 0x7A, 0x7A, 0x7A,
    0x7A, 0x7A, 0x7A, 0x7A, 0x7A, 0x7B, 0x7B, 0x7B, 0x7B, 0x7B, 0x7B, 0x7B, 0x7B, 0x7A, 0x7A, 0x7B,
    0x7D, 0x7C, 0x7B, 0x7A, 0x7A, 0x7A, 0x7B, 0x7B, 0x7A, 0x79, 0x79, 0x79, 0x78, 0x77, 0x76, 0x77,
    0x77, 0x77, 0x78, 0x77, 0x76, 0x76, 0x76, 0x77, 0x78, 0x77, 0x78, 0x78, 0x78, 0x78, 0x78, 0x77,
    0x78, 0x79, 0x7C, 0x7E, 0xFD, 0xFE, 0xFE, 0xFF, 0xFE, 0xFC, 0xFA, 0xFB, 0xFD, 0x7D, 0x77, 0x72,
    0x71, 0x72, 0x72, 0x70, 0x6E, 0x6E, 0x6D, 0x6C, 0x6C, 0x6B, 0x6E, 0x6F, 0x6F, 0x72, 0x74, 0x7A,
    0x7B, 0xFF, 0xFE, 0xFD, 0xFC, 0xF9, 0xF8, 0xF6, 0xF8, 0xF5, 0xF3, 0xF2, 0xF1, 0xF0, 0xF0, 0xF2,
    0xF2, 0xF7, 0xF9, 0xFA, 0xFA, 0xF7, 0xF9, 0xFB, 0xF8, 0xF8, 0xF7, 0xF6, 0xF2, 0xEE, 0xEA, 0xE6,
    0xE5, 0xE3, 0xE2, 0xE3, 0xE1, 0xE1, 0xE0, 0xDF, 0xDE, 0xDE, 0xDF, 0xDF, 0xDF, 0xDF, 0xDF, 0xDF,
    0xDE, 0xDF, 0xE4, 0xE9, 0xEC, 0xED, 0xEE, 0xEC, 0xEC, 0xEC, 0xF4, 0xF6, 0xFB, 0xFE, 0xFE, 0x7D,
    0xFF, 0xFE, 0xFD, 0xFE, 0xFD, 0xFC, 0xFD, 0xFD, 0xFD, 0xF9, 0xF7, 0xF4, 0xF4, 0xF4, 0xF7, 0xF8,
    0xF8, 0xF7, 0xF5, 0xF6, 0xF8, 0xFA, 0xFC, 0xFA, 0xFA, 0xFA, 0xF9, 0xF8, 0xF9, 0xF9, 0xFA, 0xFB,
    0xFC, 0xFD, 0xFB, 0xFB, 0xFA, 0xFD, 0x7C, 0x7A, 0x7A, 0x7C, 0x7B, 0x7C, 0x7D, 0x7E, 0x7E, 0x7B,
    0x79, 0x77, 0x78, 0x7B, 0x7D, 0x7B, 0x7A, 0x7A, 0x7A, 0x78, 0x75, 0x78, 0x7B, 0x7D, 0x7B, 0x7C,
    0x7B, 0x79, 0x78, 0x76, 0x75, 0x71, 0x6F, 0x6F, 0x6F, 0x70, 0x70, 0x6E, 0x6D, 0x6E, 0x6E, 0x6E,
    0x6E, 0x6E, 0x6D, 0x6C, 0x6D, 0x6D, 0x6D, 0x6D, 0x6C, 0x6C, 0x6C, 0x6D, 0x6F, 0x6F, 0x6F, 0x6D,
    0x6B, 0x6B, 0x69, 0x69, 0x69, 0x6A, 0x6B, 0x6D, 0x6D, 0x6D, 0x6B, 0x6D, 0x6F, 0x6F, 0x71, 0x76,
    0x77, 0x71, 0x6D, 0x6D, 0x6F, 0x75, 0x76, 0x78, 0x7A, 0x79, 0x76, 0x72, 0x6E, 0x6E, 0x73, 0x78,
    0x7B, 0x75, 0x6E, 0x6B, 0x6B, 0x6D, 0x71, 0x76, 0x76, 0x71, 0x6D, 0x6C, 0x6C, 0x71, 0x7A, 0xFC,
    0xFC, 0xFF, 0x7C, 0x7B, 0x7C, 0x7E, 0xFE, 0xFC, 0xFC, 0xFF, 0x7C, 0x78, 0x78, 0x77, 0x77, 0x74,
    0x74, 0x75, 0x78, 0x7C, 0xFF, 0xFF, 0x7B, 0x77, 0x76, 0x75, 0x78, 0x7C, 0xFE, 0xFE, 0x7E, 0x7D,
    0xFC, 0xF8, 0xF6, 0xF7, 0xF8, 0xFB, 0xF7, 0xF4, 0xF2, 0xF2, 0xF1, 0xF8, 0xFF, 0x7D, 0x7A, 0x7E,
    0xFB, 0xF5, 0xF2, 0xEF, 0xEF, 0xEE, 0xED, 0xEF, 0xF7, 0xFC, 0xF9, 0xEF, 0xEB, 0xEA, 0xED, 0xF1,
    0xF4, 0xF7, 0xF3, 0xF1, 0xEF, 0xF5, 0xFD, 0x7E, 0xFD, 0xF4, 0xEE, 0xEF, 0xF6, 0xFD, 0x7D, 0x7D,
    0xFD, 0xF8, 0xF8, 0xFA, 0xFB, 0xFB, 0xFA, 0xF7, 0xF0, 0xEE, 0xED, 0xF2, 0xF6, 0xF7, 0xF6, 0xFC,
    0x7A, 0x78, 0xFF, 0xF6, 0xF4, 0xF7, 0xFC, 0xFB, 0xF7, 0xF0, 0xEF, 0xF0, 0xFA, 0x7C, 0x7D, 0x7D,
    0xFF, 0xF8, 0xF6, 0xF6, 0xFD, 0x7C, 0x7D, 0xFC, 0xFB, 0xFD, 0x7D, 0xFF, 0xFE, 0xFD, 0xFB, 0xFA,
    0xFB, 0x7B, 0x72, 0x72, 0x79, 0xFB, 0xF4, 0xF5, 0xFA, 0xFE, 0xFB, 0xF7, 0xF3, 0xEF, 0xEE, 0xF0,
    0xF7, 0xF6, 0xF3, 0xF4, 0xF9, 0xFB, 0xF6, 0xEF, 0xF1, 0xFA, 0x7C, 0xFF, 0xF7, 0xF2, 0xEE, 0xF7,
    0x78, 0x70, 0x74, 0xFE, 0xF9, 0xFE, 0x7A, 0x74, 0x6F, 0x73, 0x72, 0x7A, 0xFC, 0xF1, 0xEE, 0xEF,
    0xF8, 0xFB, 0xFA, 0xF8, 0xF9, 0x7A, 0x7D, 0xFE, 0xEE, 0xE9, 0xEA, 0xF2, 0x7A, 0x74, 0x77, 0xF9,
    0xF0, 0xED, 0xF3, 0xF9, 0x7D, 0x77, 0x72, 0x76, 0x7D, 0xF3, 0xEC, 0xF2, 0x7D, 0x6E, 0x6D, 0x76,
    0x7A, 0x79, 0x74, 0x6A, 0x66, 0x67, 0x6B, 0x71, 0x7E, 0xFC, 0x7D, 0x7A, 0x76, 0x76, 0x76, 0x7B,
    0x7C, 0xFF, 0x78, 0x70, 0x73, 0x7E, 0xF5, 0xEC, 0xEE, 0xF8, 0x7D, 0x7A, 0x76, 0x6E, 0x69, 0x6A,
    0x6A, 0x74, 0xFB, 0xF2, 0xFB, 0x6F, 0x66, 0x6D, 0xF9, 0xE9, 0xEB, 0xFE, 0x6B, 0x6C, 0x77, 0xF7,
    0xEF, 0xF7, 0xFC, 0xFA, 0x7D, 0x74, 0x6C, 0x70, 0x7A, 0xF8, 0x7D, 0x73, 0x6B, 0x6B, 0x6C, 0x6B,
    0x6D, 0x78, 0xFE, 0x78, 0x6F, 0x65, 0x5F, 0x5E, 0x5F, 0x67, 0x7D, 0xF3, 0xFC, 0x6C, 0x5E, 0x63,
    0xFF, 0xE4, 0xE0, 0xF0, 0x6D, 0x62, 0x63, 0x6C, 0xF7, 0xE4, 0xDE, 0xE6, 0xFD, 0x6C, 0x69, 0x7C,
    0xE7, 0xDD, 0xDB, 0xE9, 0x6B, 0x5D, 0x5B, 0x66, 0x7C, 0xEA, 0xE3, 0xE9, 0x7E, 0x68, 0x63, 0x69,
    0x77, 0xF1, 0xE8, 0xE6, 0xED, 0x7D, 0x6F, 0x7D, 0xE9, 0xDE, 0xDA, 0xDC, 0xE3, 0xEF, 0x76, 0x6F,
    0x75, 0xE7, 0xDD, 0xD9, 0xE1, 0xF6, 0x71, 0x6E, 0xFE, 0xE0, 0xDA, 0xDF, 0xF3, 0x6D, 0x69, 0x6B,
    0x71, 0x78, 0xED, 0xE7, 0xE9, 0x7D, 0x6A, 0x6D, 0xFC, 0xED, 0xE8, 0xE8, 0xED, 0xF8, 0x78, 0x76,
    0xFF, 0xF4, 0xF9, 0xFD, 0x7A, 0x73, 0x6E, 0x6B, 0x77, 0xF4, 0xED, 0xFC, 0x6D, 0x6A, 0x70, 0x79,
    0xFD, 0xF9, 0xF6, 0xFB, 0x77, 0x6E, 0x7A, 0xED, 0xE9, 0xEF, 0x7E, 0x7C, 0xF7, 0xF1, 0xF0, 0xFB,
    0x79, 0xFF, 0xFA, 0xF3, 0xF6, 0xF6, 0xFB, 0x7B, 0x75, 0x76, 0xFD, 0xF7, 0xF8, 0x77, 0x6E, 0x69,
    0x71, 0xF4, 0xEB, 0xEE, 0xFF, 0x74, 0x6E, 0x6A, 0x67, 0x6E, 0x7B, 0xF6, 0x7E, 0x70, 0x6D, 0x68,
    0x67, 0x6E, 0xF4, 0xE8, 0xE7, 0xF3, 0x6B, 0x63, 0x64, 0x74, 0xEF, 0xEA, 0xEF, 0x71, 0x60, 0x5D,
    0x62, 0x72, 0xF2, 0xF4, 0x7D, 0x6A, 0x5F, 0x5A, 0x5E, 0x6D, 0xE8, 0xDF, 0xE9, 0x7B, 0x67, 0x68,
    0x79, 0xE9, 0xDF, 0xDE, 0xEC, 0x6D, 0x68, 0x6E, 0xF7, 0xEA, 0xE5, 0xE7, 0xFE, 0x69, 0x61, 0x6C,
    0x7E, 0xF5, 0x7C, 0x6F, 0x6C, 0x6F, 0x6D, 0x64, 0x63, 0x6E, 0xFB, 0xED, 0xF5, 0x74, 0x6E, 0x7A,
    0xF3, 0xEB, 0xE8, 0xE8, 0xED, 0xFE, 0x7A, 0x6F, 0x6D, 0x7B, 0x7C, 0xFE, 0xFA, 0xFA, 0xFB, 0x7E,
    0x7B, 0x6E, 0x6D, 0x75, 0xF2, 0xE2, 0xDE, 0xE7, 0x75, 0x63, 0x66, 0x7E, 0xE6, 0xDE, 0xE2, 0xEB,
    0xF0, 0xF6, 0xF9, 0xEE, 0xEB, 0xE9, 0xEE, 0xF8, 0xFC, 0xF2, 0xEF, 0xF5, 0x7D, 0xFC, 0xE9, 0xE1,
    0xE0, 0xEF, 0x6C, 0x66, 0x74, 0xE8, 0xE5, 0xEA, 0xFF, 0x70, 0x6C, 0x71, 0xEF, 0xE5, 0xE5, 0xFF,
    0x65, 0x60, 0x69, 0xED, 0xDE, 0xDF, 0xF3, 0x67, 0x5C, 0x63, 0xFE, 0xE9, 0xEE, 0x77, 0x67, 0x61,
    0x65, 0x6C, 0x74, 0x74, 0x6E, 0x6C, 0x69, 0x68, 0x6A, 0x70, 0xFC, 0xF9, 0x7D, 0x79, 0x76, 0xFF,
    0xF6, 0xF6, 0x7B, 0x7C, 0xF1, 0xE6, 0xE3, 0xE9, 0xF2, 0xF9, 0x7C, 0x70, 0x69, 0x69, 0x77, 0xF6,
    0xFB, 0x78, 0x6C, 0x6C, 0x6F, 0xFC, 0xF5, 0xFF, 0x6A, 0x64, 0x72, 0xEC, 0xE5, 0xF1, 0x6E, 0x64,
    0x6A, 0x7C, 0xED, 0xE9, 0xEA, 0xF0, 0x76, 0x6A, 0x6C, 0x78, 0xF9, 0xFE, 0x70, 0x66, 0x63, 0x68,
    0x72, 0xFA, 0xEC, 0xE8, 0xEA, 0xF6, 0x7B, 0x7A, 0xFD, 0xF5, 0xF1, 0xEB, 0xEB, 0xEF, 0xF4, 0xF2,
    0xEC, 0xE7, 0xEB, 0xF8, 0x7D, 0x7A, 0x77, 0x7A, 0xF7, 0xEF, 0xED, 0xF5, 0x76, 0x6D, 0x6C, 0x6D,
    0x6C, 0x73, 0xFA, 0xF6, 0x7D, 0x76, 0x74, 0x7B, 0xF5, 0xED, 0xE7, 0xE5, 0xE9, 0xF9, 0x6D, 0x68,
    0x6D, 0xFB, 0xE9, 0xE4, 0xEC, 0xFA, 0x79, 0x7B, 0xF2, 0xE8, 0xE7, 0xEF, 0xFF, 0x75, 0x77, 0x7A,
    0x7D, 0xFB, 0xF6, 0xEE, 0xF2, 0xFF, 0x71, 0x72, 0xF6, 0xE9, 0xE4, 0xEB, 0xF7, 0x7D, 0xFD, 0xF0,
    0xED, 0xEF, 0xF2, 0xF7, 0xFC, 0x7D, 0x7C, 0x7B, 0xFA, 0xF2, 0xF4, 0x7D, 0x6D, 0x67, 0x69, 0x6E,
    0x75, 0x75, 0x6E, 0x6A, 0x6B, 0x73, 0x7C, 0x77, 0x76, 0x74, 0xFC, 0xF2, 0xF1, 0xF7, 0xFF, 0xFD,
    0xF0, 0xED, 0xF0, 0xF8, 0xFC, 0xFA, 0xFB, 0xFF, 0xFE, 0xF8, 0xF5, 0xFC, 0x75, 0x6C, 0x6C, 0x74,
    0x79, 0x7C, 0x77, 0x7B, 0xFB, 0xF7, 0xF4, 0xF6, 0xF8, 0xFC, 0xFF, 0x7A, 0x75, 0x77, 0xF9, 0xEF,
    0xED, 0xEF, 0xF3, 0xF1, 0xF5, 0x71, 0x6A, 0x6C, 0x78, 0xFE, 0xFF, 0x75, 0x6D, 0x6E, 0x74, 0x7C,
    0x7A, 0x72, 0x6B, 0x6B, 0x6C, 0x75, 0xFB, 0xF6, 0xFA, 0x7B, 0x71, 0x6D, 0x6D, 0x75, 0xFC, 0xEF,
    0xF0, 0xFE, 0x6F, 0x6C, 0x6F, 0xFB, 0xF1, 0xF4, 0xFE, 0x7A, 0x79, 0x7C, 0xFE, 0xFB, 0xFE, 0x7E,
    0x79, 0x7B, 0x7E, 0xFD, 0xFA, 0xF7, 0xF5, 0xF8, 0xFD, 0x7E, 0xFB, 0xF2, 0xF0, 0xF3, 0xFC, 0xFF,
    0xFD, 0xF9, 0xF4, 0xF5, 0xFB, 0xFF, 0xFA, 0xF5, 0xF7, 0xFE, 0xFD, 0xF6, 0xED, 0xED, 0xF5, 0x7C,
    0x72, 0x71, 0x7B, 0xF8, 0xF1, 0xF7, 0x79, 0x6E, 0x6E, 0x76, 0xFD, 0xFD, 0x7D, 0x7A, 0x79, 0x77,
    0x72, 0x6F, 0x6F, 0x6F, 0x70, 0x6E, 0x6D, 0x6F, 0x75, 0x7A, 0x7B, 0x7A, 0x77, 0x77, 0x7A, 0xFD,
    0xFD, 0xFF, 0xFF, 0xF9, 0xF2, 0xEE, 0xEE, 0xF4, 0xFE, 0x7B, 0xFC, 0xF1, 0xEC, 0xEC, 0xEE, 0xEF,
    0xF1, 0xF5, 0xF9, 0xF8, 0xF4, 0xF0, 0xF0, 0xF4, 0xF6, 0xF6, 0xF1, 0xEE, 0xEE, 0xF4, 0xFD, 0x7C,
    0xFF, 0xFB, 0xFB, 0xFF, 0x7D, 0xFF, 0xFB, 0xFC, 0x79, 0x70, 0x6B, 0x6B, 0x6F, 0x74, 0x73, 0x6E,
    0x6A, 0x69, 0x68, 0x66, 0x66, 0x65, 0x64, 0x63, 0x61, 0x61, 0x62, 0x65, 0x67, 0x68, 0x66, 0x64,
    0x65, 0x68, 0x6C, 0x6E, 0x71, 0x75, 0x7B, 0xFC, 0xF8, 0xF9, 0xF6, 0xF0, 0xEC, 0xE8, 0xE6, 0xE3,
    0xE1, 0xDF, 0xDF, 0xDF, 0xDE, 0xDE, 0xDD, 0xDD, 0xDC, 0xDB, 0xDA, 0xD9, 0xD9, 0xDB, 0xDD, 0xDF,
    0xDF, 0xDF, 0xDF, 0xDE, 0xDF, 0xE1, 0xE6, 0xED, 0xF5, 0xFB, 0x7E, 0x78, 0x6E, 0x69, 0x64, 0x60,
    0x5C, 0x59, 0x56, 0x53, 0x51, 0x4F, 0x4E, 0x4D, 0x4D, 0x4C, 0x4A, 0x49, 0x49, 0x4A, 0x4A, 0x4A,
    0x4A, 0x4B, 0x4C, 0x4D, 0x4E, 0x50, 0x54, 0x57, 0x5C, 0x61, 0x6D, 0xFD, 0xE9, 0xDE, 0xD9, 0xD4,
    0xCF, 0xCB, 0xC7, 0xC5, 0xC2, 0xC0, 0xBF, 0xBE, 0xBD, 0xBD, 0xBC, 0xBC, 0xBC, 0xBC, 0xBD, 0xBE,
    0xBE, 0xBF, 0xC1, 0xC4, 0xC6, 0xCA, 0xCE, 0xD6, 0xDE, 0xEC, 0x7B, 0x68, 0x5C, 0x54, 0x4E, 0x4A,
    0x47, 0x44, 0x41, 0x3F, 0x3F, 0x3E, 0x3D, 0x3B, 0x3A, 0x38, 0x37, 0x36, 0x36, 0x35, 0x35, 0x35,
    0x35, 0x36, 0x37, 0x3A, 0x3E, 0x44, 0x4B, 0x51, 0x59, 0x63, 0x70, 0xF5, 0xE2, 0xD3, 0xC9, 0xBF,
    0xBB, 0xB8, 0xB6, 0xB4, 0xB3, 0xB4, 0xB5, 0xB6, 0xB6, 0xB6, 0xB7, 0xB7, 0xB8, 0xB9, 0xBA, 0xBC,
    0xBE, 0xC1, 0xC5, 0xC7, 0xC9, 0xCB, 0xCC, 0xCE, 0xCF, 0xD1, 0xD5, 0xD8, 0xDB, 0xDE, 0xE3, 0xE9,
    0xF2, 0x73, 0x62, 0x58, 0x4F, 0x4B, 0x48, 0x44, 0x40, 0x3E, 0x3C, 0x3A, 0x38, 0x36, 0x33, 0x31,
    0x2F, 0x2E, 0x2D, 0x2D, 0x2D, 0x2E, 0x31, 0x35, 0x3A, 0x3E, 0x41, 0x46, 0x49, 0x4C, 0x4F, 0x59,
    0xFF, 0xD4, 0xC5, 0xBD, 0xB9, 0xB6, 0xB4, 0xB3, 0xB4, 0xB5, 0xB6, 0xB7, 0xB7, 0xB8, 0xB8, 0xB9,
    0xBB, 0xBC, 0xBF, 0xC4, 0xC9, 0xCC, 0xCD, 0xCE, 0xCF, 0xCF, 0xCE, 0xCD, 0xCD, 0xCE, 0xCE, 0xCE,
    0xCD, 0xCC, 0xCC, 0xCC, 0xCD, 0xCD, 0xCF, 0xD4, 0xDB, 0xE8, 0x79, 0x5F, 0x54, 0x4C, 0x48, 0x43,
    0x3E, 0x3C, 0x39, 0x37, 0x34, 0x30, 0x2E, 0x2D, 0x2C, 0x2B, 0x2B, 0x2B, 0x2D, 0x30, 0x36, 0x3A,
    0x3D, 0x41, 0x45, 0x47, 0x49, 0x4E, 0x60, 0xDB, 0xC7, 0xBD, 0xB8, 0xB4, 0xB0, 0xAF, 0xAF, 0xB2,
    0xB4, 0xB5, 0xB5, 0xB6, 0xB7, 0xB9, 0xB9, 0xBA, 0xBD, 0xC1, 0xC8, 0xCE, 0xD3, 0xD7, 0xDA, 0xDB,
    0xD9, 0xD2, 0xCD, 0xCB, 0xCB, 0xCB, 0xCB, 0xCC, 0xCC, 0xCC, 0xCB, 0xCA, 0xC8, 0xC7, 0xC8, 0xCC,
    0xD4, 0xE3, 0x6F, 0x59, 0x4E, 0x48, 0x43, 0x3F, 0x3C, 0x38, 0x35, 0x31, 0x2E, 0x2C, 0x2A, 0x29,
    0x28, 0x28, 0x2A, 0x2D, 0x30, 0x35, 0x3A, 0x3E, 0x41, 0x45, 0x48, 0x4D, 0x5B, 0xE5, 0xCA, 0xBE,
    0xB8, 0xB2, 0xAE, 0xAD, 0xAC, 0xAD, 0xAF, 0xB0, 0xB2, 0xB3, 0xB5, 0xB7, 0xB8, 0xB8, 0xBA, 0xBD,
    0xC3, 0xCC, 0xD7, 0xE4, 0xFA, 0x6F, 0x6D, 0xFF, 0xE5, 0xD9, 0xD1, 0xCE, 0xCC, 0xCC, 0xCC, 0xCC,
    0xCC, 0xCC, 0xCB, 0xC9, 0xC8, 0xC8, 0xCB, 0xCF, 0xDD, 0x7A, 0x5A, 0x4D, 0x46, 0x3F, 0x3C, 0x39,
    0x35, 0x32, 0x2F, 0x2D, 0x2B, 0x29, 0x27, 0x26, 0x27, 0x29, 0x2C, 0x2F, 0x35, 0x3B, 0x40, 0x46,
    0x4A, 0x4C, 0x51, 0x63, 0xDB, 0xC7, 0xBC, 0xB5, 0xAF, 0xAC, 0xAA, 0xAA, 0xAC, 0xAE, 0xB0, 0xB3,
    0xB6, 0xB8, 0xBA, 0xBA, 0xBA, 0xBA, 0xBD, 0xC2, 0xCC, 0xD8, 0xED, 0x6A, 0x5C, 0x59, 0x60, 0xF1,
    0xD7, 0xCB, 0xC5, 0xC2, 0xC2, 0xC5, 0xC9, 0xCB, 0xCC, 0xCB, 0xCA, 0xCA, 0xCB, 0xCD, 0xD4, 0xE4,
    0x68, 0x4F, 0x44, 0x3C, 0x35, 0x2F, 0x2D, 0x2C, 0x2B, 0x2A, 0x28, 0x25, 0x22, 0x1F, 0x1F, 0x23,
    0x2A, 0x33, 0x3E, 0x4E, 0xFF, 0xD0, 0xC8, 0xC7, 0xCA, 0xC9, 0xBF, 0xB6, 0xAF, 0xAC, 0xA9, 0xA7,
    0xA4, 0xA5, 0xA8, 0xAD, 0xB5, 0xBE, 0xC9, 0xDC, 0x70, 0x5E, 0x5F, 0x63, 0x5D, 0x51, 0x48, 0x43,
    0x40, 0x41, 0x43, 0x4A, 0x5E, 0xD2, 0xBD, 0xB3, 0xAD, 0xAB, 0xAB, 0xAC, 0xAD, 0xAF, 0xB3, 0xB8,
    0xBC, 0xBE, 0xC2, 0xCA, 0xDC, 0x59, 0x42, 0x38, 0x2F, 0x2B, 0x27, 0x25, 0x23, 0x22, 0x21, 0x20,
    0x1F, 0x1F, 0x1F, 0x1E, 0x1E, 0x23, 0x2D, 0x45, 0xCF, 0xB9, 0xAE, 0xA8, 0xA3, 0xA3, 0xA8, 0xAE,
    0xB2, 0xB0, 0xAE, 0xAE, 0xAF, 0xAF, 0xAD, 0xAD, 0xB2, 0xC1, 0x7E, 0x49, 0x3D, 0x36, 0x30, 0x2F,
    0x32, 0x3A, 0x44, 0x4D, 0x57, 0x7A, 0xD8, 0xCC, 0xC8, 0xC1, 0xB9, 0xB1, 0xAC, 0xA8, 0xA6, 0xA4,
    0xA3, 0xA6, 0xAA, 0xAF, 0xB9, 0xC6, 0xE5, 0x56, 0x49, 0x43, 0x3E, 0x39, 0x33, 0x2F, 0x2C, 0x2A,
    0x28, 0x26, 0x25, 0x25, 0x26, 0x27, 0x27, 0x28, 0x28, 0x28, 0x28, 0x28, 0x2B, 0x39, 0x7E, 0xBD,
    0xB3, 0xAD, 0xA7, 0xA4, 0xA5, 0xAC, 0xB8, 0xBF, 0xBF, 0xBF, 0xC7, 0xCE, 0xC7, 0xBB, 0xB7, 0xBC,
    0xCA, 0xE7, 0x61, 0x4C, 0x3E, 0x37, 0x36, 0x3D, 0x4A, 0x5F, 0xDD, 0xC8, 0xBD, 0xB8, 0xB7, 0xB7,
    0xB6, 0xB4, 0xB2, 0xAF, 0xAD, 0xAB, 0xAA, 0xAA, 0xAC, 0xAF, 0xB7, 0xC1, 0xDE, 0x53, 0x44, 0x3E,
    0x3B, 0x38, 0x37, 0x36, 0x35, 0x32, 0x2F, 0x2D, 0x2B, 0x2A, 0x29, 0x28, 0x28, 0x28, 0x28, 0x28,
    0x28, 0x27, 0x29, 0x30, 0x49, 0xD3, 0xBE, 0xB5, 0xAD, 0xA7, 0xA6, 0xAB, 0xB5, 0xBD, 0xBE, 0xBF,
    0xCA, 0xDC, 0xD6, 0xC0, 0xB9, 0xBA, 0xC2, 0xCE, 0xD6, 0xE6, 0x55, 0x40, 0x3A, 0x3C, 0x43, 0x4F,
    0x6C, 0xD6, 0xC4, 0xBA, 0xB5, 0xB2, 0xB2, 0xB2, 0xB2, 0xAF, 0xAE, 0xAE, 0xAE, 0xAE, 0xAE, 0xAF,
    0xB5, 0xBE, 0xD0, 0x6F, 0x4E, 0x41, 0x3A, 0x35, 0x34, 0x34, 0x34, 0x31, 0x2F, 0x2E, 0x2E, 0x2D,
    0x2C, 0x2A, 0x29, 0x28, 0x28, 0x27, 0x26, 0x25, 0x28, 0x2F, 0x44, 0xD8, 0xBE, 0xB4, 0xAB, 0xA6,
    0xA5, 0xAB, 0xB4, 0xBC, 0xBE, 0xC3, 0xD7, 0x71, 0xE9, 0xC6, 0xBC, 0xBD, 0xC4, 0xC9, 0xC9, 0xD0,
    0x67, 0x45, 0x3D, 0x3E, 0x43, 0x4A, 0x57, 0xE7, 0xC8, 0xBA, 0xB3, 0xAF, 0xAF, 0xAF, 0xAF, 0xAE,
    0xAE, 0xAF, 0xB0, 0xB1, 0xB0, 0xB2, 0xB8, 0xC2, 0xCF, 0xE8, 0x5B, 0x44, 0x3A, 0x35, 0x34, 0x33,
    0x31, 0x2F, 0x2F, 0x2F, 0x2F, 0x2E, 0x2D, 0x2B, 0x2A, 0x29, 0x27, 0x26, 0x25, 0x24, 0x26, 0x2D,
    0x3E, 0xEB, 0xC1, 0xB5, 0xAB, 0xA5, 0xA5, 0xAB, 0xB2, 0xB9, 0xBC, 0xC8, 0xFB, 0x59, 0x7A, 0xCC,
    0xC2, 0xC3, 0xC5, 0xC1, 0xBF, 0xC9, 0xF6, 0x4D, 0x43, 0x41, 0x41, 0x45, 0x4C, 0x72, 0xCB, 0xBB,
    0xB3, 0xAF, 0xAE, 0xAD, 0xAC, 0xAC, 0xAD, 0xB0, 0xB2, 0xB3, 0xB4, 0xB8, 0xBE, 0xC9, 0xD3, 0xE7,
    0x59, 0x45, 0x3C, 0x38, 0x36, 0x33, 0x30, 0x2F, 0x2F, 0x2F, 0x2F, 0x2E, 0x2D, 0x2C, 0x2B, 0x2A,
    0x28, 0x26, 0x24, 0x24, 0x27, 0x2F, 0x41, 0xEF, 0xC3, 0xB2, 0xA9, 0xA5, 0xA7, 0xAC, 0xB2, 0xB7,
    0xBE, 0xD6, 0x57, 0x50, 0x69, 0xD8, 0xCE, 0xCE, 0xC9, 0xC0, 0xBE, 0xC7, 0xDD, 0x60, 0x55, 0x4F,
    0x4B, 0x49, 0x4F, 0xFD, 0xCB, 0xBD, 0xB7, 0xB1, 0xAE, 0xAC, 0xAA, 0xAA, 0xAC, 0xAE, 0xAF, 0xB2,
    0xB6, 0xBD, 0xC8, 0xD3, 0xDF, 0x70, 0x51, 0x47, 0x40, 0x3E, 0x3B, 0x37, 0x32, 0x30, 0x2F, 0x2E,
    0x2D, 0x2C, 0x2C, 0x2B, 0x2B, 0x2A, 0x28, 0x27, 0x25, 0x26, 0x29, 0x33, 0x45, 0x7D, 0xC7, 0xB4,
    0xAB, 0xA9, 0xAC, 0xB0, 0xB6, 0xB8, 0xC0, 0xE3, 0x53, 0x58, 0xF4, 0xDB, 0xDE, 0xDC, 0xCC, 0xC1,
    0xC0, 0xCC, 0xDD, 0xEA, 0xEB, 0x6C, 0x57, 0x53, 0x63, 0xDB, 0xC9, 0xC0, 0xBA, 0xB3, 0xAE, 0xAB,
    0xAA, 0xA9, 0xAA, 0xAB, 0xAD, 0xB0, 0xB8, 0xBF, 0xCD, 0xDD, 0x76, 0x57, 0x4B, 0x46, 0x43, 0x3F,
    0x3C, 0x38, 0x35, 0x32, 0x30, 0x2F, 0x2D, 0x2C, 0x2B, 0x2B, 0x2A, 0x29, 0x28, 0x26, 0x25, 0x27,
    0x2C, 0x38, 0x4C, 0xE6, 0xC1, 0xB2, 0xAC, 0xAB, 0xAF, 0xB4, 0xB8, 0xBC, 0xCB, 0x65, 0x51, 0x63,
    0xE5, 0xDE, 0xE1, 0xD6, 0xC7, 0xBF, 0xC4, 0xCF, 0xDB, 0xDB, 0xDF, 0x77, 0x5E, 0x64, 0xE5, 0xCE,
    0xC6, 0xBE, 0xB8, 0xB1, 0xAE, 0xAC, 0xAA, 0xAA, 0xAA, 0xAB, 0xAE, 0xB2, 0xB9, 0xC0, 0xCD, 0xE0,
    0x69, 0x52, 0x4A, 0x46, 0x44, 0x3F, 0x3C, 0x39, 0x36, 0x34, 0x32, 0x2F, 0x2D, 0x2C, 0x2C, 0x2A,
    0x29, 0x28, 0x27, 0x25, 0x25, 0x27, 0x2E, 0x3C, 0x55, 0xDB, 0xBD, 0xAF, 0xAB, 0xAD, 0xB1, 0xB6,
    0xB8, 0xBE, 0xDA, 0x58, 0x57, 0x7A, 0xEA, 0xF6, 0xEF, 0xD2, 0xC5, 0xC3, 0xCB, 0xD2, 0xD3, 0xD3,
    0xE0, 0x70, 0x65, 0xF8, 0xDA, 0xCE, 0xC8, 0xBE, 0xB7, 0xB0, 0xAD, 0xAB, 0xAA, 0xA9, 0xAA, 0xAB,
    0xAE, 0xB3, 0xBA, 0xC4, 0xD4, 0x7D, 0x57, 0x4A, 0x44, 0x41, 0x3F, 0x3D, 0x3B, 0x38, 0x35, 0x33,
    0x31, 0x2E, 0x2D, 0x2C, 0x2A, 0x29, 0x28, 0x27, 0x25, 0x24, 0x25, 0x2B, 0x37, 0x49, 0xFF, 0xC4,
    0xB4, 0xAD, 0xAD, 0xB0, 0xB6, 0xB7, 0xBC, 0xCF, 0x5D, 0x54, 0x67, 0xFA, 0x74, 0x74, 0xDA, 0xC8,
    0xC2, 0xC8, 0xCE, 0xCD, 0xCC, 0xD3, 0xEA, 0x74, 0xF3, 0xDE, 0xD5, 0xCE, 0xC5, 0xBB, 0xB4, 0xAF,
    0xAD, 0xAA, 0xA9, 0xA9, 0xAA, 0xAC, 0xAF, 0xB6, 0xBE, 0xCC, 0xE6, 0x5F, 0x4F, 0x48, 0x44, 0x42,
    0x3F, 0x3D, 0x3A, 0x38, 0x36, 0x33, 0x2F, 0x2E, 0x2C, 0x2B, 0x29, 0x28, 0x27, 0x25, 0x24, 0x24,
    0x28, 0x2F, 0x3F, 0x59, 0xCF, 0xBA, 0xAF, 0xAD, 0xAF, 0xB4, 0xB7, 0xBB, 0xC7, 0x7E, 0x54, 0x5D,
    0x78, 0x73, 0x6B, 0xE6, 0xCD, 0xC5, 0xC7, 0xCC, 0xCD, 0xC9, 0xCB, 0xD7, 0xE5, 0xE1, 0xD8, 0xD1,
    0xCF, 0xC8, 0xBE, 0xB7, 0xB1, 0xAE, 0xAC, 0xA9, 0xA8, 0xA9, 0xAB, 0xAD, 0xB1, 0xB9, 0xC3, 0xD3,
    0x7C, 0x57, 0x4A, 0x44, 0x41, 0x3F, 0x3D, 0x3A, 0x38, 0x36, 0x33, 0x31, 0x2F, 0x2D, 0x2C, 0x2A,
    0x29, 0x27, 0x26, 0x24, 0x23, 0x26, 0x2C, 0x38, 0x4A, 0xF5, 0xC0, 0xB2, 0xAD, 0xAF, 0xB3, 0xB6,
    0xB7, 0xBE, 0xD8, 0x5D, 0x5B, 0x6F, 0x71, 0x60, 0x6A, 0xDA, 0xC9, 0xC7, 0xCB, 0xCC, 0xC8, 0xC6,
    0xCC, 0xD8, 0xDD, 0xD4, 0xCE, 0xCE, 0xCB, 0xC1, 0xB9, 0xB4, 0xAF, 0xAD, 0xAA, 0xA8, 0xA8, 0xAA,
    0xAC, 0xAF, 0xB5, 0xBE, 0xCD, 0xEA, 0x5C, 0x4C, 0x45, 0x40, 0x3E, 0x3D, 0x3B, 0x38, 0x36, 0x34,
    0x32, 0x2F, 0x2D, 0x2B, 0x2A, 0x29, 0x27, 0x25, 0x24, 0x23, 0x25, 0x2B, 0x36, 0x47, 0x6D, 0xC4,
    0xB4, 0xAE, 0xAF, 0xB3, 0xB6, 0xB8, 0xBF, 0xD7, 0x5E, 0x5A, 0x67, 0x64, 0x5B, 0x63, 0xDF, 0xCC,
    0xC8, 0xCC, 0xCD, 0xC9, 0xC6, 0xCC, 0xD7, 0xDC, 0xD5, 0xCE, 0xCE, 0xCB, 0xC1, 0xBA, 0xB4, 0xB0,
    0xAD, 0xAB, 0xA9, 0xA8, 0xA9, 0xAB, 0xAE, 0xB3, 0xBC, 0xC8, 0xDE, 0x64, 0x4F, 0x47, 0x41, 0x3F,
    0x3D, 0x3B, 0x39, 0x37, 0x34, 0x31, 0x2F, 0x2D, 0x2C, 0x2A, 0x28, 0x27, 0x25, 0x24, 0x23, 0x24,
    0x29, 0x33, 0x42, 0x5A, 0xCC, 0xB7, 0xAF, 0xAF, 0xB2, 0xB5, 0xB7, 0xBC, 0xCE, 0x6B, 0x5B, 0x6C,
    0x6C, 0x5C, 0x5F, 0xE1, 0xCD, 0xCA, 0xCC, 0xCD, 0xC9, 0xC6, 0xCA, 0xD4, 0xDA, 0xD3, 0xCD, 0xCD,
    0xCB, 0xC3, 0xBB, 0xB6, 0xB1, 0xAD, 0xAB, 0xA9, 0xA8, 0xA9, 0xAB, 0xAD, 0xB1, 0xBA, 0xC5, 0xD8,
    0x6C, 0x51, 0x47, 0x41, 0x3E, 0x3D, 0x3B, 0x38, 0x36, 0x34, 0x31, 0x2F, 0x2D, 0x2C, 0x2A, 0x29,
    0x27, 0x25, 0x24, 0x23, 0x24, 0x29, 0x33, 0x40, 0x59, 0xCC, 0xB7, 0xAF, 0xAF, 0xB3, 0xB6, 0xB8,
    0xBD, 0xD2, 0x62, 0x5C, 0x6F, 0x6B, 0x5D, 0x66, 0xDC, 0xCC, 0xC9, 0xCC, 0xCC, 0xC8, 0xC6, 0xCB,
    0xD6, 0xDB, 0xD4, 0xCE, 0xCE, 0xCB, 0xC2, 0xBA, 0xB5, 0xB0, 0xAD, 0xAA, 0xA8, 0xA8, 0xA9, 0xAB,
    0xAD, 0xB2, 0xBB, 0xC6, 0xD7, 0x75, 0x54, 0x4A, 0x44, 0x40, 0x3E, 0x3B, 0x38, 0x36, 0x34, 0x31,
    0x2E, 0x2D, 0x2B, 0x2A, 0x28, 0x26, 0x25, 0x23, 0x22, 0x24, 0x29, 0x34, 0x41, 0x5A, 0xCC, 0xB7,
    0xAF, 0xB0, 0xB4, 0xB7, 0xB8, 0xBE, 0xD1, 0x67, 0x60, 0xFF, 0x78, 0x61, 0x6D, 0xD9, 0xCB, 0xCA,
    0xCD, 0xCD, 0xC8, 0xC7, 0xCD, 0xD9, 0xDA, 0xD1, 0xCD, 0xCD, 0xC9, 0xBF, 0xB8, 0xB4, 0xAF, 0xAC,
    0xAA, 0xA8, 0xA8, 0xA9, 0xAB, 0xAE, 0xB3, 0xBB, 0xC7, 0xD8, 0x74, 0x54, 0x49, 0x44, 0x40, 0x3E,
    0x3B, 0x38, 0x36, 0x34, 0x31, 0x2E, 0x2C, 0x2B, 0x29, 0x27, 0x25, 0x24, 0x22, 0x22, 0x25, 0x2D,
    0x39, 0x4A, 0xF0, 0xC0, 0xB3, 0xAF, 0xB2, 0xB6, 0xB8, 0xBA, 0xC3, 0xE7, 0x5C, 0x69, 0xF4, 0x71,
    0x64, 0xEF, 0xCF, 0xC8, 0xCA, 0xCD, 0xCB, 0xC7, 0xC9, 0xD5, 0xDE, 0xD8, 0xCF, 0xCE, 0xCC, 0xC4,
    0xBB, 0xB5, 0xB1, 0xAE, 0xAB, 0xA9, 0xA8, 0xA9, 0xAA, 0xAD, 0xAF, 0xB7, 0xBF, 0xCD, 0xE1, 0x63,
    0x4F, 0x49, 0x45, 0x40, 0x3D, 0x3A, 0x37, 0x35, 0x32, 0x2F, 0x2D, 0x2B, 0x2A, 0x28, 0x27, 0x25,
    0x24, 0x22, 0x23, 0x27, 0x2F, 0x3D, 0x52, 0xDA, 0xBB, 0xB1, 0xAF, 0xB3, 0xB7, 0xB9, 0xBD, 0xCB,
    0x76, 0x5E, 0x74, 0xEC, 0x79, 0x7A, 0xDC, 0xCA, 0xC6, 0xC9, 0xCC, 0xC9, 0xC7, 0xCD, 0xDA, 0xE3,
    0xDB, 0xD2, 0xCF, 0xCB, 0xC1, 0xB9, 0xB3, 0xAF, 0xAC, 0xA9, 0xA8, 0xA8, 0xA9, 0xAB, 0xAD, 0xB2,
    0xBA, 0xC4, 0xD3, 0xF7, 0x5A, 0x4D, 0x47, 0x43, 0x3F, 0x3C, 0x39, 0x36, 0x33, 0x30, 0x2E, 0x2C,
    0x2A, 0x28, 0x27, 0x25, 0x24, 0x22, 0x22, 0x24, 0x2A, 0x36, 0x46, 0x69, 0xC7, 0xB5, 0xAF, 0xB2,
    0xB7, 0xB9, 0xBB, 0xC3, 0xE3, 0x5B, 0x62, 0xE9, 0xE8, 0xF9, 0xE1, 0xCB, 0xC3, 0xC5, 0xCB, 0xCC,
    0xC9, 0xCB, 0xDA, 0xF3, 0xEE, 0xDC, 0xD6, 0xD0, 0xC8, 0xBC, 0xB5, 0xAF, 0xAC, 0xAA, 0xA8, 0xA7,
    0xA8, 0xAA, 0xAD, 0xB1, 0xB9, 0xC1, 0xCE, 0xE3, 0x67, 0x53, 0x4B, 0x47, 0x43, 0x3E, 0x3B, 0x38,
    0x34, 0x31, 0x2E, 0x2C, 0x2A, 0x28, 0x27, 0x25, 0x24, 0x23, 0x22, 0x23, 0x28, 0x31, 0x40, 0x5B,
    0xD1, 0xBA, 0xB0, 0xB0, 0xB6, 0xBA, 0xBC, 0xC0, 0xD4, 0x5F, 0x5A, 0xFA, 0xDE, 0xE6, 0xDF, 0xCD,
    0xC2, 0xC1, 0xC6, 0xCC, 0xCD, 0xCE, 0xDB, 0x7B, 0x6F, 0xE9, 0xDA, 0xD2, 0xC9, 0xBD, 0xB6, 0xAF,
    0xAD, 0xAA, 0xA8, 0xA7, 0xA8, 0xAA, 0xAD, 0xAF, 0xB6, 0xBE, 0xC8, 0xD4, 0xE8, 0x65, 0x55, 0x4E,
    0x4A, 0x43, 0x3D, 0x39, 0x35, 0x31, 0x2E, 0x2C, 0x2A, 0x29, 0x27, 0x26, 0x25, 0x24, 0x23, 0x22,
    0x25, 0x2C, 0x39, 0x49, 0x78, 0xC6, 0xB6, 0xB1, 0xB4, 0xB9, 0xBC, 0xBE, 0xC6, 0xE2, 0x5F, 0x75,
    0xDB, 0xD5, 0xD9, 0xCF, 0xC5, 0xC0, 0xC4, 0xCB, 0xCF, 0xD0, 0xD7, 0xF4, 0x67, 0xFF, 0xDC, 0xD0,
    0xC9, 0xBF, 0xB8, 0xB1, 0xAE, 0xAC, 0xA9, 0xA8, 0xA8, 0xAA, 0xAC, 0xAE, 0xB2, 0xB9, 0xC0, 0xCB,
    0xD6, 0xEC, 0x62, 0x52, 0x4C, 0x46, 0x3F, 0x3A, 0x36, 0x32, 0x2F, 0x2D, 0x2B, 0x29, 0x28, 0x27,
    0x26, 0x24, 0x23, 0x22, 0x24, 0x29, 0x33, 0x43, 0x5C, 0xCF, 0xBA, 0xB2, 0xB3, 0xB9, 0xBD, 0xBE,
    0xC4, 0xD7, 0x67, 0x69, 0xDD, 0xCF, 0xCF, 0xCE, 0xC6, 0xC0, 0xC0, 0xC8, 0xD0, 0xD7, 0xDD, 0xF9,
    0x5E, 0x62, 0xED, 0xD5, 0xCA, 0xBF, 0xB8, 0xB1, 0xAE, 0xAC, 0xAA, 0xA9, 0xA9, 0xAB, 0xAD, 0xAF,
    0xB2, 0xB8, 0xBE, 0xC6, 0xCD, 0xD9, 0xF6, 0x5E, 0x4F, 0x49, 0x40, 0x3A, 0x35, 0x31, 0x2E, 0x2C,
    0x2A, 0x29, 0x28, 0x27, 0x26, 0x25, 0x24, 0x23, 0x23, 0x27, 0x2E, 0x3D, 0x4E, 0xE9, 0xC2, 0xB6,
    0xB3, 0xB8, 0xBD, 0xBF, 0xC2, 0xCD, 0xEB, 0x6E, 0xE0, 0xCE, 0xCB, 0xCC, 0xC5, 0xBF, 0xBF, 0xC6,
    0xCE, 0xD9, 0xE0, 0xFC, 0x5E, 0x5C, 0x79, 0xD8, 0xCA, 0xC1, 0xBA, 0xB3, 0xAE, 0xAC, 0xAB, 0xAA,
    0xA9, 0xAA, 0xAC, 0xAE, 0xB1, 0xB5, 0xBB, 0xBF, 0xC8, 0xD0, 0xDE, 0x78, 0x58, 0x4B, 0x42, 0x3C,
    0x36, 0x32, 0x2F, 0x2D, 0x2B, 0x2A, 0x28, 0x28, 0x27, 0x25, 0x24, 0x23, 0x22, 0x25, 0x2C, 0x39,
    0x49, 0x6F, 0xCA, 0xB9, 0xB4, 0xB8, 0xBD, 0xC1, 0xC3, 0xCA, 0xDB, 0xFC, 0xDF, 0xCC, 0xC7, 0xC7,
    0xC5, 0xBF, 0xBE, 0xC3, 0xCC, 0xDA, 0xE5, 0xFE, 0x63, 0x5A, 0x6B, 0xDD, 0xCC, 0xC2, 0xBB, 0xB4,
    0xAF, 0xAD, 0xAC, 0xAB, 0xAA, 0xAB, 0xAD, 0xAE, 0xB0, 0xB3, 0xB8, 0xBC, 0xC1, 0xCA, 0xD3, 0xE7,
    0x62, 0x4E, 0x45, 0x3D, 0x38, 0x33, 0x2F, 0x2D, 0x2C, 0x2A, 0x29, 0x28, 0x27, 0x26, 0x25, 0x24,
    0x22, 0x24, 0x29, 0x32, 0x40, 0x54, 0xDC, 0xBF, 0xB7, 0xB7, 0xBD, 0xC5, 0xCA, 0xCB, 0xD2, 0xE7,
    0xE8, 0xCF, 0xC3, 0xBF, 0xBF, 0xBF, 0xBF, 0xC2, 0xCA, 0xD7, 0xED, 0x73, 0x6C, 0x6A, 0xF1, 0xD3,
    0xC5, 0xBE, 0xBA, 0xB5, 0xB0, 0xAE, 0xAE, 0xAD, 0xAD, 0xAD, 0xAD, 0xAE, 0xB0, 0xB2, 0xB4, 0xB7,
    0xBC, 0xC5, 0xD1, 0xE5, 0x66, 0x4E, 0x43, 0x3D, 0x39, 0x36, 0x32, 0x2F, 0x2D, 0x2C, 0x2A, 0x29,
    0x27, 0x26, 0x25, 0x23, 0x22, 0x23, 0x28, 0x2F, 0x3C, 0x4D, 0xF0, 0xC7, 0xBC, 0xBA, 0xC0, 0xCB,
    0xD4, 0xD1, 0xD7, 0xE2, 0xE7, 0xCF, 0xC1, 0xBD, 0xBD, 0xBF, 0xC0, 0xC4, 0xCB, 0xDC, 0xF8, 0x75,
    0xFA, 0xEF, 0xDA, 0xCA, 0xBF, 0xBB, 0xB9, 0xB6, 0xB2, 0xB0, 0xAF, 0xAF, 0xAE, 0xAD, 0xAC, 0xAD,
    0xAE, 0xAF, 0xB2, 0xB6, 0xBC, 0xC7, 0xD4, 0xE8, 0x69, 0x53, 0x48, 0x40, 0x3C, 0x39, 0x35, 0x31,
    0x2E, 0x2C, 0x2A, 0x29, 0x27, 0x26, 0x26, 0x24, 0x23, 0x24, 0x27, 0x2E, 0x39, 0x48, 0x5C, 0xDC,
    0xC8, 0xBF, 0xC3, 0xCF, 0xE0, 0xE4, 0xD4, 0xCF, 0xCF, 0xCD, 0xC4, 0xBD, 0xBB, 0xBD, 0xC1, 0xC7,
    0xCB, 0xD0, 0xD8, 0xDF, 0xDD, 0xD6, 0xCF, 0xC8, 0xBF, 0xBC, 0xBA, 0xB8, 0xB5, 0xB2, 0xAF, 0xAF,
    0xAF, 0xAE, 0xAD, 0xAC, 0xAE, 0xB1, 0xB5, 0xB7, 0xBB, 0xC1, 0xD0, 0xE5, 0x7B, 0x67, 0x54, 0x47,
    0x3E, 0x3A, 0x36, 0x32, 0x2E, 0x2C, 0x2A, 0x29, 0x28, 0x28, 0x27, 0x26, 0x26, 0x25, 0x26, 0x2B,
    0x32, 0x3D, 0x4B, 0x5F, 0xDC, 0xC9, 0xC6, 0xCC, 0xD9, 0xDF, 0xD2, 0xCD, 0xCC, 0xCD, 0xC6, 0xBF,
    0xBC, 0xBD, 0xC2, 0xC7, 0xCA, 0xCC, 0xCF, 0xD4, 0xD2, 0xCD, 0xCA, 0xC6, 0xC1, 0xBC, 0xBA, 0xB8,
    0xB8, 0xB6, 0xB2, 0xAF, 0xAF, 0xAF, 0xAF, 0xAE, 0xAF, 0xB0, 0xB5, 0xB8, 0xBC, 0xBF, 0xC9, 0xDA,
    0xFC, 0x65, 0x58, 0x4B, 0x3F, 0x3A, 0x36, 0x32, 0x2F, 0x2D, 0x2C, 0x2B, 0x2A, 0x29, 0x29, 0x28,
    0x27, 0x26, 0x26, 0x29, 0x2F, 0x39, 0x44, 0x51, 0x72, 0xDC, 0xD2, 0xD8, 0xE7, 0x7E, 0xED, 0xD6,
    0xCE, 0xC9, 0xC4, 0xBF, 0xBD, 0xBE, 0xC1, 0xC6, 0xC9, 0xCA, 0xCA, 0xCB, 0xCA, 0xC6, 0xC2, 0xBF,
    0xBE, 0xBD, 0xBC, 0xBB, 0xBA, 0xB8, 0xB6, 0xB3, 0xB0, 0xAF, 0xAF, 0xAF, 0xAF, 0xB1, 0xB5, 0xB9,
    0xBD, 0xC0, 0xC5, 0xCC, 0xD8, 0xEC, 0x64, 0x50, 0x44, 0x3C, 0x38, 0x35, 0x33, 0x31, 0x2F, 0x2D,
    0x2D, 0x2C, 0x2B, 0x29, 0x28, 0x27, 0x27, 0x27, 0x2A, 0x2F, 0x39, 0x40, 0x49, 0x52, 0x64, 0xEE,
    0xEA, 0x71, 0x5F, 0x6C, 0xDB, 0xCB, 0xC5, 0xC4, 0xC2, 0xBF, 0xBE, 0xBF, 0xC2, 0xC7, 0xC8, 0xC7,
    0xC4, 0xC1, 0xBE, 0xBD, 0xBC, 0xBC, 0xBB, 0xBB, 0xBA, 0xB8, 0xB7, 0xB5, 0xB4, 0xB2, 0xB1, 0xB1,
    0xB2, 0xB4, 0xB6, 0xB8, 0xBB, 0xBD, 0xBF, 0xC4, 0xCB, 0xDA, 0x74, 0x56, 0x4A, 0x43, 0x3D, 0x3A,
    0x37, 0x35, 0x34, 0x32, 0x30, 0x2E, 0x2C, 0x2B, 0x2A, 0x2A, 0x29, 0x29, 0x2A, 0x2D, 0x32, 0x3A,
    0x3E, 0x44, 0x4B, 0x54, 0x5C, 0x5D, 0x59, 0x5D, 0xFE, 0xD7, 0xCB, 0xC6, 0xC2, 0xC0, 0xBF, 0xBF,
    0xC1, 0xC3, 0xC4, 0xC1, 0xBE, 0xBC, 0xBB, 0xBA, 0xBB, 0xBB, 0xBC, 0xBB, 0xBB, 0xBA, 0xB8, 0xB7,
    0xB5, 0xB5, 0xB4, 0xB5, 0xB6, 0xB7, 0xB8, 0xB9, 0xBA, 0xBC, 0xBE, 0xC2, 0xCA, 0xD4, 0xE7, 0x6C,
    0x59, 0x4D, 0x46, 0x3F, 0x3D, 0x3B, 0x39, 0x36, 0x33, 0x30, 0x2F, 0x2E, 0x2E, 0x2D, 0x2D, 0x2C,
    0x2B, 0x2C, 0x2E, 0x32, 0x38, 0x3C, 0x3F, 0x42, 0x48, 0x4E, 0x55, 0x58, 0x58, 0x62, 0xED, 0xD2,
    0xC8, 0xC5, 0xC5, 0xC7, 0xC7, 0xC4, 0xC1, 0xBF, 0xBE, 0xBD, 0xBB, 0xB9, 0xB9, 0xBA, 0xBB, 0xBB,
    0xBC, 0xBC, 0xBB, 0xBB, 0xBA, 0xBA, 0xB9, 0xB9, 0xB9, 0xB9, 0xB9, 0xB9, 0xBA, 0xBC, 0xBE, 0xBF,
    0xC3, 0xCA, 0xD4, 0xE8, 0x71, 0x5D, 0x52, 0x4A, 0x47, 0x46, 0x43, 0x3F, 0x3B, 0x38, 0x36, 0x35,
    0x33, 0x30, 0x30, 0x31, 0x30, 0x2E, 0x2D, 0x2D, 0x2F, 0x33, 0x37, 0x3A, 0x3E, 0x42, 0x48, 0x4A,
    0x4D, 0x53, 0x58, 0x5B, 0x63, 0xE6, 0xCF, 0xCA, 0xC9, 0xCA, 0xC7, 0xC3, 0xBF, 0xBD, 0xBD, 0xBC,
    0xBA, 0xB9, 0xB9, 0xB9, 0xBB, 0xBC, 0xBC, 0xBC, 0xBD, 0xBC, 0xBB, 0xBB, 0xBB, 0xBC, 0xBC, 0xBC,
    0xBC, 0xBD, 0xBD, 0xBF, 0xC0, 0xC4, 0xCB, 0xD2, 0xDA, 0xD9, 0xEC, 0x6C, 0x58, 0x4C, 0x4B, 0x4C,
    0x4B, 0x42, 0x3E, 0x39, 0x3A, 0x39, 0x3B, 0x3A, 0x34, 0x31, 0x32, 0x35, 0x34, 0x32, 0x31, 0x35,
    0x39, 0x3C, 0x3D, 0x3E, 0x3F, 0x48, 0x47, 0x4B, 0x4D, 0x54, 0x63, 0xE4, 0xDF, 0xDF, 0xDE, 0xD2,
    0xC9, 0xC5, 0xC6, 0xC6, 0xC2, 0xBE, 0xBC, 0xBC, 0xBD, 0xBE, 0xBF, 0xBF, 0xBE, 0xBD, 0xBD, 0xBD,
    0xBD, 0xBD, 0xBD, 0xBD, 0xBE, 0xC3, 0xC4, 0xC3, 0xC2, 0xC1, 0xC7, 0xC8, 0xCB, 0xCB, 0xCE, 0xDF,
    0x7A, 0x69, 0x7D, 0xEF, 0x55, 0x4F, 0x4A, 0x4F, 0x4F, 0x42, 0x3C, 0x3E, 0x3E, 0x41, 0x3D, 0x3A,
    0x3A, 0x39, 0x3D, 0x3A, 0x38, 0x38, 0x37, 0x39, 0x3B, 0x3D, 0x44, 0x43, 0x3E, 0x3D, 0x43, 0x4E,
    0x61, 0x5C, 0x57, 0x55, 0x6D, 0xD8, 0xCA, 0xCC, 0xD4, 0xD6, 0xCA, 0xBF, 0xBE, 0xC0, 0xC4, 0xC5,
    0xBF, 0xBC, 0xBB, 0xBD, 0xBE, 0xC1, 0xBF, 0xBF, 0xC1, 0xC1, 0xBF, 0xC3, 0xC3, 0xBF, 0xC1, 0xC7,
    0xCA, 0xCD, 0xCF, 0xD3, 0xCE, 0xD2, 0xCA, 0xD0, 0xE4, 0x73, 0x5B, 0x7B, 0xDF, 0x5A, 0x5C, 0x4A,
    0x47, 0x4E, 0x5C, 0x4D, 0x3E, 0x3E, 0x37, 0x42, 0x4B, 0x49, 0x3E, 0x39, 0x3A, 0x40, 0x4C, 0x42,
    0x3C, 0x3E, 0x3D, 0x4C, 0x4E, 0x4F, 0x47, 0x48, 0x47, 0x57, 0xFC, 0xDE, 0xD6, 0x72, 0x5F, 0x65,
    0xD7, 0xC6, 0xCB, 0xD2, 0xD4, 0xCA, 0xC4, 0xC0, 0xC8, 0xCC, 0xC9, 0xC4, 0xC6, 0xC0, 0xC2, 0xBF,
    0xC7, 0xCC, 0xC5, 0xC6, 0xC1, 0xCA, 0xD2, 0xD2, 0xCD, 0xBF, 0xC5, 0xCF, 0x7A, 0x6B, 0xDC, 0xD2,
    0xD7, 0xE6, 0x66, 0x58, 0xFF, 0x63, 0x69, 0x4F, 0x79, 0x4E, 0x49, 0x44, 0x77, 0x6A, 0x53, 0x3C,
    0x3D, 0x49, 0x65, 0x4F, 0x42, 0x39, 0x43, 0x6E, 0x5E, 0x44, 0x3E, 0x45, 0x4F, 0x5D, 0x5E, 0x4E,
    0x41, 0x4D, 0x57, 0xD4, 0x5D, 0x56, 0x4D, 0xFC, 0xCF, 0xD7, 0xDE, 0x64, 0xF8, 0xD7, 0xC2, 0xC6,
    0xEC, 0x5F, 0xE1, 0xC0, 0xBD, 0xC0, 0xDC, 0xE3, 0xCD, 0xCB, 0xBD, 0xC5, 0xCB, 0xEF, 0xDE, 0xC2,
    0xBE, 0xC8, 0x6F, 0x61, 0x64, 0xD3, 0xCC, 0xCD, 0xD9, 0x7C, 0x52, 0x5F, 0xC9, 0xD6, 0xF1, 0x42,
    0x50, 0x64, 0xC9, 0x5E, 0x51, 0x3C, 0x59, 0x6D, 0x62, 0x62, 0x46, 0x43, 0x49, 0x70, 0x6B, 0x4B,
    0x4F, 0x4D, 0x4D, 0xE9, 0x4F, 0x4C, 0x4A, 0xE0, 0x4D, 0x50, 0x49, 0xCF, 0xD9, 0x6A, 0x3E, 0x50,
    0xE1, 0xBF, 0xDB, 0x4D, 0x4C, 0x6C, 0xC1, 0xC9, 0xD6, 0x78, 0x5F, 0xF1, 0xD9, 0xCA, 0xBE, 0xE7,
    0x62, 0xE0, 0xD0, 0xC0, 0xD1, 0xDB, 0xED, 0xFB, 0xD4, 0xD2, 0xCC, 0xD2, 0xEF, 0xE9, 0xD4, 0xD4,
    0xE4, 0x6B, 0xDE, 0x54, 0xD0, 0xD9, 0xD7, 0x42, 0x47, 0xDC, 0xC3, 0x64, 0x3D, 0x4C, 0x5C, 0xC7,
    0x69, 0x57, 0x44, 0x47, 0xDA, 0x61, 0xD1, 0x56, 0x62, 0x43, 0x49, 0xDB, 0xD6, 0xE1, 0x4A, 0x3D,
    0xDC, 0xDA, 0xD0, 0x5E, 0x46, 0x47, 0xD4, 0xD8, 0xE6, 0x74, 0x44, 0xDA, 0x56, 0xCA, 0xD3, 0x4D,
    0x72, 0xE2, 0xD1, 0xD7, 0x5B, 0x52, 0xE1, 0xC5, 0xC7, 0x78, 0x49, 0x5B, 0xCF, 0xBE, 0x61, 0x68,
    0x51, 0xC7, 0xE2, 0x68, 0xE1, 0xEF, 0xC4, 0x71, 0x70, 0x57, 0xE4, 0xDE, 0xCA, 0x54, 0x57, 0xEB,
    0x51, 0xD1, 0x5D, 0x5F, 0xD9, 0xD3, 0x43, 0x49, 0xE9, 0xC8, 0xD7, 0x50, 0x41, 0x4D, 0x6D, 0xC5,
    0xD5, 0x51, 0x48, 0x4E, 0xD7, 0xCD, 0xFB, 0x5D, 0x4B, 0x55, 0xCF, 0xCC, 0xF5, 0x53, 0x3E, 0xFC,
    0xEE, 0xC7, 0x5D, 0x4B, 0xDF, 0xFD, 0xE1, 0x59, 0xCE, 0xE4, 0x50, 0x59, 0xED, 0xBC, 0xCA, 0x4C,
    0x67, 0x3F, 0xC4, 0xC0, 0xC2, 0x5A, 0x4A, 0x6B, 0xCE, 0xBE, 0x62, 0x58, 0x55, 0x5B, 0xE5, 0xBA,
    0xF6, 0x54, 0x4A, 0x45, 0xC9, 0xBF, 0x50, 0x5D, 0x3A, 0xD0, 0xC7, 0xC8, 0x4F, 0x3B, 0x4E, 0xD0,
    0xC3, 0xDD, 0x3D, 0x4C, 0xF9, 0xC5, 0xD0, 0x46, 0x42, 0x62, 0xBE, 0xCC, 0xE6, 0x3B, 0x5A, 0xC1,
    0xD1, 0x56, 0x53, 0x67, 0xC8, 0x4D, 0xD8, 0xF3, 0xE6, 0x6A, 0x43, 0xF9, 0xE6, 0xBF, 0xEA, 0x3B,
    0x4B, 0xCD, 0xB9, 0xCD, 0x3B, 0x3B, 0x6D, 0xB3, 0xC2, 0x49, 0x35, 0x54, 0xC3, 0xB9, 0x7D, 0x3F,
    0x4E, 0xDF, 0xD6, 0xC7, 0x40, 0x6A, 0x3D, 0xC0, 0xD8, 0xCD, 0x4B, 0x5F, 0x6B, 0x73, 0xD8, 0xCF,
    0x51, 0x57, 0x54, 0x7E, 0xC5, 0xE2, 0x4C, 0x4B, 0x48, 0xC5, 0xDE, 0xCB, 0x48, 0x40, 0x68, 0xD6,
    0xC1, 0x5C, 0x41, 0x46, 0xC4, 0xBD, 0x59, 0x39, 0x70, 0xD7, 0xC5, 0x63, 0x42, 0xE9, 0xDE, 0xD5,
    0x4A, 0x7A, 0x5B, 0xC9, 0x52, 0xDD, 0xEE, 0xFF, 0xEC, 0xFC, 0xD5, 0x59, 0xD4, 0x62, 0xCF, 0x5B,
    0xC8, 0xD8, 0x69, 0x5C, 0xD1, 0x61, 0xE5, 0x70, 0x73, 0xD8, 0x53, 0xD3, 0x7E, 0x56, 0xDA, 0xFB,
    0xD2, 0x62, 0x5C, 0x4C, 0xBF, 0xD4, 0x51, 0x48, 0x4B, 0xC0, 0xDB, 0xEB, 0x48, 0x46, 0xCD, 0xCC,
    0xE1, 0x4F, 0x4B, 0x5B, 0xF5, 0xC0, 0xCA, 0x4B, 0x3D, 0xF0, 0xBF, 0xCC, 0xDA, 0x34, 0x60, 0xC4,
    0xCF, 0xCE, 0x3C, 0x59, 0x5A, 0xCB, 0xCD, 0xDA, 0x4A, 0x4E, 0xD9, 0xC5, 0xC4, 0x49, 0x4B, 0x71,
    0xBB, 0x7D, 0x57, 0x4A, 0xEA, 0xC0, 0xE7, 0x46, 0x5A, 0x6D, 0xBC, 0xD3, 0x4A, 0x4C, 0x55, 0xCD,
    0xCC, 0xD6, 0x41, 0x4C, 0xCC, 0xC7, 0x7C, 0x4F, 0x67, 0xF4, 0x4F, 0xCC, 0xD4, 0xD9, 0x4F, 0x3D,
    0xD2, 0xC3, 0xCB, 0x44, 0x3E, 0xDD, 0xC1, 0xD9, 0x5E, 0x3D, 0x6B, 0xC1, 0xE2, 0xCB, 0x3F, 0x4B,
    0xC6, 0xD2, 0xCD, 0x50, 0x3A, 0xD1, 0xC2, 0xC8, 0x55, 0x40, 0x68, 0xC2, 0x7B, 0xD3, 0x40, 0xEC,
    0xD8, 0xDC, 0x59, 0xEA, 0x4D, 0xCE, 0xEA, 0xFF, 0xCF, 0x50, 0x71, 0x75, 0xFA, 0xC6, 0x4E, 0x4D,
    0xCF, 0xD3, 0xD4, 0x4D, 0x5F, 0xE8, 0xDA, 0xD8, 0x77, 0x49, 0xDF, 0xCF, 0xE1, 0x51, 0xDB, 0x6B,
    0x5C, 0xD7, 0xDB, 0x4F, 0xD1, 0x4D, 0xE7, 0xDA, 0x4C, 0xD6, 0xDC, 0x66, 0x6D, 0x58, 0xCE, 0x69,
    0xDB, 0x54, 0x53, 0xDB, 0xC0, 0x5A, 0x4F, 0x46, 0xDB, 0xCA, 0xE6, 0x58, 0x4F, 0xE7, 0xDF, 0xCB,
    0xE5, 0x4C, 0x4B, 0x67, 0xBF, 0xCD, 0xE5, 0x3C, 0xF9, 0xCB, 0xC5, 0x4E, 0x50, 0x5D, 0xDD, 0xC3,
    0x61, 0x55, 0x73, 0x4F, 0xC6, 0xE4, 0x68, 0x4C, 0x5A, 0xC8, 0xD1, 0x4F, 0x4E, 0x62, 0xC8, 0xCD,
    0x56, 0x4E, 0x4F, 0xBF, 0x6E, 0x55, 0x4E, 0xE8, 0xCC, 0xD0, 0x59, 0x3C, 0xCF, 0xCE, 0xBF, 0x3C,
    0x46, 0xD3, 0xD2, 0xCA, 0x40, 0x4C, 0x5B, 0xC0, 0xC9, 0x49, 0x51, 0xE0, 0xEB, 0xD7, 0x6A, 0x55,
    0xD9, 0x5D, 0xF7, 0xCF, 0x58, 0xF6, 0x70, 0x74, 0xC1, 0x50, 0xE9, 0x56, 0xEC, 0xDA, 0x6D, 0xE5,
    0x5A, 0x74, 0x58, 0xC2, 0xE8, 0x44, 0x6A, 0x6B, 0xBA, 0xFF, 0x3C, 0x7D, 0xC4, 0xF6, 0xCF, 0x40,
    0x74, 0xD8, 0xCD, 0x55, 0xE3, 0x4F, 0xE5, 0x51, 0xF9, 0xC7, 0xEE, 0x44, 0x4E, 0xCF, 0xC3, 0x68,
    0x47, 0x4B, 0xCA, 0xC7, 0xDD, 0x4C, 0x4A, 0xE1, 0xCC, 0xDE, 0x75, 0x4F, 0x58, 0xC5, 0x5F, 0x75,
    0xEF, 0x5D, 0x58, 0xDD, 0xD2, 0xE2, 0x41, 0x53, 0xCB, 0xC2, 0x4E, 0x58, 0x5D, 0xE2, 0xCC, 0xE3,
    0x49, 0xE1, 0x5D, 0xCE, 0xED, 0x48, 0x78, 0xC3, 0x58, 0x6F, 0x4F, 0xDE, 0xBE, 0x44, 0xD9, 0x4D,
    0xE4, 0xC7, 0x5F, 0x59, 0x6D, 0x5E, 0xBE, 0x59, 0x53, 0x57, 0xDE, 0xC8, 0x62, 0x49, 0x6E, 0x73,
    0xD9, 0xCF, 0x56, 0x5E, 0x4C, 0xC7, 0xDB, 0x6A, 0x56, 0x4C, 0xC5, 0xC3, 0x4A, 0x47, 0x57, 0xC2,
    0xCD, 0x49, 0x4D, 0xD8, 0xDE, 0xCD, 0x50, 0x4E, 0xCC, 0xF9, 0x7C, 0x5E, 0x6B, 0xCF, 0xDA, 0x4E,
    0x5F, 0x71, 0xCF, 0xD8, 0x4C, 0x51, 0xDC, 0xCD, 0xDC, 0x4C, 0x63, 0xE9, 0xDF, 0xDF, 0x52, 0x78,
    0xDE, 0x6F, 0xE5, 0xF9, 0x77, 0xF5, 0x53, 0x6E, 0xC2, 0x5E, 0x50, 0x5C, 0xDE, 0xCC, 0x4E, 0x56,
    0xF2, 0xD6, 0xEA, 0x5B, 0x4D, 0xD3, 0xD8, 0x6C, 0x60, 0x57, 0xCF, 0xED, 0xF9, 0x66, 0x6D, 0xDF,
    0xF2, 0x6B, 0xE3, 0x5B, 0xD7, 0xDF, 0x53, 0x72, 0xDE, 0xF0, 0xDF, 0x58, 0xF9, 0xF1, 0xDB, 0x63,
    0x7A, 0x71, 0xEE, 0xED, 0x60, 0xF8, 0xED, 0x6A, 0x72, 0x65, 0xE7, 0xE7, 0x6F, 0x5E, 0x76, 0x7E,
    0xE1, 0xE8, 0x5B, 0x5E, 0xE9, 0xDA, 0x6D, 0x5F, 0x6B, 0xE6, 0xE9, 0x77, 0x6A, 0x6C, 0xDC, 0x73,
    0x65, 0x6D, 0x6D, 0xDB, 0x76, 0x5E, 0x66, 0xE2, 0xE6, 0x67, 0x5D, 0xEC, 0xDC, 0x70, 0x59, 0x7B,
    0xEE, 0xE2, 0x6B, 0x68, 0x7B, 0xF1, 0x7E, 0x7C, 0x72, 0x7C, 0xFE, 0x67, 0xE5, 0x7E, 0x72, 0x6F,
    0x70, 0xEE, 0xE8, 0x6A, 0x68, 0xF8, 0xF2, 0xF6, 0x79, 0x6C, 0xF8, 0xEE, 0x72, 0xFE, 0xF7, 0xFD,
    0xF5, 0x74, 0x7E, 0xEC, 0x7C, 0x74, 0x79, 0xEF, 0xE8, 0x6E, 0x74, 0xFA, 0xEF, 0xF4, 0x78, 0x73,
    0xF4, 0xFD, 0xEE, 0xFA, 0x73, 0xFF, 0x78, 0xEE, 0xEC, 0x7B, 0x6D, 0x7D, 0xEB, 0xED, 0x75, 0x73,
    0xFB, 0xEF, 0xF6, 0x7C, 0x7A, 0xF9, 0x7E, 0xF7, 0xFC, 0xF5, 0x7A, 0x7C, 0xF7, 0xFB, 0xF9, 0xFF,
    0xFE, 0x7E, 0xFE, 0xFA, 0xF8, 0xFE, 0xFF, 0xFC, 0xFB, 0xFB, 0xFB, 0x7D, 0xF9, 0x7E, 0xF9, 0x7E,
    0x7D, 0xF9, 0x7E, 0xFD, 0xFC, 0xFD, 0xFF, 0xFF, 0xFF, 0xFD, 0xF9, 0xFF, 0xFE, 0x7A, 0xFA, 0xFA,
    0x7C, 0xFE, 0xFE, 0xFE, 0xFB, 0x7C, 0xFE, 0xFE, 0xFD, 0xFF, 0x7D, 0xFD, 0xFF, 0xFF, 0xFF, 0xFE,
    0x7B, 0xFE, 0x7E, 0x7E, 0x7D, 0xFF, 0xFF, 0x7D, 0x7E, 0x7C, 0x7D, 0xFD, 0x7E, 0x7B, 0x7D, 0x7D,
    0xFB, 0x7C, 0x7D, 0x79, 0x7D, 0xFE, 0x7D, 0x79, 0x7E, 0x7D, 0x7D, 0x7C, 0x7A, 0xFF, 0x7C, 0x7A,
    0x7B, 0x7E, 0x7D, 0x7C, 0x79, 0x7B, 0x7D, 0x7E, 0x7C, 0x79, 0x7A, 0xFF, 0x7D, 0x7B, 0x7C, 0x7D,
    0x7E, 0x7D, 0x7B, 0x7B, 0x7D, 0xFF, 0x7D, 0x7A, 0x7C, 0xFF, 0x7D, 0x7B, 0x7D, 0x7D, 0xFE, 0x7D,
    0x7A, 0x7E, 0x7E, 0xFE, 0x7E, 0x7B, 0x7D, 0xFE, 0xFE, 0x7E, 0x7C, 0xFF, 0xFF, 0xFE, 0xFF, 0x7E,
    0xFF, 0xFF, 0x7E, 0xFF, 0xFF, 0x7E, 0x7E, 0xFE, 0xFF, 0x7E, 0xFE, 0x7E, 0x7E, 0xFE, 0xFE, 0xFD,
    0x7E, 0x7D, 0xFE, 0xFE, 0xFD, 0x7D, 0xFF, 0x7E, 0xFD, 0xFE, 0xFF, 0x7E, 0x7E, 0xFE, 0xFD, 0xFF,
    0x7E, 0x7E, 0xFE, 0xFD, 0xFE, 0x7E, 0x7D, 0xFF, 0xFD, 0xFE, 0x7E, 0x7E, 0xFF, 0xFE, 0xFE, 0xFF,
    0x7E, 0x7E, 0xFF, 0xFC, 0xFF, 0x7E, 0x7D, 0xFE, 0xFD, 0xFE, 0x7D, 0x7E, 0xFE, 0xFE, 0xFE, 0xFE,
    0xFF, 0xFF, 0xFD, 0xFD, 0xFE, 0x7E, 0xFF, 0xFD, 0xFC, 0xFE, 0xFF, 0xFF, 0xFD, 0xFC, 0xFE, 0xFF,
    0xFF, 0xFD, 0xFC, 0xFD, 0xFF, 0xFF, 0xFD, 0xFC, 0xFE, 0xFF, 0xFE, 0xFD, 0xFD, 0xFE, 0xFE, 0xFE,
    0xFE, 0xFD, 0xFC, 0xFE, 0x7E, 0xFD, 0xFC, 0xFC, 0xFE, 0x7E, 0xFE, 0xFC, 0xFC, 0xFE, 0xFF, 0xFE,
    0xFB, 0xFD, 0xFD, 0xFF, 0xFD, 0xFD, 0xFD, 0xFD, 0xFE, 0xFE, 0xFE, 0xFD, 0xFD, 0xFE, 0xFE, 0xFE,
    0xFE, 0xFC, 0xFE, 0xFE, 0xFE, 0xFC, 0xFD, 0xFE, 0xFE, 0xFE, 0xFD, 0xFD, 0xFD, 0xFE, 0xFE, 0xFD,
    0xFD, 0xFD, 0xFE, 0xFE, 0xFE, 0xFD, 0xFD, 0xFD, 0xFE, 0xFF, 0xFE, 0xFD, 0xFE, 0xFE, 0xFD, 0xFE,
    0xFE, 0xFE, 0xFE, 0xFE, 0xFF, 0xFE, 0xFD, 0xFE, 0xFF, 0xFF, 0xFF, 0xFE, 0xFE, 0xFF, 0xFE, 0xFF,
    0xFF, 0xFF, 0xFF, 0x7E, 0xFF, 0xFF, 0xFE, 0xFF, 0x7E, 0x7D, 0xFF, 0xFE, 0x7E, 0x7E, 0x7E, 0xFF,
    0xFF, 0x7E, 0x7E, 0x7E, 0x7E, 0xFF, 0x7E, 0x7E, 0x7E, 0xFF, 0x7E, 0x7E, 0x7D, 0x7E, 0x7E, 0x7E,
    0x7E, 0x7E, 0x7E, 0x7E, 0xFF, 0x7E, 0x7D, 0x7D, 0xFF, 0x7D, 0x7E, 0x7E, 0x7E, 0x7E, 0x7E, 0xFF,
    0x7E, 0x7D, 0x7E, 0x7E, 0xFF, 0x7E, 0x7E, 0x7D, 0x7E, 0xFF, 0x7E, 0x7E, 0x7E, 0x7D, 0x7E, 0x7E,
    0x7E, 0x7E, 0x7D, 0x7D, 0x7D, 0x7D, 0x7E, 0x7E, 0x7D, 0x7E, 0x7E, 0x7E, 0x7E, 0x7D, 0x7E, 0x7E,
    0x7E, 0x7E, 0x7E, 0x7E, 0x7E, 0x7D, 0x7E, 0x7E, 0x7E, 0x7E, 0x7E, 0x7D, 0x7D, 0x7E, 0x7E, 0x7E,
    0x7E, 0x7E, 0x7E, 0x7E, 0x7E, 0x7E, 0x7E, 0x7E, 0x7E, 0x7E, 0x7E, 0x7E, 0xFF, 0x7E, 0x7E, 0x7E,
    0xFF, 0xFF, 0xFF, 0xFF, 0x7E, 0xFF, 0xFF, 0x7E, 0x7E, 0xFF, 0x7E, 0xFF, 0xFF, 0x7E, 0xFF, 0xFF,
    0xFF, 0xFF, 0xFF, 0x7E, 0xFF, 0xFF, 0xFF, 0xFF, 0x7E, 0xFF, 0xFF, 0xFF, 0xFF, 0x7E, 0xFF, 0xFF,
    0x7E, 0xFF, 0xFF, 0xFE, 0xFF, 0x7E, 0xFF, 0xFF, 0xFE, 0xFF, 0xFF, 0xFE, 0xFF, 0xFF, 0xFF, 0xFF,
    0xFE, 0xFF, 0xFE, 0xFE, 0xFF, 0xFE, 0xFE, 0xFE, 0xFE, 0xFE, 0xFE, 0xFE, 0xFE, 0xFE, 0xFE, 0xFE,
    0xFD, 0xFE, 0xFD, 0xFE, 0xFE, 0xFD, 0xFE, 0xFE, 0xFE, 0xFE, 0xFE, 0xFE, 0xFE, 0xFE, 0xFE, 0xFE,
    0xFE, 0xFE, 0xFE, 0xFE, 0xFE, 0xFE, 0xFE, 0xFE, 0xFE, 0xFE, 0xFE, 0xFF, 0xFE, 0xFD, 0xFE, 0xFF,
    0xFE, 0xFD, 0xFD, 0xFE, 0xFE, 0xFE, 0xFE, 0xFD, 0xFE, 0xFE, 0xFE, 0xFE, 0xFE, 0xFE, 0xFE, 0xFE,
    0xFE, 0xFE, 0xFD, 0xFE, 0xFE, 0xFE, 0xFE, 0xFE, 0xFE, 0xFE, 0xFE, 0xFE, 0xFE, 0xFE, 0xFE, 0xFE,
    0xFF, 0xFE, 0xFE, 0xFF, 0xFF, 0xFE, 0xFE, 0xFE, 0xFF, 0xFF, 0xFE, 0xFE, 0xFF, 0xFF, 0xFF, 0xFE,
    0xFF, 0xFF, 0x7E, 0xFF, 0xFF, 0xFF, 0xFF, 0x7E, 0xFF, 0xFE, 0x7E, 0x7E, 0xFF, 0xFF, 0xFF, 0x7E,
    0x7E, 0x7E, 0xFF, 0x7E, 0x7E, 0x7E, 0x7E, 0x7E, 0x7D, 0xFF, 0x7E, 0xFF, 0x7E, 0x7D, 0xFF, 0xFF,
    0xFF, 0x7D, 0x7E, 0x7E, 0x7E, 0x7E, 0x7D, 0x7E, 0xFE, 0x7E, 0x7D, 0x7E, 0x7E, 0x7E, 0x7E, 0x7D,
    0x7E, 0x7E, 0x7E, 0x7D, 0x7D, 0x7D, 0x7E, 0x7E, 0x7D, 0x7E, 0x7E, 0x7D, 0xFF, 0x7E, 0x7D, 0x7D,
    0x7E, 0x7E, 0x7D, 0x7D, 0x7D, 0x7D, 0x7E, 0x7E, 0x7E, 0x7E, 0x7E, 0x7E, 0x7E, 0x7E, 0x7E, 0xFF,
    0x7E, 0x7E, 0xFF, 0xFF, 0x7E, 0xFF, 0xFF, 0x7E, 0x7E, 0x7E, 0xFE, 0xFF, 0x7D, 0x7E, 0xFF, 0xFF,
    0xFF, 0x7C, 0x7E, 0xFF, 0xFC, 0x7D, 0x7B, 0xFF, 0xFD, 0xFE, 0xFE, 0x7D, 0xFF, 0xFD, 0xFE, 0xFF,
    0xFF, 0xFF, 0xFE, 0xFF, 0xFE, 0xFF, 0xFD, 0xFF, 0xFD, 0xFF, 0xFC, 0xFE, 0xFE, 0x7E, 0xFD, 0xFE,
    0xFE, 0x7E, 0xFE, 0xFD, 0xFC, 0xFF, 0xFD, 0xFD, 0x7E, 0xFA, 0xF6, 0xEF, 0xFC, 0x6E, 0x78, 0xEF,
    0xF6, 0x7A, 0x7B, 0x7D, 0xF0, 0xEE, 0xEF, 0xFB, 0x7E, 0x7A, 0xF6, 0xF0, 0xF8, 0x7E, 0xFF, 0x7D,
    0xEE, 0xF9, 0xFB, 0xFD, 0x74, 0xF0, 0xE9, 0x78, 0x61, 0xF0, 0xE0, 0xE3, 0x6B, 0x61, 0x60, 0xE9,
    0xE2, 0xF4, 0x68, 0x6A, 0x6A, 0x6C, 0x62, 0xD6, 0xD2, 0xE2, 0x57, 0x55, 0xD1, 0xF2, 0xEE, 0x6F,
    0xD0, 0xD8, 0x78, 0x6A, 0xD7, 0xD4, 0xE3, 0x5F, 0x73, 0x66, 0x64, 0x54, 0x58, 0x63, 0xF2, 0x69,
    0x73, 0xDD, 0x4E, 0x6F, 0xDC, 0xD4, 0x56, 0x4C, 0xDE, 0xEE, 0x60, 0xD9, 0xDF, 0xCC, 0x6C, 0xF3,
    0xEA, 0xDD, 0xDE, 0x5C, 0x71, 0xDE, 0xDA, 0xFE, 0x76, 0x64, 0xCD, 0x67, 0x55, 0xCE, 0x50, 0x55,
    0xF9, 0xD8, 0xE3, 0x57, 0x66, 0xF3, 0xD5, 0xFC, 0x5A, 0x6B, 0xDE, 0x4D, 0xCA, 0x68, 0x4A, 0xCD,
    0x56, 0xCF, 0x4A, 0xDF, 0xCF, 0x50, 0xE9, 0x53, 0xCD, 0x55, 0x61, 0x52, 0xCA, 0x5B, 0xC7, 0x41,
    0xCF, 0xD3, 0x4D, 0x68, 0xCE, 0x56, 0x5B, 0xE8, 0xCE, 0x49, 0xD3, 0xEA, 0xFC, 0x69, 0x5F, 0x59,
    0x6F, 0xFA, 0x5B, 0x64, 0x58, 0x7E, 0xED, 0x47, 0xD1, 0xCE, 0x3A, 0xE0, 0x5D, 0x4E, 0xEB, 0x48,
    0xCA, 0x5E, 0x3E, 0xCD, 0x5C, 0xD4, 0x4C, 0x65, 0xCB, 0xDD, 0x60, 0xFC, 0xDC, 0x59, 0xDB, 0xD8,
    0x45, 0xF0, 0x68, 0xF4, 0x4C, 0xEB, 0xBC, 0x42, 0x48, 0xC9, 0xD4, 0x4D, 0x3E, 0xC9, 0xFA, 0x63,
    0x46, 0x6B, 0xB2, 0x35, 0xDB, 0xCD, 0xC9, 0x39, 0xCD, 0xD0, 0xCE, 0x39, 0xBC, 0xF8, 0xF7, 0x4C,
    0xBD, 0x46, 0xDC, 0xD1, 0xCD, 0x47, 0x74, 0xD2, 0xD3, 0x53, 0xD5, 0x49, 0xC6, 0x6E, 0xF7, 0x5B,
    0xD9, 0x4B, 0x5E, 0xC2, 0xE9, 0x3C, 0xD0, 0xD2, 0xCC, 0x47, 0xF9, 0xDF, 0x5E, 0xCF, 0x4B, 0xC8,
    0xFB, 0x5A, 0xE7, 0xDA, 0xDF, 0xDD, 0xF9, 0x53, 0xCF, 0xC5, 0x43, 0x5C, 0xC1, 0xEF, 0x5A, 0x6E,
    0xCD, 0x61, 0x56, 0xCF, 0xD4, 0x5A, 0xE1, 0x4D, 0xE2, 0xCB, 0x4A, 0xCE, 0x5F, 0xED, 0x62, 0x64,
    0xE7, 0x64, 0xC7, 0x4D, 0xE4, 0x72, 0x5C, 0xF8, 0x5B, 0xC7, 0xD6, 0x49, 0x68, 0xD7, 0xDA, 0x5B,
    0x71, 0xC9, 0x53, 0x73, 0xE8, 0x79, 0x66, 0xE4, 0x51, 0xBF, 0x51, 0x51, 0xDF, 0x6E, 0x5E, 0xDC,
    0xD9, 0xEF, 0x44, 0xFB, 0xDC, 0x5D, 0xE3, 0xDF, 0x57, 0xDC, 0x54, 0x6C, 0xD2, 0xE7, 0x66, 0xED,
    0x70, 0xE9, 0x5C, 0x5E, 0xE1, 0xDE, 0xDD, 0x4E, 0x49, 0xE5, 0xCB, 0x7A, 0x53, 0xD8, 0x6E, 0x54,
    0x4F, 0xC7, 0xD2, 0x4E, 0x48, 0xC6, 0x4D, 0x68, 0xDE, 0xD6, 0xEC, 0x56, 0x6B, 0xE1, 0x63, 0x62,
    0xCE, 0xD9, 0xEC, 0x4C, 0x51, 0xDE, 0xDA, 0x78, 0xE9, 0x6C, 0x64, 0x4E, 0xE3, 0xCF, 0x6F, 0x5D,
    0xFA, 0xDC, 0x4F, 0x79, 0x75, 0xDF, 0xE5, 0x7B, 0x7E, 0x55, 0x51, 0xD6, 0xCB, 0xED, 0x5F, 0x52,
    0xE6, 0xF6, 0xEC, 0xD5, 0x71, 0x52, 0xDB, 0xE7, 0x67, 0x6F, 0xDC, 0xE3, 0xE8, 0x5C, 0x65, 0x79,
    0xDB, 0xDC, 0xEA, 0x5D, 0x4F, 0x70, 0xC9, 0xD7, 0x70, 0x5A, 0x52, 0xE3, 0xE4, 0xDB, 0x71, 0x59,
    0xF2, 0xDF, 0x77, 0x79, 0x69, 0xFB, 0xD4, 0xDE, 0x5E, 0x4E, 0xDE, 0xD4, 0xD8, 0x60, 0x5D, 0x5C,
    0xEA, 0xCF, 0xDB, 0x56, 0x53, 0x6F, 0xD3, 0xDB, 0x5D, 0x5D, 0xE0, 0xE3, 0x76, 0x67, 0xEE, 0xF3,
    0xE8, 0xEB, 0x6F, 0x58, 0x7A, 0xD5, 0xD5, 0x7A, 0x4D, 0x72, 0xDA, 0xDB, 0xEF, 0x61, 0x61, 0x69,
    0x6A, 0xE7, 0xDE, 0x60, 0x5F, 0x73, 0xDF, 0x78, 0xF4, 0xF9, 0xE8, 0x5A, 0x62, 0xD7, 0xE0, 0xF6,
    0x6C, 0xFC, 0xEF, 0x6D, 0xE5, 0xDB, 0xF9, 0x5D, 0x7A, 0xFF, 0xFB, 0x67, 0xF8, 0xE4, 0x73, 0x5D,
    0x6E, 0x74, 0x6C, 0x6E, 0xDF, 0xFD, 0x5C, 0x5E, 0xDD, 0xEA, 0x6C, 0x7A, 0xEC, 0x6C, 0xFF, 0xDE,
    0x7E, 0x5C, 0x7A, 0xDC, 0xEC, 0x69, 0x61, 0x67, 0xDF, 0xEE, 0xED, 0xF9, 0x5D, 0x6F, 0xE1, 0xDF,
    0x65, 0x56, 0xED, 0xDF, 0xFA, 0x7A, 0x76, 0x5D, 0x79, 0xDD, 0xD9, 0x66, 0x5A, 0x65, 0xED, 0xE5,
    0xE8, 0x6C, 0x6C, 0x78, 0x79, 0xF1, 0x73, 0x63, 0x6F, 0xDE, 0xED, 0x5E, 0x69, 0x7E, 0xEB, 0xE4,
    0x76, 0x5C, 0x5C, 0xEA, 0xD6, 0xE8, 0x62, 0x59, 0x66, 0xE9, 0xE1, 0xF6, 0x6E, 0x5E, 0x72, 0xE3,
    0xED, 0x74, 0x65, 0xEF, 0xF2, 0x6A, 0x63, 0xE5, 0xE3, 0xF3, 0x69, 0x5D, 0x66, 0xEE, 0xDA, 0xED,
    0x64, 0x5E, 0x75, 0xF5, 0xE9, 0x7D, 0x6C, 0x7C, 0xF9, 0x6C, 0x6B, 0x71, 0xF0, 0xED, 0x7B, 0x6B,
    0x7A, 0x79, 0xEC, 0xF5, 0x78, 0x74, 0xF4, 0xF9, 0xEB, 0x75, 0x70, 0x7B, 0xE8, 0xE6, 0xF6, 0x72,
    0x69, 0x6D, 0xEF, 0xEA, 0xFA, 0x6E, 0x66, 0x72, 0xF8, 0x72, 0x77, 0xF7, 0xEE, 0x75, 0x6D, 0x75,
    0x7A, 0xF0, 0xED, 0xEA, 0xFD, 0x79, 0x67, 0xF4, 0xEA, 0xEA, 0xF2, 0x74, 0x75, 0x6F, 0xF1, 0xE5,
    0xF8, 0x73, 0x6B, 0x7D, 0xFE, 0x76, 0x7E, 0xF5, 0xEE, 0x72, 0x5E, 0x74, 0xF9, 0xE8, 0xE7, 0x7C,
    0x62, 0x68, 0xE7, 0xE0, 0xE9, 0x78, 0x68, 0xFE, 0xEC, 0xE5, 0xEB, 0x77, 0x7A, 0xF0, 0xEC, 0x75,
    0x6C, 0xEB, 0xE1, 0xF8, 0x63, 0x67, 0x7E, 0xE5, 0xE5, 0x79, 0x5F, 0x60, 0xFB, 0xDF, 0xEA, 0x67,
    0x62, 0x74, 0xF3, 0xFC, 0x75, 0x75, 0x72, 0x7D, 0xF0, 0xF4, 0x71, 0x7C, 0xED, 0xEF, 0x7A, 0x78,
    0xEF, 0xEA, 0xE8, 0xF3, 0x75, 0x6E, 0x7A, 0xEB, 0xE3, 0xF8, 0x6C, 0x6F, 0x7B, 0xF2, 0xF3, 0x7C,
    0x74, 0x79, 0x7E, 0xF9, 0xFC, 0xF9, 0xF9, 0xF3, 0xFB, 0x6E, 0x7A, 0xEE, 0xEB, 0xF6, 0x6F, 0x69,
    0x7A, 0xEB, 0xEA, 0xF1, 0x76, 0x74, 0x79, 0xFC, 0xF3, 0xF2, 0xF8, 0x7B, 0x75, 0x73, 0x71, 0xFB,
    0xF5, 0x7B, 0x75, 0x6C, 0x7B, 0xEE, 0xEB, 0x73, 0x68, 0x6D, 0x7D, 0xEF, 0xFB, 0x6E, 0x64, 0x6E,
    0xFC, 0xF2, 0x7C, 0x6D, 0x6B, 0x7D, 0xF4, 0xFD, 0x76, 0x78, 0xFD, 0x72, 0x6D, 0x6F, 0xF9, 0xEE,
    0xF9, 0x75, 0x6C, 0x78, 0xF0, 0xE6, 0xE8, 0x7D, 0x6D, 0xFE, 0xE9, 0xE4, 0xEE, 0xF6, 0xFF, 0xF9,
    0xEC, 0xE5, 0xE2, 0xF3, 0x7A, 0xF2, 0xE7, 0xEB, 0xF9, 0xFE, 0xFF, 0xFC, 0xF4, 0xFA, 0x72, 0x6D,
    0x7B, 0xFA, 0x77, 0x6C, 0x6A, 0x7A, 0xFD, 0x74, 0x6B, 0x6B, 0x70, 0x74, 0x70, 0x6A, 0x67, 0x68,
    0x6F, 0x70, 0x6C, 0x67, 0x63, 0x69, 0x69, 0x6B, 0x6D, 0x6A, 0x60, 0x5F, 0x69, 0x7D, 0xFF, 0x6E,
    0x62, 0x61, 0x6F, 0xF9, 0xF2, 0xFE, 0x6F, 0x75, 0xEE, 0xE4, 0xE4, 0xEB, 0xEB, 0xE5, 0xDF, 0xDE,
    0xDF, 0xDE, 0xDD, 0xDC, 0xDE, 0xDF, 0xDD, 0xD9, 0xD8, 0xDF, 0xE8, 0xE0, 0xD9, 0xDC, 0xE0, 0xED,
    0xEC, 0xE5, 0xDF, 0xE7, 0xFB, 0x7E, 0xF4, 0xF2, 0x7A, 0x6A, 0x64, 0x6A, 0x6C, 0x64, 0x5C, 0x59,
    0x59, 0x5A, 0x59, 0x55, 0x51, 0x50, 0x51, 0x51, 0x52, 0x4F, 0x4D, 0x4D, 0x4E, 0x50, 0x50, 0x4E,
    0x4E, 0x4F, 0x54, 0x57, 0x58, 0x56, 0x5A, 0x63, 0x6A, 0x6E, 0x78, 0xF4, 0xE6, 0xDE, 0xDA, 0xD7,
    0xD3, 0xCE, 0xCB, 0xCA, 0xC9, 0xC7, 0xC4, 0xC3, 0xC3, 0xC2, 0xC1, 0xC0, 0xC1, 0xC2, 0xC3, 0xC4,
    0xC4, 0xC5, 0xC7, 0xCA, 0xCC, 0xCE, 0xD0, 0xD6, 0xDD, 0xE5, 0xEF, 0x74, 0x61, 0x5A, 0x56, 0x53,
    0x4E, 0x4A, 0x48, 0x47, 0x47, 0x45, 0x41, 0x3E, 0x3E, 0x3E, 0x3E, 0x3D, 0x3B, 0x3B, 0x3B, 0x3C,
    0x3C, 0x3B, 0x3B, 0x3B, 0x3D, 0x3E, 0x43, 0x45, 0x46, 0x49, 0x4E, 0x5A, 0x6A, 0xF4, 0xE4, 0xDC,
    0xCE, 0xC8, 0xC0, 0xBE, 0xBC, 0xBB, 0xB9, 0xB6, 0xB4, 0xB3, 0xB2, 0xB2, 0xB2, 0xB3, 0xB3, 0xB4,
    0xB5, 0xB7, 0xB9, 0xBC, 0xBF, 0xC0, 0xC3, 0xC7, 0xCE, 0xDC, 0xEA, 0xF1, 0xF7, 0x6C, 0x5A, 0x4F,
    0x4D, 0x4D, 0x4C, 0x49, 0x45, 0x42, 0x41, 0x41, 0x40, 0x3F, 0x3E, 0x3D, 0x3C, 0x3B, 0x3A, 0x3A,
    0x39, 0x38, 0x36, 0x35, 0x34, 0x35, 0x38, 0x3B, 0x3B, 0x39, 0x39, 0x3E, 0x46, 0x4E, 0x53, 0x51,
    0x5B, 0xFD, 0xCF, 0xC7, 0xC5, 0xC2, 0xBF, 0xB9, 0xB7, 0xB4, 0xB3, 0xB3, 0xB1, 0xB1, 0xB1, 0xB1,
    0xB3, 0xB3, 0xB5, 0xB7, 0xBA, 0xBC, 0xBD, 0xC0, 0xC6, 0xCC, 0xD1, 0xD6, 0xD9, 0xDD, 0xED, 0x77,
    0x77, 0xF8, 0xF2, 0x70, 0x60, 0x5E, 0x62, 0x63, 0x5D, 0x56, 0x51, 0x4E, 0x4E, 0x4D, 0x49, 0x44,
    0x40, 0x3F, 0x3E, 0x3B, 0x38, 0x35, 0x33, 0x31, 0x2F, 0x2E, 0x2E, 0x31, 0x34, 0x33, 0x2F, 0x32,
    0x38, 0x3E, 0x45, 0x46, 0x48, 0x4F, 0xFB, 0xCE, 0xC6, 0xC3, 0xBF, 0xBB, 0xB5, 0xB1, 0xAF, 0xAF,
    0xAE, 0xAF, 0xAE, 0xAE, 0xAF, 0xAF, 0xB2, 0xB4, 0xB9, 0xBC, 0xBD, 0xBE, 0xC1, 0xCB, 0xDB, 0xED,
    0xF2, 0xE6, 0xEA, 0x6F, 0x57, 0x54, 0x5D, 0x76, 0xF9, 0x71, 0x65, 0x61, 0x6B, 0xF6, 0xEB, 0xF9,
    0x66, 0x5C, 0x59, 0x57, 0x55, 0x4E, 0x48, 0x41, 0x3D, 0x3B, 0x38, 0x36, 0x33, 0x2F, 0x2D, 0x2B,
    0x2D, 0x32, 0x33, 0x2F, 0x2C, 0x2F, 0x35, 0x3F, 0x44, 0x42, 0x41, 0x4D, 0xDF, 0xC5, 0xBF, 0xBE,
    0xBD, 0xB7, 0xB0, 0xAD, 0xAC, 0xAC, 0xAD, 0xAD, 0xAC, 0xAD, 0xAD, 0xAF, 0xB0, 0xB5, 0xBA, 0xBE,
    0xBF, 0xC2, 0xC8, 0xD7, 0xF5, 0x65, 0x67, 0x6F, 0x60, 0x56, 0x4E, 0x53, 0x59, 0x61, 0x68, 0x64,
    0x69, 0x74, 0xEB, 0xE1, 0xE0, 0xE8, 0xEE, 0xF7, 0x7C, 0x69, 0x5B, 0x54, 0x4C, 0x47, 0x40, 0x3C,
    0x38, 0x35, 0x32, 0x2F, 0x2C, 0x2B, 0x2C, 0x2F, 0x32, 0x2E, 0x2B, 0x2C, 0x33, 0x3E, 0x43, 0x43,
    0x3E, 0x4A, 0xF3, 0xC3, 0xBD, 0xBD, 0xBD, 0xB7, 0xAF, 0xAC, 0xAB, 0xAB, 0xAC, 0xAC, 0xAC, 0xAC,
    0xAD, 0xAF, 0xB0, 0xB5, 0xBA, 0xBE, 0xC0, 0xC4, 0xCB, 0xDD, 0x69, 0x55, 0x56, 0x5E, 0x5A, 0x4F,
    0x47, 0x49, 0x4F, 0x5E, 0x63, 0x5E, 0x5B, 0x67, 0xE9, 0xD9, 0xD9, 0xDE, 0xDE, 0xDC, 0xDB, 0xE4,
    0xF7, 0x6B, 0x5C, 0x50, 0x49, 0x41, 0x3D, 0x39, 0x35, 0x31, 0x2E, 0x2B, 0x2A, 0x2C, 0x31, 0x31,
    0x2C, 0x29, 0x2C, 0x35, 0x3F, 0x42, 0x3E, 0x3C, 0x46, 0xE0, 0xC0, 0xBD, 0xC0, 0xBE, 0xB7, 0xAE,
    0xAB, 0xAB, 0xAB, 0xAC, 0xAC, 0xAC, 0xAB, 0xAC, 0xAE, 0xB0, 0xB4, 0xBB, 0xBF, 0xC2, 0xC4, 0xCD,
    0xE8, 0x59, 0x4E, 0x54, 0x58, 0x56, 0x4A, 0x43, 0x44, 0x4D, 0x5D, 0x63, 0x5A, 0x55, 0x5E, 0xE8,
    0xD3, 0xCF, 0xD6, 0xDB, 0xDA, 0xD3, 0xD1, 0xD7, 0xE8, 0x6F, 0x5B, 0x4F, 0x49, 0x43, 0x3D, 0x39,
    0x33, 0x2F, 0x2C, 0x2A, 0x2A, 0x2F, 0x32, 0x2F, 0x29, 0x29, 0x2E, 0x3B, 0x46, 0x3F, 0x3B, 0x3C,
    0x54, 0xC9, 0xBC, 0xBE, 0xC3, 0xBD, 0xB2, 0xAC, 0xAA, 0xAB, 0xAC, 0xAC, 0xAB, 0xAA, 0xAB, 0xAD,
    0xAF, 0xB2, 0xB7, 0xBC, 0xBF, 0xC3, 0xC9, 0xD6, 0x67, 0x4F, 0x4C, 0x54, 0x56, 0x4C, 0x44, 0x40,
    0x48, 0x53, 0x62, 0x58, 0x55, 0x5A, 0xFF, 0xD9, 0xCF, 0xCE, 0xCF, 0xCE, 0xCD, 0xCB, 0xCD, 0xCF,
    0xD8, 0xE7, 0x68, 0x59, 0x4F, 0x48, 0x3E, 0x38, 0x33, 0x30, 0x2E, 0x2B, 0x28, 0x2A, 0x2F, 0x32,
    0x2D, 0x28, 0x2A, 0x31, 0x41, 0x47, 0x3F, 0x3A, 0x40, 0xE3, 0xBD, 0xB8, 0xBE, 0xBF, 0xB7, 0xAD,
    0xA9, 0xA9, 0xAB, 0xAC, 0xAB, 0xAA, 0xAA, 0xAC, 0xAE, 0xB0, 0xB3, 0xBA, 0xC1, 0xC9, 0xCC, 0xCF,
    0xE7, 0x52, 0x44, 0x43, 0x4B, 0x4F, 0x49, 0x3E, 0x3D, 0x45, 0x55, 0x60, 0x5A, 0x54, 0x5B, 0xEC,
    0xD1, 0xCC, 0xCD, 0xCD, 0xCC, 0xC9, 0xC9, 0xCC, 0xCF, 0xD7, 0xE5, 0x6A, 0x57, 0x4C, 0x44, 0x3D,
    0x38, 0x33, 0x2F, 0x2C, 0x29, 0x28, 0x2B, 0x31, 0x31, 0x2B, 0x27, 0x2A, 0x36, 0x44, 0x4A, 0x3E,
    0x3B, 0x46, 0xD6, 0xBB, 0xB6, 0xBC, 0xBD, 0xB6, 0xAC, 0xA9, 0xA8, 0xAA, 0xAC, 0xAB, 0xAB, 0xAB,
    0xAD, 0xAE, 0xB2, 0xB6, 0xBD, 0xC4, 0xCB, 0xCE, 0xDF, 0x64, 0x4C, 0x45, 0x44, 0x46, 0x48, 0x44,
    0x3F, 0x3F, 0x45, 0x4F, 0x58, 0x5C, 0x5F, 0x71, 0xE1, 0xD0, 0xCB, 0xCA, 0xC9, 0xC7, 0xC5, 0xC6,
    0xC9, 0xCD, 0xD0, 0xDB, 0xF9, 0x5A, 0x4C, 0x43, 0x3E, 0x39, 0x34, 0x2F, 0x2C, 0x2A, 0x27, 0x28,
    0x2E, 0x32, 0x2E, 0x27, 0x27, 0x2F, 0x3E, 0x4D, 0x48, 0x3C, 0x3D, 0x65, 0xBE, 0xB4, 0xB7, 0xBC,
    0xB9, 0xAE, 0xA9, 0xA7, 0xA9, 0xAA, 0xAC, 0xAB, 0xAA, 0xAC, 0xAE, 0xB0, 0xB3, 0xBA, 0xC4, 0xCE,
    0xD3, 0xD9, 0xED, 0x55, 0x43, 0x3D, 0x3F, 0x48, 0x4C, 0x43, 0x3E, 0x3E, 0x48, 0x5A, 0x6A, 0x72,
    0x6B, 0xEA, 0xD2, 0xC8, 0xC6, 0xC7, 0xC4, 0xC0, 0xC0, 0xC4, 0xC9, 0xCC, 0xCE, 0xD8, 0xFA, 0x54,
    0x47, 0x40, 0x3D, 0x38, 0x32, 0x2D, 0x2B, 0x28, 0x27, 0x29, 0x2E, 0x31, 0x2C, 0x27, 0x28, 0x2F,
    0x41, 0x4C, 0x49, 0x3F, 0x43, 0xF6, 0xBE, 0xB4, 0xB5, 0xB7, 0xB4, 0xAD, 0xA9, 0xA8, 0xA8, 0xA9,
    0xAA, 0xAA, 0xAB, 0xAD, 0xAF, 0xB1, 0xB4, 0xBA, 0xC7, 0xDC, 0xE9, 0xE7, 0x7E, 0x53, 0x42, 0x3C,
    0x3D, 0x43, 0x48, 0x45, 0x42, 0x42, 0x49, 0x53, 0x62, 0x79, 0xE9, 0xD6, 0xCC, 0xC9, 0xC7, 0xC4,
    0xBF, 0xBE, 0xBF, 0xC4, 0xCA, 0xCD, 0xCE, 0xD7, 0xF9, 0x54, 0x47, 0x3F, 0x3A, 0x36, 0x31, 0x2D,
    0x2A, 0x27, 0x25, 0x28, 0x2E, 0x32, 0x2D, 0x28, 0x28, 0x2E, 0x3F, 0x4E, 0x4E, 0x41, 0x47, 0xEE,
    0xBD, 0xB5, 0xB5, 0xB6, 0xB2, 0xAD, 0xAA, 0xA9, 0xAA, 0xAA, 0xAA, 0xA9, 0xAC, 0xAF, 0xB3, 0xB3,
    0xB3, 0xB9, 0xCA, 0xFC, 0x66, 0xFE, 0x7B, 0x51, 0x40, 0x3B, 0x3D, 0x42, 0x46, 0x41, 0x3F, 0x44,
    0x4D, 0x59, 0x5C, 0x65, 0xF4, 0xCF, 0xC6, 0xC4, 0xC7, 0xC8, 0xC1, 0xBC, 0xBB, 0xBF, 0xC8, 0xCD,
    0xCE, 0xD1, 0xE5, 0x5D, 0x4B, 0x43, 0x3D, 0x38, 0x31, 0x2E, 0x2C, 0x2A, 0x27, 0x25, 0x27, 0x2D,
    0x32, 0x2D, 0x2A, 0x29, 0x31, 0x3F, 0x57, 0x55, 0x4D, 0x53, 0xDA, 0xBD, 0xB4, 0xB3, 0xB2, 0xAE,
    0xAB, 0xAA, 0xAA, 0xAA, 0xAA, 0xA9, 0xAA, 0xAD, 0xB2, 0xB6, 0xB6, 0xB6, 0xBC, 0xCD, 0xF9, 0x5E,
    0x5C, 0x54, 0x4B, 0x42, 0x3F, 0x3E, 0x3E, 0x3F, 0x3F, 0x45, 0x4D, 0x58, 0x5A, 0x5A, 0x66, 0xDF,
    0xCB, 0xC3, 0xC2, 0xC6, 0xC5, 0xC0, 0xBD, 0xBD, 0xC0, 0xC7, 0xCB, 0xCF, 0xDD, 0x6D, 0x53, 0x49,
    0x42, 0x3D, 0x37, 0x30, 0x2D, 0x2C, 0x2A, 0x27, 0x25, 0x28, 0x2E, 0x32, 0x2E, 0x2A, 0x2B, 0x32,
    0x40, 0x54, 0x5A, 0x4E, 0x5B, 0xD2, 0xBC, 0xB6, 0xB6, 0xB3, 0xAE, 0xAB, 0xAA, 0xAC, 0xAC, 0xAB,
    0xA9, 0xA9, 0xAD, 0xB3, 0xB8, 0xB8, 0xB8, 0xBD, 0xCA, 0xE3, 0x6E, 0x5D, 0x51, 0x48, 0x42, 0x41,
    0x44, 0x45, 0x42, 0x3F, 0x41, 0x4B, 0x5D, 0x76, 0x76, 0x7C, 0xE4, 0xCF, 0xC5, 0xC1, 0xC1, 0xC0,
    0xBE, 0xBE, 0xBF, 0xC3, 0xC6, 0xC7, 0xCB, 0xD6, 0x7C, 0x56, 0x4B, 0x45, 0x3E, 0x39, 0x33, 0x2F,
    0x2D, 0x2B, 0x29, 0x27, 0x27, 0x2B, 0x30, 0x31, 0x2E, 0x2C, 0x2F, 0x39, 0x48, 0x57, 0x5A, 0x63,
    0xDE, 0xC5, 0xBB, 0xB9, 0xB6, 0xB0, 0xAC, 0xAA, 0xAB, 0xAD, 0xAD, 0xAC, 0xAA, 0xAB, 0xAF, 0xB5,
    0xB9, 0xBB, 0xBD, 0xC6, 0xD5, 0xEB, 0x6E, 0x5C, 0x4D, 0x44, 0x3F, 0x42, 0x48, 0x4A, 0x47, 0x45,
    0x49, 0x52, 0x67, 0xFE, 0xEB, 0xDD, 0xD0, 0xCA, 0xC6, 0xC6, 0xC4, 0xC0, 0xBE, 0xBE, 0xC2, 0xC8,
    0xCB, 0xCD, 0xD4, 0xE8, 0x63, 0x52, 0x4A, 0x42, 0x3B, 0x36, 0x32, 0x2F, 0x2E, 0x2C, 0x29, 0x28,
    0x29, 0x2D, 0x32, 0x32, 0x2F, 0x2F, 0x32, 0x3A, 0x44, 0x51, 0x5C, 0xFF, 0xD2, 0xC5, 0xBE, 0xBD,
    0xB9, 0xB1, 0xAD, 0xAB, 0xAC, 0xAE, 0xAE, 0xAD, 0xAD, 0xAE, 0xB0, 0xB4, 0xB7, 0xBA, 0xBF, 0xCB,
    0xDB, 0xE9, 0xF1, 0x6C, 0x53, 0x47, 0x42, 0x44, 0x49, 0x4A, 0x49, 0x4A, 0x4F, 0x59, 0x61, 0x6A,
    0xFB, 0xDC, 0xCE, 0xC8, 0xC7, 0xC8, 0xC7, 0xC3, 0xC0, 0xC0, 0xC3, 0xC7, 0xCA, 0xCE, 0xD8, 0xEF,
    0x60, 0x53, 0x4C, 0x46, 0x3E, 0x39, 0x34, 0x30, 0x2F, 0x2D, 0x2B, 0x2A, 0x29, 0x2B, 0x2F, 0x32,
    0x32, 0x30, 0x31, 0x37, 0x3E, 0x48, 0x4E, 0x62, 0xDF, 0xC8, 0xBF, 0xBE, 0xBD, 0xB8, 0xB0, 0xAD,
    0xAC, 0xAD, 0xAD, 0xAD, 0xAD, 0xAE, 0xB0, 0xB4, 0xB5, 0xB6, 0xBA, 0xC1, 0xCF, 0xDF, 0xEA, 0xF6,
    0x63, 0x50, 0x49, 0x48, 0x4A, 0x4A, 0x47, 0x47, 0x4C, 0x5B, 0x69, 0x6C, 0x6B, 0xFD, 0xDB, 0xCE,
    0xC9, 0xC8, 0xC7, 0xC4, 0xC2, 0xC3, 0xC7, 0xCA, 0xCB, 0xCB, 0xCE, 0xDB, 0x77, 0x58, 0x4C, 0x46,
    0x40, 0x3C, 0x37, 0x34, 0x31, 0x2E, 0x2C, 0x2A, 0x29, 0x2A, 0x2D, 0x31, 0x33, 0x32, 0x33, 0x36,
    0x3A, 0x40, 0x48, 0x57, 0xF5, 0xCD, 0xC3, 0xBF, 0xBE, 0xBB, 0xB5, 0xB0, 0xAE, 0xAD, 0xAD, 0xAD,
    0xAE, 0xAF, 0xB1, 0xB5, 0xB6, 0xB6, 0xB8, 0xBD, 0xC8, 0xD7, 0xEB, 0x72, 0x60, 0x57, 0x50, 0x4E,
    0x4C, 0x4A, 0x47, 0x47, 0x4A, 0x52, 0x5F, 0x6F, 0xF4, 0xE6, 0xDA, 0xD2, 0xCE, 0xCB, 0xC7, 0xC3,
    0xBF, 0xBF, 0xC2, 0xC6, 0xCA, 0xCD, 0xD1, 0xD9, 0xE8, 0x76, 0x5B, 0x4C, 0x42, 0x3C, 0x39, 0x36,
    0x33, 0x2F, 0x2E, 0x2C, 0x2B, 0x29, 0x29, 0x2C, 0x2F, 0x33, 0x34, 0x35, 0x38, 0x3C, 0x43, 0x4A,
    0x57, 0xF5, 0xCB, 0xBE, 0xBA, 0xBA, 0xB9, 0xB4, 0xAF, 0xAD, 0xAD, 0xAC, 0xAC, 0xAC, 0xAE, 0xB1,
    0xB6, 0xB8, 0xB9, 0xBA, 0xBE, 0xC8, 0xD7, 0xE9, 0x6A, 0x55, 0x4C, 0x49, 0x4A, 0x4D, 0x4D, 0x4A,
    0x49, 0x4B, 0x51, 0x5E, 0x74, 0xE9, 0xD9, 0xCE, 0xCB, 0xCA, 0xC9, 0xC6, 0xC1, 0xBF, 0xBE, 0xBF,
    0xC2, 0xC6, 0xCA, 0xD1, 0xDE, 0xFE, 0x64, 0x57, 0x4C, 0x43, 0x3D, 0x39, 0x35, 0x31, 0x2E, 0x2D,
    0x2C, 0x2A, 0x29, 0x29, 0x2B, 0x2F, 0x32, 0x34, 0x35, 0x38, 0x3E, 0x44, 0x4C, 0x5A, 0xE9, 0xC8,
    0xBD, 0xB9, 0xB8, 0xB7, 0xB3, 0xAF, 0xAD, 0xAD, 0xAD, 0xAC, 0xAC, 0xAD, 0xB1, 0xB6, 0xB9, 0xBB,
    0xBD, 0xC3, 0xCC, 0xD8, 0xEF, 0x64, 0x4F, 0x48, 0x44, 0x46, 0x49, 0x49, 0x49, 0x4A, 0x4E, 0x58,
    0x5E, 0x6C, 0xED, 0xD7, 0xCB, 0xC7, 0xC5, 0xC4, 0xC2, 0xBF, 0xBE, 0xBF, 0xC1, 0xC2, 0xC4, 0xC8,
    0xCF, 0xE1, 0x6D, 0x5B, 0x4F, 0x47, 0x3F, 0x3B, 0x37, 0x34, 0x2F, 0x2D, 0x2B, 0x2A, 0x28, 0x28,
    0x28, 0x2B, 0x2F, 0x33, 0x35, 0x37, 0x3A, 0x3F, 0x47, 0x50, 0x68, 0xDA, 0xC3, 0xBA, 0xB6, 0xB5,
    0xB4, 0xB0, 0xAE, 0xAD, 0xAD, 0xAC, 0xAC, 0xAC, 0xAD, 0xB1, 0xB6, 0xBB, 0xBD, 0xC1, 0xC8, 0xD2,
    0xDF, 0x77, 0x5C, 0x4C, 0x44, 0x40, 0x41, 0x44, 0x47, 0x49, 0x4C, 0x54, 0x5F, 0x6C, 0x7E, 0xE4,
    0xD4, 0xC9, 0xC3, 0xBF, 0xBE, 0xBD, 0xBD, 0xBD, 0xBE, 0xC0, 0xC2, 0xC4, 0xC8, 0xCF, 0xDE, 0x73,
    0x59, 0x4C, 0x43, 0x3C, 0x39, 0x35, 0x32, 0x2E, 0x2C, 0x2A, 0x29, 0x28, 0x27, 0x27, 0x2A, 0x2E,
    0x33, 0x36, 0x39, 0x3D, 0x44, 0x4B, 0x56, 0x6C, 0xD6, 0xC1, 0xB8, 0xB3, 0xB2, 0xB1, 0xAF, 0xAE,
    0xAD, 0xAD, 0xAD, 0xAC, 0xAC, 0xAD, 0xB1, 0xB7, 0xBC, 0xBF, 0xC7, 0xD0, 0xE0, 0xFA, 0x6A, 0x58,
    0x4C, 0x44, 0x41, 0x41, 0x45, 0x47, 0x49, 0x4D, 0x59, 0x72, 0xEC, 0xE3, 0xDB, 0xCF, 0xC9, 0xC4,
    0xC1, 0xBF, 0xBD, 0xBC, 0xBC, 0xBD, 0xC0, 0xC4, 0xC8, 0xCD, 0xD9, 0xEF, 0x65, 0x55, 0x4A, 0x41,
    0x3B, 0x37, 0x34, 0x30, 0x2E, 0x2C, 0x2B, 0x2A, 0x29, 0x28, 0x28, 0x2A, 0x2E, 0x33, 0x36, 0x39,
    0x3E, 0x48, 0x4F, 0x59, 0x67, 0xDE, 0xC6, 0xBB, 0xB6, 0xB4, 0xB2, 0xAF, 0xAE, 0xAD, 0xAE, 0xAE,
    0xAE, 0xAD, 0xAE, 0xB0, 0xB5, 0xB9, 0xBC, 0xC1, 0xCB, 0xDA, 0xE8, 0xFA, 0x6C, 0x58, 0x4C, 0x48,
    0x48, 0x48, 0x48, 0x49, 0x4D, 0x5B, 0x7D, 0xE7, 0xDF, 0xD8, 0xCF, 0xCA, 0xC7, 0xC6, 0xC4, 0xBF,
    0xBE, 0xBE, 0xBF, 0xC3, 0xC6, 0xCA, 0xD1, 0xE2, 0x72, 0x5B, 0x50, 0x49, 0x41, 0x3C, 0x38, 0x35,
    0x31, 0x2F, 0x2D, 0x2C, 0x2B, 0x2A, 0x29, 0x29, 0x2B, 0x2F, 0x34, 0x37, 0x3A, 0x3E, 0x48, 0x4F,
    0x57, 0x64, 0xE0, 0xC9, 0xBD, 0xB9, 0xB6, 0xB3, 0xB0, 0xAF, 0xAE, 0xAF, 0xAF, 0xAE, 0xAE, 0xAF,
    0xB1, 0xB5, 0xB8, 0xBB, 0xBF, 0xC8, 0xD0, 0xDA, 0xE3, 0xFB, 0x61, 0x55, 0x4F, 0x4F, 0x4E, 0x4D,
    0x4D, 0x51, 0x5D, 0x6F, 0xFA, 0xE9, 0xDA, 0xCF, 0xCB, 0xCA, 0xCA, 0xC8, 0xC5, 0xC2, 0xC3, 0xC4,
    0xC6, 0xC7, 0xCB, 0xD4, 0xE9, 0x6C, 0x5C, 0x53, 0x4B, 0x44, 0x3E, 0x3B, 0x38, 0x34, 0x30, 0x2E,
    0x2D, 0x2D, 0x2D, 0x2B, 0x2B, 0x2C, 0x2F, 0x34, 0x37, 0x39, 0x3D, 0x46, 0x4D, 0x53, 0x5A, 0x7A,
    0xD2, 0xC4, 0xBE, 0xBB, 0xB8, 0xB4, 0xB1, 0xB0, 0xB1, 0xB2, 0xB1, 0xAF, 0xAF, 0xB2, 0xB5, 0xB7,
    0xB9, 0xBC, 0xC1, 0xC9, 0xCF, 0xD5, 0xDD, 0xF3, 0x67, 0x5D, 0x5C, 0x5A, 0x55, 0x51, 0x54, 0x5C,
    0x69, 0x7B, 0xF2, 0xE2, 0xD8, 0xD0, 0xCF, 0xCF, 0xCE, 0xCC, 0xCA, 0xCA, 0xCB, 0xCC, 0xCD, 0xD1,
    0xDB, 0xF1, 0x66, 0x59, 0x52, 0x4C, 0x45, 0x3F, 0x3D, 0x3B, 0x39, 0x36, 0x32, 0x31, 0x30, 0x2F,
    0x2E, 0x2E, 0x2E, 0x31, 0x36, 0x39, 0x3B, 0x3E, 0x44, 0x4A, 0x4E, 0x52, 0x5C, 0xF7, 0xD5, 0xCA,
    0xC4, 0xBF, 0xBC, 0xB8, 0xB7, 0xB7, 0xB7, 0xB7, 0xB5, 0xB5, 0xB5, 0xB7, 0xB8, 0xB9, 0xBA, 0xBE,
    0xC3, 0xC9, 0xCC, 0xCE, 0xD5, 0xDE, 0xEA, 0xED, 0xEF, 0xFF, 0x6B, 0x64, 0x68, 0x74, 0xFA, 0xF3,
    0xEC, 0xDF, 0xD9, 0xD6, 0xD6, 0xD7, 0xD5, 0xD2, 0xD2, 0xD4, 0xD7, 0xD9, 0xDA, 0xDE, 0xEC, 0x6F,
    0x5E, 0x57, 0x50, 0x4C, 0x47, 0x44, 0x42, 0x3F, 0x3D, 0x3B, 0x39, 0x38, 0x37, 0x37, 0x36, 0x35,
    0x36, 0x37, 0x3A, 0x3C, 0x3E, 0x3F, 0x44, 0x49, 0x4C, 0x4F, 0x52, 0x5B, 0x6D, 0xEA, 0xDA, 0xD1,
    0xCC, 0xC7, 0xC2, 0xC0, 0xBF, 0xBE, 0xBE, 0xBC, 0xBC, 0xBC, 0xBC, 0xBD, 0xBD, 0xBE, 0xC0, 0xC3,
    0xC6, 0xC7, 0xC9, 0xCC, 0xCF, 0xD2, 0xD3, 0xD6, 0xDA, 0xDE, 0xDF, 0xDE, 0xDD, 0xDD, 0xDC, 0xDA,
    0xD8, 0xD6, 0xD7, 0xD9, 0xDB, 0xDC, 0xDD, 0xDE, 0xE2, 0xE6, 0xE7, 0xEA, 0xF7, 0x6F, 0x64, 0x5C,
    0x58, 0x54, 0x4F, 0x4D, 0x4B, 0x4A, 0x48, 0x46, 0x44, 0x43, 0x41, 0x40, 0x40, 0x3F, 0x3F, 0x3F,
    0x3F, 0x3F, 0x40, 0x41, 0x44, 0x47, 0x49, 0x4A, 0x4C, 0x4F, 0x53, 0x57, 0x5A, 0x5E, 0x6C, 0xF6,
    0xE9, 0xE0, 0xDA, 0xD4, 0xCF, 0xCD, 0xCC, 0xCA, 0xC9, 0xC7, 0xC6, 0xC6, 0xC5, 0xC5, 0xC5, 0xC6,
    0xC7, 0xC8, 0xC9, 0xC9, 0xCA, 0xCB, 0xCB, 0xCC, 0xCC, 0xCC, 0xCE, 0xCF, 0xCF, 0xCF, 0xD1, 0xD3,
    0xD5, 0xD5, 0xD5, 0xD8, 0xDB, 0xDE, 0xDE, 0xE1, 0xE6, 0xEC, 0xF5, 0x7E, 0x7A, 0x6F, 0x66, 0x5E,
    0x5C, 0x5B, 0x58, 0x54, 0x50, 0x4F, 0x4F, 0x4D, 0x4C, 0x4B, 0x4A, 0x4A, 0x49, 0x48, 0x48, 0x49,
    0x49, 0x48, 0x47, 0x48, 0x48, 0x48, 0x4A, 0x4A, 0x4C, 0x4D, 0x4E, 0x4F, 0x51, 0x53, 0x56, 0x59,
    0x5D, 0x61, 0x6A, 0x76, 0xFA, 0xEC, 0xE5, 0xDF, 0xDC, 0xD8, 0xD5, 0xD2, 0xCF, 0xCE, 0xCC, 0xCC,
    0xCB, 0xCB, 0xCB, 0xCA, 0xCA, 0xCA, 0xCB, 0xCB, 0xCB, 0xCB, 0xCC, 0xCC, 0xCD, 0xCE, 0xCF, 0xD0,
    0xD3, 0xD4, 0xD6, 0xD7, 0xD9, 0xDB, 0xDE, 0xE1, 0xE5, 0xEA, 0xF0, 0xFA, 0x7B, 0x74, 0x6C, 0x66,
    0x64, 0x61, 0x5F, 0x5C, 0x59, 0x58, 0x56, 0x56, 0x55, 0x54, 0x53, 0x52, 0x51, 0x51, 0x50, 0x50,
    0x50, 0x50, 0x51, 0x51, 0x51, 0x52, 0x53, 0x54, 0x54, 0x55, 0x57, 0x58, 0x5A, 0x5A, 0x5B, 0x5D,
    0x5F, 0x63, 0x67, 0x6B, 0x6F, 0x76, 0x7D, 0xF8, 0xEF, 0xEC, 0xE9, 0xE5, 0xE1, 0xDE, 0xDD, 0xDB,
    0xDA, 0xD8, 0xD7, 0xD6, 0xD6, 0xD5, 0xD4, 0xD4, 0xD4, 0xD5, 0xD5, 0xD5, 0xD5, 0xD6, 0xD7, 0xD8,
    0xD9, 0xD9, 0xDB, 0xDC, 0xDE, 0xDF, 0xE3, 0xE5, 0xE9, 0xEB, 0xEE, 0xF1, 0xF7, 0xFD, 0x7B, 0x74,
    0x6F, 0x6D, 0x6A, 0x68, 0x67, 0x66, 0x65, 0x63, 0x62, 0x60, 0x5F, 0x5F, 0x5E, 0x5E, 0x5E, 0x5E,
    0x5E, 0x5D, 0x5D, 0x5D, 0x5D, 0x5E, 0x5E, 0x5E, 0x5E, 0x5E, 0x5F, 0x60, 0x62, 0x63, 0x64, 0x66,
    0x68, 0x6A, 0x6B, 0x6D, 0x70, 0x74, 0x77, 0x7B, 0xFF, 0xFB, 0xF6, 0xF2, 0xEF, 0xEE, 0xEC, 0xEA,
    0xE9, 0xE8, 0xE7, 0xE6, 0xE5, 0xE4, 0xE3, 0xE3, 0xE3, 0xE3, 0xE3, 0xE4, 0xE5, 0xE5, 0xE5, 0xE6,
    0xE7, 0xE7, 0xE8, 0xEA, 0xEB, 0xED, 0xEE, 0xEF, 0xF1, 0xF4, 0xF5, 0xF8, 0xFB, 0xFD, 0x7E, 0x7C,
    0x7A, 0x78, 0x76, 0x74, 0x73, 0x72, 0x71, 0x6F, 0x6F, 0x6F, 0x6E, 0x6E, 0x6E, 0x6E, 0x6E, 0x6E,
    0x6D, 0x6D, 0x6E, 0x6E, 0x6E, 0x6E, 0x6F, 0x6F, 0x6F, 0x6F, 0x70, 0x71, 0x73, 0x74, 0x75, 0x76,
    0x77, 0x78, 0x79, 0x7A, 0x7C, 0x7E, 0xFF, 0xFE, 0xFC, 0xFB, 0xF9, 0xF7, 0xF6, 0xF6, 0xF5, 0xF4,
    0xF3, 0xF3, 0xF1, 0xF1, 0xF1, 0xF1, 0xF2, 0xF1, 0xF2, 0xF2, 0xF2, 0xF3, 0xF4, 0xF5, 0xF6, 0xF6,
    0xF7, 0xF8, 0xFA, 0xFA, 0xFB, 0xFC, 0xFD, 0xFE, 0xFF, 0x7E, 0x7E, 0x7D, 0x7D, 0x7D, 0x7C, 0x7C,
    0x7B, 0x7B, 0x7A, 0x7A, 0x7A, 0x7A, 0x79, 0x79, 0x79, 0x79, 0x78, 0x78, 0x77, 0x78, 0x78, 0x78,
    0x78, 0x78, 0x78, 0x78, 0x78, 0x78, 0x78, 0x79, 0x78, 0x78, 0x79, 0x79, 0x79, 0x7A, 0x7A, 0x7A,
    0x7A, 0x7B, 0x7B, 0x7C, 0x7C, 0x7D, 0x7E, 0xFF, 0xFE, 0xFE, 0xFE, 0xFD, 0xFD, 0xFC, 0xFC, 0xFC,
    0xFC, 0xFC, 0xFB, 0xFC, 0xFC, 0xFC, 0xFC, 0xFC, 0xFC, 0xFC, 0xFC, 0xFD, 0xFD, 0xFD, 0xFD, 0xFE,
    0xFE, 0xFE, 0xFE, 0xFF, 0xFF, 0xFF, 0xFF, 0xFF, 0xFF, 0xFF, 0x7E, 0x7E, 0x7E, 0x7D, 0x7D, 0x7D,
    0x7D, 0x7D, 0x7D, 0x7C, 0x7C, 0x7C, 0x7C, 0x7C, 0x7C, 0x7B, 0x7B, 0x7C, 0x7C, 0x7B, 0x7C, 0x7C,
    0x7C, 0x7C, 0x7C, 0x7D, 0x7D, 0x7D, 0x7E, 0x7E, 0x7E, 0x7E, 0xFF, 0xFF, 0xFE, 0xFE, 0xFD, 0xFD,
    0xFC, 0xFC, 0xFC, 0xFC, 0xFB, 0xFB, 0xFB, 0xFA, 0xFA, 0xFA, 0xFA, 0xFA, 0xFA, 0xFA, 0xFA, 0xFA,
    0xFA, 0xFA, 0xFB, 0xFB, 0xFB, 0xFB, 0xFB, 0xFC, 0xFC, 0xFC, 0xFC, 0xFC, 0xFD, 0xFD, 0xFD, 0xFD,
    0xFD, 0xFD, 0xFE, 0xFD, 0xFE, 0xFE, 0xFE, 0xFE, 0xFE, 0xFE, 0xFE, 0xFE, 0xFD, 0xFE, 0xFD, 0xFE,
    0xFE, 0xFE, 0xFE, 0xFE, 0xFE, 0xFE, 0xFE, 0xFE, 0xFE, 0xFE, 0xFE, 0xFE, 0xFF, 0xFE, 0xFF, 0xFF,
    0xFF, 0xFF, 0xFF, 0xFF, 0xFF, 0xFF, 0xFF, 0xFF, 0xFF, 0xFF, 0xFE, 0xFF, 0xFE, 0xFE, 0xFE, 0xFE,
    0xFE, 0xFE, 0xFE, 0xFE, 0xFE, 0xFE, 0xFE, 0xFE, 0xFD, 0xFD, 0xFE, 0xFE, 0xFE, 0xFE, 0xFE, 0xFE,
    0xFE, 0xFE, 0xFE, 0xFE, 0xFE, 0xFE, 0xFE, 0xFF, 0xFF, 0xFF, 0xFF, 0xFF, 0xFF, 0xFF, 0xFF, 0x7E,
    0x7E, 0x7E, 0x7E, 0x7E, 0x7E, 0xFF, 0x7E, 0x7E, 0xFF, 0xFF, 0xFF, 0xFF, 0xFF, 0xFF, 0xFF, 0xFF,
    0xFF, 0xFF, 0xFF, 0xFF, 0xFF, 0xFF, 0xFF, 0xFF, 0xFF, 0xFE, 0xFF, 0xFF, 0xFE, 0xFE, 0xFE, 0xFF,
    0xFF, 0xFE, 0xFE, 0xFE, 0xFE, 0xFE, 0xFE, 0xFE, 0xFF, 0xFF, 0xFE, 0xFF, 0xFE, 0xFF, 0xFF, 0xFF,
    0xFF, 0xFF, 0xFF, 0xFF, 0xFF, 0xFF, 0xFF, 0xFF, 0xFF, 0xFF, 0xFF, 0xFF, 0xFF, 0xFF, 0xFF, 0xFF,
    0xFF, 0xFF, 0xFF, 0xFF, 0xFF, 0xFF, 0xFF, 0x7E, 0xFF, 0xFF, 0xFF, 0xFF, 0xFF, 0xFF, 0xFF, 0xFF,
    0x7E, 0xFF, 0xFF, 0xFF, 0xFF, 0xFF, 0xFF, 0xFF, 0xFE, 0xFE, 0xFE, 0xFE, 0xFE, 0xFE, 0xFE, 0xFE,
    0xFE, 0xFE, 0xFE, 0xFE, 0xFE, 0xFE, 0xFE, 0xFE, 0xFE, 0xFE, 0xFE, 0xFE, 0xFE, 0xFE, 0xFE, 0xFE,
    0xFE, 0xFE, 0xFE, 0xFE, 0xFE, 0xFE, 0xFE, 0xFE, 0xFE, 0xFF, 0xFF, 0xFF, 0xFF, 0xFF, 0xFF, 0xFF,
    0xFF, 0xFF, 0xFF, 0x7E, 0x7E, 0x7E, 0x7E, 0x7E, 0x7E, 0x7E, 0x7E, 0x7E, 0x7E, 0x7E, 0x7D, 0x7D,
    0x7D, 0x7D, 0x7D, 0x7D, 0x7E, 0x7D, 0x7D, 0x7D, 0x7E, 0x7E, 0x7E, 0x7E, 0x7E, 0x7E, 0x7E, 0x7E,
    0x7E, 0x7E, 0x7E, 0x7E, 0x7E, 0x7E, 0x7E, 0x7E, 0x7E, 0x7E, 0x7E, 0x7E, 0x7E, 0x7E, 0x7E, 0x7E,
    0x7E, 0x7E, 0x7E, 0x7E, 0x7E, 0x7E, 0x7E, 0x7E, 0x7E, 0x7E, 0x7E, 0x7E, 0x7E, 0x7E, 0x7E, 0x7E,
    0x7E, 0x7E, 0x7E, 0x7E, 0x7E, 0x7E, 0x7E, 0x7E, 0x7E, 0x7E, 0x7E, 0x7E, 0x7E, 0x7D, 0x7D, 0x7E,
    0x7E, 0x7D, 0x7D, 0x7D, 0x7E, 0x7D, 0x7D, 0x7D, 0x7D, 0x7D, 0x7D, 0x7D, 0x7D, 0x7D, 0x7D, 0x7E,
    0x7E, 0x7E, 0x7E, 0x7E, 0x7E, 0x7E, 0x7E, 0x7E, 0x7E, 0x7E, 0x7E, 0x7E, 0x7E, 0x7E, 0x7E, 0x7E,
    0x7E, 0x7E, 0x7E, 0x7E, 0x7E, 0x7E, 0x7E, 0x7E, 0x7E, 0xFF, 0xFF, 0xFF, 0xFF, 0x7E, 0xFF, 0xFF,
    0xFF, 0xFF, 0xFF, 0xFF, 0xFF, 0xFF, 0xFF, 0xFF, 0xFF, 0xFF, 0xFF, 0xFF, 0xFF, 0xFF, 0xFF, 0xFF,
    0xFF, 0xFF, 0xFF, 0xFF, 0xFF, 0xFF, 0xFF, 0xFF, 0xFF, 0xFF, 0xFF, 0xFF, 0xFF, 0xFF, 0xFF, 0xFF,
    0xFF, 0xFF, 0xFF, 0xFF, 0xFF, 0xFF, 0xFF, 0xFF, 0xFF, 0xFF, 0xFF, 0xFE, 0xFE, 0xFE, 0xFE, 0xFE,
    0xFE, 0xFE, 0xFE, 0xFE, 0xFE, 0xFE, 0xFE, 0xFE, 0xFE, 0xFE, 0xFE, 0xFD, 0xFE, 0xFE, 0xFE, 0xFE,
    0xFD, 0xFD, 0xFD, 0xFD, 0xFD, 0xFD, 0xFD, 0xFD, 0xFE, 0xFD, 0xFD, 0xFD, 0xFD, 0xFD, 0xFD, 0xFD,
    0xFE, 0xFD, 0xFD, 0xFD, 0xFD, 0xFD, 0xFD, 0xFD, 0xFD, 0xFE, 0xFD, 0xFD, 0xFD, 0xFD, 0xFD, 0xFD,
    0xFD, 0xFD, 0xFE, 0xFE, 0xFD, 0xFD, 0xFD, 0xFD, 0xFE, 0xFE, 0xFE, 0xFE, 0xFE, 0xFE, 0xFE, 0xFE,
    0xFE, 0xFE, 0xFE, 0xFF, 0xFF, 0xFF, 0xFE, 0xFF, 0xFF, 0xFF, 0xFF, 0xFF, 0xFF, 0xFF, 0xFF, 0xFF,
    0xFF, 0xFF, 0xFF, 0xFF, 0xFF, 0xFF, 0xFE, 0xFF, 0xFF, 0xFF, 0xFF, 0xFF, 0xFF, 0xFF, 0xFF, 0xFF,
    0xFF, 0xFE, 0xFF, 0xFE, 0xFE, 0xFE, 0xFE, 0xFE, 0xFE, 0xFE, 0xFE, 0xFE, 0xFE, 0xFF, 0xFF, 0xFE,
    0xFE, 0xFE, 0xFF, 0xFF, 0xFF, 0xFF, 0xFF, 0xFF, 0xFF, 0xFF, 0xFE, 0xFF, 0xFF, 0xFF, 0xFF, 0xFF,
    0xFF, 0xFF, 0xFF, 0xFF, 0xFF, 0xFF, 0xFF, 0xFF, 0xFF, 0x7E, 0xFF, 0xFF, 0xFF, 0xFF, 0xFF, 0x7E,
    0x7E, 0x7E, 0x7E, 0x7E, 0x7E, 0x7E, 0x7E, 0x7E, 0x7E, 0x7E, 0x7E, 0x7E, 0x7E, 0x7E, 0xFF, 0xFF,
    0x7E, 0x7E, 0x7E, 0x7E, 0x7E, 0x7E, 0x7E, 0x7D, 0x7E, 0x7E, 0x7E, 0x7E, 0x7E, 0x7E, 0x7E, 0x7E,
    0x7E, 0x7E, 0x7E, 0x7E, 0x7E, 0x7E, 0x7E, 0x7E, 0x7E, 0x7E, 0x7E, 0xFF, 0x7E, 0x7E, 0x7E, 0x7E,
    0x7E, 0x7E, 0x7E, 0x7E, 0x7E, 0x7E, 0x7E, 0x7E, 0xFF, 0x7E, 0xFF, 0x7E, 0x7E, 0xFF, 0x7E, 0x7E,
    0x7E, 0x7E, 0x7E, 0x7E, 0x7D, 0x7D, 0x7E, 0x7E, 0x7E, 0x7E, 0xFF, 0x7E, 0xFF, 0x7E, 0x7E, 0x7E,
    0x7E, 0x7E, 0x7E, 0x7E, 0xFF, 0xFF, 0xFF, 0xFF, 0x7E, 0xFF, 0x7E, 0x7E, 0x7E, 0x7E, 0x7E, 0x7E,
    0x7E, 0x7E, 0xFF, 0x7E, 0x7E, 0x7E, 0x7E, 0x7E, 0x7E, 0x7E, 0x7E, 0x7E, 0x7E, 0x7E, 0x7E, 0x7E,
    0x7D, 0x7E, 0xFF, 0xFF, 0x7E, 0x7E, 0x7E, 0xFF, 0xFF, 0xFE, 0xFF, 0xFD, 0xFC, 0xFD, 0xFD, 0xFD,
    0xFF, 0x7E, 0x7C, 0x7C, 0x7E, 0xFE, 0xFC, 0xFB, 0xFA, 0xFA, 0xFB, 0xFF, 0x7E, 0x7C, 0x7D, 0x7C,
    0x7D, 0x7C, 0xFE, 0xFC, 0xFC, 0xFC, 0xFE, 0xFE, 0x7E, 0x7E, 0x7D, 0x7C, 0x7C, 0x7D, 0x7B, 0x7A,
    0x7D, 0x7E, 0x7E, 0x7A, 0x79, 0x7C, 0x7C, 0x7D, 0x7C, 0xFF, 0x7C, 0x7A, 0x75, 0x7B, 0x7E, 0x7D,
    0x7D, 0x7B, 0x7E, 0x7E, 0x7D, 0x7E, 0x7A, 0x7D, 0x7E, 0xFF, 0xFF, 0xFC, 0xFB, 0xFB, 0xFD, 0xFF,
    0x7D, 0x7D, 0x7B, 0x7D, 0x79, 0x76, 0x77, 0x7C, 0xFE, 0x7E, 0x7A, 0x77, 0x7A, 0x78, 0xFE, 0xFE,
    0xFE, 0x7E, 0xFE, 0xFD, 0xFC, 0xFE, 0xFA, 0xFD, 0xFC, 0xF9, 0xF3, 0xF9, 0x72, 0x72, 0xF6, 0xEA,
    0xEC, 0xF6, 0xF7, 0xFE, 0x76, 0xF7, 0xEA, 0xE6, 0xF9, 0xEE, 0xE6, 0xF0, 0xF5, 0xDA, 0xD7, 0x6B,
    0x5C, 0xD7, 0xCC, 0x6E, 0x44, 0x56, 0xCF, 0xCA, 0xCE, 0xDB, 0xCC, 0xCA, 0xE5, 0x65, 0x76, 0xE4,
    0xDE, 0x5E, 0x50, 0x69, 0xFE, 0x63, 0x6C, 0xED, 0xEE, 0x6B, 0xE4, 0xDE, 0xEE, 0x6E, 0x69, 0x6C,
    0xE5, 0xD4, 0xE9, 0xE3, 0xE8, 0xEF, 0xF2, 0x60, 0xE9, 0xDE, 0x75, 0x6C, 0x5F, 0xE9, 0x4E, 0x56,
    0x61, 0xD2, 0x5C, 0x5E, 0x4E, 0x4B, 0x4E, 0x56, 0x68, 0x4F, 0x6D, 0xD9, 0xDF, 0x7B, 0xFF, 0xE6,
    0xED, 0xD5, 0xD2, 0x5C, 0xCC, 0x5A, 0xF5, 0x68, 0xCD, 0xCC, 0x68, 0xDC, 0xE6, 0xD6, 0x3C, 0x5F,
    0xE3, 0xD9, 0x44, 0x42, 0xD7, 0x53, 0x69, 0x3C, 0xDF, 0xDD, 0x4E, 0x45, 0xCF, 0x59, 0x5B, 0x59,
    0x4A, 0xF6, 0x66, 0x7C, 0xEB, 0x4E, 0x6E, 0x55, 0xF5, 0x59, 0xD3, 0xEE, 0xE9, 0xFB, 0xFA, 0x4F,
    0xDA, 0x4D, 0xCB, 0x57, 0xDC, 0xD4, 0xDF, 0x4A, 0x7A, 0xCC, 0xDD, 0x4C, 0x57, 0xBE, 0x52, 0x47,
    0x56, 0xDB, 0x68, 0x48, 0xCE, 0xCE, 0x3F, 0x62, 0xEB, 0xD3, 0x4D, 0x57, 0xC7, 0xE3, 0x7A, 0xFB,
    0xD5, 0xDB, 0x4C, 0xC6, 0x71, 0xD9, 0x54, 0xD7, 0xE7, 0x57, 0x5D, 0xED, 0xC7, 0x50, 0xDF, 0xCE,
    0x4F, 0xD6, 0x46, 0xED, 0xD6, 0x5B, 0x7E, 0x60, 0xEC, 0xE5, 0x68, 0x70, 0xD5, 0x7A, 0xE2, 0x58,
    0xC9, 0xE0, 0x4E, 0xE0, 0xD1, 0xDB, 0x58, 0x5A, 0xCC, 0x7B, 0x6B, 0x67, 0xE9, 0xEB, 0xDF, 0x60,
    0x4C, 0xCD, 0x5B, 0x4C, 0xD9, 0xCF, 0x55, 0x61, 0xE6, 0xD6, 0x4C, 0x6E, 0xD5, 0xDF, 0x67, 0x5B,
    0xCF, 0xF0, 0x70, 0x59, 0xDB, 0xC6, 0x56, 0x67, 0xF3, 0xCD, 0x5A, 0x50, 0xEF, 0xC3, 0x54, 0x5A,
    0xEA, 0xD4, 0x54, 0xEB, 0x71, 0xDB, 0x62, 0x72, 0xDF, 0x6C, 0x6A, 0x62, 0xD8, 0xD6, 0xDB, 0x57,
    0xDD, 0x6C, 0xD9, 0x74, 0x78, 0xF0, 0xD6, 0xD3, 0x7A, 0x58, 0xDB, 0xCE, 0x57, 0x6F, 0xE6, 0xCC,
    0x78, 0x4F, 0x6C, 0xC6, 0x61, 0x4C, 0xCE, 0xC9, 0x61, 0xF6, 0x4F, 0xCC, 0x66, 0x7A, 0x50, 0xCB,
    0x67, 0x5E, 0x59, 0xDC, 0xDE, 0x44, 0xE2, 0xCC, 0xCB, 0x49, 0x66, 0xDD, 0xF9, 0x4F, 0xDD, 0xD7,
    0x54, 0x5F, 0xDE, 0x78, 0x58, 0x4C, 0xD7, 0xCD, 0x68, 0xFA, 0xDD, 0xEE, 0x49, 0xDD, 0xE1, 0xC9,
    0x49, 0x7B, 0x75, 0xDC, 0x57, 0x51, 0xD7, 0x60, 0x5E, 0xD9, 0x6D, 0x66, 0x4F, 0xE0, 0x63, 0xE9,
    0xFB, 0x6F, 0x63, 0x5C, 0x7A, 0x6D, 0x78, 0xEA, 0xE0, 0x67, 0x55, 0x70, 0xD2, 0x60, 0x59, 0xF3,
    0xCE, 0xD9, 0x49, 0x56, 0xCE, 0xD3, 0x60, 0x68, 0xDA, 0xD8, 0x4D, 0x52, 0xE0, 0xCD, 0xFC, 0x5C,
    0xEE, 0xCE, 0x55, 0x4A, 0xF6, 0xC5, 0xE3, 0x48, 0x68, 0xCC, 0x61, 0x47, 0xED, 0xC7, 0xDD, 0x51,
    0x69, 0xCC, 0x6D, 0x46, 0x55, 0xBF, 0xCB, 0x4F, 0x51, 0xD2, 0xE2, 0x49, 0x50, 0xC5, 0xCF, 0x7C,
    0x55, 0x5D, 0xF4, 0x67, 0x62, 0xF7, 0xD6, 0xCE, 0x5B, 0x57, 0x6B, 0x50, 0x6D, 0xEC, 0xC7, 0x6E,
    0x6E, 0x56, 0xEA, 0xF2, 0x57, 0x5B, 0xCF, 0xC7, 0xEA, 0x4A, 0x5A, 0xE7, 0x5D, 0xED, 0xD7, 0xCD,
    0x70, 0x4F, 0x54, 0xDF, 0xE1, 0xE4, 0x62, 0xD1, 0xD8, 0x5C, 0x47, 0xE6, 0xE1, 0xCF, 0x4F, 0xF8,
    0xDD, 0x5B, 0x5E, 0xFB, 0xCE, 0x75, 0x5E, 0xEC, 0xD9, 0x57, 0x4F, 0xDE, 0xD0, 0x6C, 0x7B, 0x5B,
    0x6E, 0xE9, 0xF1, 0x70, 0xEB, 0xE5, 0x71, 0x56, 0x67, 0xE7, 0xDA, 0x69, 0xED, 0x61, 0xE7, 0x73,
    0xFF, 0x6B, 0x6C, 0xD6, 0xE4, 0x74, 0x6D, 0xFF, 0x5E, 0x59, 0xD7, 0xEB, 0x7A, 0x5A, 0xFC, 0x69,
    0xDE, 0x5B, 0x5D, 0x55, 0xCD, 0xD5, 0xDA, 0x4A, 0x5F, 0xEA, 0xDA, 0x55, 0x62, 0xF4, 0xD7, 0x7A,
    0xEC, 0x7E, 0x55, 0x5F, 0xF1, 0xDD, 0xE8, 0x6B, 0xE7, 0xED, 0x67, 0x65, 0x5E, 0x5A, 0x5F, 0xC5,
    0xD2, 0x5F, 0x51, 0x52, 0x6D, 0x6E, 0xD5, 0xD1, 0x6D, 0x64, 0xFD, 0x77, 0x67, 0x52, 0xEC, 0xDA,
    0xE1, 0x63, 0xEE, 0x6B, 0x52, 0x54, 0xD0, 0xDA, 0xF2, 0x59, 0xE2, 0xDA, 0x6F, 0x4E, 0x6F, 0xE7,
    0xD6, 0xED, 0xE3, 0xF5, 0x56, 0x50, 0x5A, 0xD2, 0xD5, 0x7A, 0x5B, 0xF8, 0xE4, 0xFA, 0x4E, 0x5A,
    0xE9, 0xD2, 0xD8, 0xDD, 0x65, 0x4C, 0x5E, 0xD9, 0xCE, 0xE6, 0x70, 0xF3, 0xDF, 0x7B, 0x5A, 0x6D,
    0xF2, 0xE5, 0xD0, 0xE3, 0x60, 0x4C, 0x50, 0x7B, 0xD3, 0xCE, 0x63, 0x68, 0x73, 0x64, 0x56, 0x60,
    0xEB, 0xD8, 0xDE, 0xDE, 0xEF, 0x6C, 0x4C, 0x51, 0xD2, 0xC3, 0xD3, 0xFE, 0x74, 0x6C, 0x5B, 0x54,
    0xE3, 0xD2, 0xD2, 0xE2, 0xE2, 0x68, 0x4E, 0x49, 0x5F, 0xD4, 0xCF, 0x7C, 0x6C, 0x6B, 0x61, 0x4C,
    0x52, 0xDF, 0xCF, 0xD7, 0x79, 0xE6, 0x6F, 0x5A, 0x5C, 0xE3, 0xD9, 0xE1, 0xEA, 0xEF, 0xE0, 0x5D,
    0x59, 0x75, 0xD6, 0xD3, 0x69, 0x65, 0x72, 0xE9, 0x5C, 0x65, 0xEF, 0xD8, 0xF2, 0x65, 0x60, 0x61,
    0x71, 0x7A, 0xE7, 0xE0, 0xD5, 0x68, 0x59, 0x61, 0x6E, 0xF4, 0x7A, 0xE5, 0xDB, 0xEB, 0x5C, 0x55,
    0x65, 0xE5, 0xDC, 0xE5, 0xE7, 0x6E, 0x6D, 0x57, 0x73, 0xDF, 0xD8, 0xDF, 0xED, 0x71, 0xFC, 0x59,
    0x5F, 0xEE, 0xD4, 0xD4, 0xE3, 0x5D, 0x51, 0x4F, 0x60, 0xF0, 0xD4, 0xD8, 0xF2, 0x5F, 0x55, 0x5A,
    0x5A, 0xF9, 0xD5, 0xCD, 0xDC, 0x5E, 0x56, 0x51, 0x78, 0xD9, 0xCE, 0xD1, 0xE1, 0x64, 0x54, 0x5D,
    0xFD, 0xFD, 0xE7, 0xDB, 0xDD, 0xEE, 0x50, 0x49, 0x59, 0xED, 0xDB, 0xDE, 0xE8, 0x6F, 0x5A, 0x61,
    0x60, 0x60, 0x7D, 0xE0, 0xD7, 0xD9, 0x72, 0x5B, 0x52, 0x67, 0xE3, 0xDF, 0xE9, 0xE8, 0xE2, 0xE7,
    0x6C, 0x5A, 0x5A, 0x6B, 0xEC, 0xD6, 0xD9, 0xE5, 0x6A, 0x59, 0x59, 0x5E, 0x6B, 0xE0, 0xDC, 0xDC,
    0xEC, 0x60, 0x58, 0x5C, 0x7A, 0xEF, 0xEC, 0xDE, 0xDE, 0xF4, 0x5D, 0x55, 0x5B, 0x72, 0xFB, 0xE0,
    0xD6, 0xE4, 0x6F, 0x5C, 0x5C, 0x6A, 0x68, 0xEC, 0xD8, 0xD7, 0xDE, 0x64, 0x56, 0x59, 0x6A, 0xF3,
    0xDD, 0xD5, 0xDC, 0xEC, 0x6A, 0x5E, 0x58, 0x68, 0xE9, 0xD4, 0xDA, 0xE9, 0x61, 0x59, 0x5F, 0x6F,
    0xF4, 0xE9, 0xEB, 0xE7, 0xE6, 0x6C, 0x59, 0x5C, 0x71, 0xDE, 0xDA, 0xDE, 0xF5, 0x61, 0x62, 0x6C,
    0xFB, 0xEA, 0xE7, 0xFB, 0xF8, 0xE8, 0xEC, 0x67, 0x5E, 0xEF, 0xDC, 0xE4, 0x73, 0x60, 0x6B, 0x7D,
    0xF1, 0xEC, 0x75, 0x6C, 0x6A, 0xFE, 0xFC, 0x7B, 0x6F, 0xFF, 0xE9, 0xDB, 0xDE, 0x69, 0x5A, 0x5A,
    0x72, 0xF1, 0xDE, 0xE1, 0xEF, 0x7B, 0x5C, 0x58, 0x69, 0xED, 0xDA, 0xDC, 0xE6, 0x6F, 0x57, 0x58,
    0x6D, 0xE3, 0xDF, 0xDC, 0xDD, 0xFD, 0x5A, 0x59, 0x74, 0xDF, 0xDC, 0xDE, 0xDF, 0xEC, 0x5D, 0x56,
    0x69, 0xDF, 0xDB, 0xEC, 0xF5, 0x7B, 0x61, 0x57, 0x5E, 0xF4, 0xDA, 0xE1, 0x7D, 0x6E, 0x63, 0x5E,
    0x5B, 0xFE, 0xDC, 0xDA, 0xF6, 0x74, 0x66, 0x6C, 0x6A, 0x7E, 0xDE, 0xDC, 0xE3, 0xF3, 0x6C, 0x64,
    0x63, 0x65, 0xE6, 0xD7, 0xDC, 0xF4, 0x64, 0x5E, 0x61, 0x7C, 0xDD, 0xE1, 0xF7, 0x6D, 0x6D, 0x6B,
    0x72, 0x69, 0xF4, 0xE0, 0xDE, 0xF4, 0x62, 0x5D, 0x7B, 0xEA, 0xDB, 0xE3, 0xFB, 0x6F, 0x6B, 0xFB,
    0xEB, 0xEE, 0xF0, 0xF1, 0xF7, 0xF4, 0xFD, 0x69, 0x6D, 0xFA, 0xE6, 0xE4, 0x70, 0x68, 0x63, 0x6F,
    0x6E, 0x6C, 0x6D, 0x76, 0xFE, 0xF4, 0xFE, 0x69, 0x63, 0x6D, 0xFF, 0xE2, 0xDD, 0xE9, 0x79, 0x72,
    0xF7, 0xFA, 0xF7, 0xF0, 0xE6, 0xE3, 0xE6, 0xFA, 0x63, 0x67, 0xFE, 0xEF, 0xED, 0xF7, 0xFE, 0x76,
    0x67, 0x63, 0x68, 0x71, 0x78, 0xFE, 0xEF, 0xF2, 0x76, 0x6B, 0x69, 0x6E, 0x75, 0xF8, 0xED, 0xE9,
    0xEF, 0x77, 0x76, 0xFB, 0xF0, 0x7A, 0x71, 0xF8, 0xEF, 0xEE, 0x7B, 0x66, 0x67, 0x6F, 0xFB, 0xF0,
    0xF7, 0x73, 0x68, 0x69, 0x6D, 0x6E, 0x71, 0xFE, 0xEE, 0xED, 0x75, 0x64, 0x67, 0x6F, 0xF8, 0xE4,
    0xE4, 0xEC, 0x6A, 0x61, 0x6E, 0xF0, 0xE5, 0xEE, 0xF6, 0xEF, 0xEF, 0x77, 0x6C, 0x6F, 0xFB, 0xF4,
    0xF9, 0x7D, 0x7D, 0x72, 0x6F, 0x6F, 0x7B, 0xF8, 0x79, 0x6F, 0x7C, 0xEF, 0xF3, 0x6F, 0x66, 0x6D,
    0xFE, 0xFC, 0xF7, 0xED, 0xF5, 0x72, 0x75, 0xFB, 0xFC, 0x79, 0xFB, 0xE7, 0xE1, 0xEA, 0x76, 0x64,
    0x63, 0x6F, 0xEF, 0xE5, 0xE7, 0xF3, 0x6D, 0x64, 0x67, 0x74, 0xF6, 0xEE, 0xEE, 0xEF, 0xFC, 0x6C,
    0x62, 0x65, 0xFF, 0xEE, 0xEF, 0x7B, 0x6D, 0x6E, 0x6F, 0x72, 0xFF, 0xEF, 0xEF, 0xF7, 0xFA, 0xF3,
    0x7D, 0x73, 0x7C, 0xED, 0xE6, 0xE9, 0xF5, 0x7B, 0x74, 0x75, 0xFC, 0xF3, 0xEF, 0xF7, 0x7B, 0x79,
};
